condition_id,image,patient_id,risk_flag,prob_infiltration,original_height,original_width,cnn_checkpoint_hash,heatmap_hash,overlay_hash,seconds,pointing_hit,peak_x,peak_y,empty_heatmap,energy_inside,iou_0.3,iou_0.5
baseline,00000032_037.png,32,mixed_low_risk,0.5589296817779541,1024,1024,87037bcab7e645687473261f6dc55c67680c7c70f7f2b5c4f939ec0d7e9aebe7,d0a90372a3e426fe3b387874d9c657d3f9b97f7f1c1ffc3b8076faffd14a96a0,ad9a13cfa4a0dc17d4b2584a2067777b37c95c8f374876f562c96cc8cb5ac51f,2.883560490000036,0,804,219,False,0.0846773013472557,0.0898666239436055,0.0036717474368219
baseline,00000211_016.png,211,mixed_low_risk,0.6377807855606079,1024,1024,87037bcab7e645687473261f6dc55c67680c7c70f7f2b5c4f939ec0d7e9aebe7,e4103f024d3aff1116972744641ae796527b0737d1938cc8c71a9df9528dd3cd,cbe8e7221362c0a2f57b39cdfd8e67eef030170173db06afce3657760bd86484,0.33454412399999,0,951,512,False,0.0748630836606025,0.0184162853193444,0.0
baseline,00000468_041.png,468,pure,0.6412789821624756,1024,1024,87037bcab7e645687473261f6dc55c67680c7c70f7f2b5c4f939ec0d7e9aebe7,9d98dd69318b1caa1e4c976db9f907f095d5b5ad0a736750f66b71e2af3e9532,c8d738f2e58d975839c4d5585ae79c77e936d08c8a85e526669af3943d9cfd34,0.3413201230000595,0,658,219,False,0.0112512782216072,0.0,0.0
baseline,00001039_005.png,1039,mixed_low_risk,0.5154691338539124,1024,1024,87037bcab7e645687473261f6dc55c67680c7c70f7f2b5c4f939ec0d7e9aebe7,3915d76c275fb7d8c73ce48ccff766d3bc5cadb1a2bd3bea73bc29d46dbed4be,7392aca98b49de70207eb2f825b14a959692319b010e7170a571de1a8180a698,0.3306544949999761,1,658,511,False,0.1667153090238571,0.1829619511552893,0.2067708848652749
baseline,00001900_026.png,1900,mixed_high_risk,0.6432957649230957,1024,1024,87037bcab7e645687473261f6dc55c67680c7c70f7f2b5c4f939ec0d7e9aebe7,bb9f16f181259058131cb074410978ca4e47a8d3eccc3c5c68865a69075dd52e,88ba0d3a998292f171ffd34374d69c417f329ea80c8d2b2e8cc22261e30bc58e,0.379164510999999,1,658,512,False,0.1764136701822281,0.2155330666039068,0.2486216717619085
baseline,00002224_007.png,2224,pure,0.5686764717102051,1024,1024,87037bcab7e645687473261f6dc55c67680c7c70f7f2b5c4f939ec0d7e9aebe7,d65df8330855435a54fbd397ea079af36e55b86d94c8a6d5818bd4bcf3968637,10d649aff2e98d17bbb62335326e2b57c89c1e730c5bcd90026257af96ae126f,0.4685085449999633,0,951,0,False,0.0097601013258099,0.0,0.0
baseline,00003149_007.png,3149,mixed_high_risk,0.6776553988456726,1024,1024,87037bcab7e645687473261f6dc55c67680c7c70f7f2b5c4f939ec0d7e9aebe7,7ca98abe852297dada88ea87b2dc33939073a5dfc8c8f2ea149299a0e0b8479d,b162d5658dc055361714d191240887505ee5ccc96bc82a8c07fc8377c7017ab3,0.4861840180000172,1,658,511,False,0.2387636303901672,0.4874604793035789,0.3763068126890304
baseline,00003333_002.png,3333,mixed_low_risk,0.423056423664093,1024,1024,87037bcab7e645687473261f6dc55c67680c7c70f7f2b5c4f939ec0d7e9aebe7,61e86647df025fa5705ac947d7d583841549c11ea087f3394b386a97052edbc1,3bc5e9f0d5de0a4259c5105f488f3bf2f758dfb0bc0b3fe0a64d8eff6d89c145,0.4278365579999672,0,219,365,False,0.0572185143828392,0.0245044466605647,0.0024024698888657
baseline,00003973_008.png,3973,mixed_low_risk,0.5977074503898621,1024,1024,87037bcab7e645687473261f6dc55c67680c7c70f7f2b5c4f939ec0d7e9aebe7,cb30ded26428c50c5ca5f7ca30bafcab475b10ab1f78110b6959255dca3b148c,0b981c864c4b52d207b88e7429ee86cfbddd5c33fa41982f3e2a85211b64445b,0.4680968290000464,0,365,365,False,0.0198809131979942,0.0,0.0
baseline,00005066_030.png,5066,mixed_high_risk,0.6537435054779053,1024,1024,87037bcab7e645687473261f6dc55c67680c7c70f7f2b5c4f939ec0d7e9aebe7,137ea3fadbdc665007dc6aa467c69be7b86f3af737898c5b196b7a016b59ebd0,f520c0c0277d69676f47c1f8ef384323bc69a718f93455dba2248d8df7b39095,0.5804415339999878,0,804,365,False,0.0389388352632522,0.0,0.0
baseline,00006096_010.png,6096,mixed_high_risk,0.5401281118392944,1024,1024,87037bcab7e645687473261f6dc55c67680c7c70f7f2b5c4f939ec0d7e9aebe7,5151b0648d3325231d8f702fae6d42d5728616f9a23460524c422d576065f85a,5f7bd1d6f3a3d4485a015f70ef5f17efca7b3ddad34355f10ff73163a2a3b1ad,0.4418941960000211,0,365,511,False,0.1173273548483848,0.1929556495847046,0.0963999910336015
baseline,00006304_060.png,6304,mixed_high_risk,0.5420065522193909,1024,1024,87037bcab7e645687473261f6dc55c67680c7c70f7f2b5c4f939ec0d7e9aebe7,6d8ac2a450aa16a7c8d7e0a2681b1e1bb324a4295f0c9e2e244e6349cb83a9e9,42074a2adcb6ec14704fc4559c6fd008f21c80a129b965d77781edeb630ba816,0.4580236040000045,0,219,658,False,0.0753190442919731,0.0002155236481464,0.0
baseline,00006836_002.png,6836,mixed_high_risk,0.6225569844245911,1024,1024,87037bcab7e645687473261f6dc55c67680c7c70f7f2b5c4f939ec0d7e9aebe7,78d12e4096499f46158b7e5d835a3035377934b1b648aa65031a65aa7529532a,4938f2817e284c7978810da42da82ff768adeed0febf2b095140d81b665aa45e,0.508318284999973,1,658,512,False,0.2228749990463256,0.2162793348859176,0.274218878699687
baseline,00007124_006.png,7124,mixed_high_risk,0.5846056342124939,1024,1024,87037bcab7e645687473261f6dc55c67680c7c70f7f2b5c4f939ec0d7e9aebe7,d3f5410b0d83301b8f29f956fb59a4a7e496ef3d6291d2c6b547835a429422dc,7af6f33a9f6a4bce09894991b86a247de432af70a60e4c91a4fe520e1d921b5e,0.3393685030000597,1,658,365,False,0.2702183425426483,0.241548999083561,0.1634329799821312
baseline,00008814_010.png,8814,mixed_high_risk,0.637856662273407,1024,1024,87037bcab7e645687473261f6dc55c67680c7c70f7f2b5c4f939ec0d7e9aebe7,6d19780b4111eeaf39d722a647605b027b052092e1316252c6db787abefb0cad,9bff0453c3597e3752d8e3999ca3e87a8482a502ba9df384c885ebc1f22acd80,0.3572406849999652,0,365,512,False,0.1248780265450477,0.2120619769874477,0.1447480006440878
baseline,00009431_004.png,9431,mixed_high_risk,0.5371565222740173,1024,1024,87037bcab7e645687473261f6dc55c67680c7c70f7f2b5c4f939ec0d7e9aebe7,0b7713089e338f44817a66af2ef85964c091f5776633efcd4183729bb6786567,eaaeee2543eff9608fc7e35395ede9de2e8894623d228f4e035fe47470864140,0.3300357230000372,0,219,657,False,0.0692050978541374,0.0063871196036801,0.0
baseline,00010092_018.png,10092,mixed_high_risk,0.6218492388725281,1024,1024,87037bcab7e645687473261f6dc55c67680c7c70f7f2b5c4f939ec0d7e9aebe7,cfaac3ab1cce03a0b36d5ea550e248b340fe4f274054abdb6b97ce6d82f3c546,c62d6e70615ed9c1ec48f7e96415edb704a092bdea790283d3d784825cdd7d7b,0.4019601200000124,0,512,365,False,0.0591277293860912,0.1077059291831283,0.0376022556295912
baseline,00010120_010.png,10120,mixed_low_risk,0.4444727003574371,1024,1024,87037bcab7e645687473261f6dc55c67680c7c70f7f2b5c4f939ec0d7e9aebe7,be61be6f07c02b46b9e456d53829b33218c814352e06c8292a622f56d78e0fa3,dfd3241e8dcc10f1f2ae96de45c075c8c3c3a26e1361d3ffa2370e0ca66b3a1a,0.3124699089999012,0,365,365,False,0.3452033102512359,0.1535454133914976,0.1131937017719936
baseline,00010230_001.png,10230,pure,0.4974179267883301,1024,1024,87037bcab7e645687473261f6dc55c67680c7c70f7f2b5c4f939ec0d7e9aebe7,5c78db98e8e3c725c5473fdea379fb7401f9c1e6746dfd4993a68512a4d2a14b,1334a2ce1ed2060fb260b8b73bcf4b567e9790276424882c53b65515fa7547da,0.2924965920000204,0,658,658,False,0.0672542229294776,0.083708116508512,0.0562041467304625
baseline,00010277_000.png,10277,mixed_high_risk,0.5657715797424316,1024,1024,87037bcab7e645687473261f6dc55c67680c7c70f7f2b5c4f939ec0d7e9aebe7,e581586c6709c8feb3add3f05c2ccfbb419fae78ed694523089880f3fe947389,c8a2e6f35653ec47ac6c02630204cb8bbe32034ef6d4561dfe7c98743c311a0b,0.3507100659999196,0,658,658,False,0.0761173963546752,0.0830810613864236,0.0771967243121931
baseline,00010805_049.png,10805,pure,0.5679935216903687,1024,1024,87037bcab7e645687473261f6dc55c67680c7c70f7f2b5c4f939ec0d7e9aebe7,5cd724cbbdb6d310957cb733706e05b14a22390259be4bbe5b553364d5b185de,bb2cbce143661183957269f4ca44e692c4ff7c809acf83f44cbbb70791227e5b,0.3315295720000222,1,511,512,False,0.4895218014717102,0.4758210183752639,0.3266097042758268
baseline,00010828_039.png,10828,mixed_high_risk,0.6380059123039246,1024,1024,87037bcab7e645687473261f6dc55c67680c7c70f7f2b5c4f939ec0d7e9aebe7,d3f3ef87312261a64dca4816b76b9f0e5ce679bf7d80c51eeed36164cd8eaeff,6d254747a94ef8b8132d0a38c8fe4bed28c7a9d426b920803598a2d2eda583b9,0.3365373760000238,0,219,219,False,0.0414420329034328,0.0,0.0
baseline,00011023_004.png,11023,mixed_low_risk,0.6149016618728638,1024,1024,87037bcab7e645687473261f6dc55c67680c7c70f7f2b5c4f939ec0d7e9aebe7,9efa08ab26c176f6085df983d179d30864c725f9a67529668b7de3bed43449a0,10ced6d25781ff19fbe73647a73e1336d9859f1813b2cf443cd2444cfd4883ab,0.5122794750000139,0,804,658,False,0.0633996576070785,0.0771123930888008,0.0120600759111377
baseline,00011124_000.png,11124,pure,0.6440806984901428,1024,1024,87037bcab7e645687473261f6dc55c67680c7c70f7f2b5c4f939ec0d7e9aebe7,f2d621fbad7d3f85288ba1bfc8fc95a699b0e531a22d22bbd743784c0ad824d4,2d930c24d9a6941bf1908e5d0fcc7ad07b36a4c42e2ae16718bed2a2b5189e9c,0.3484558930000503,0,658,658,False,0.0099314609542489,0.0,0.0
baseline,00011237_094.png,11237,mixed_high_risk,0.705389678478241,1024,1024,87037bcab7e645687473261f6dc55c67680c7c70f7f2b5c4f939ec0d7e9aebe7,a39118df5605c5156af6c1eaed125fa986a95fcea318b9df81000f63ec7d70ef,758e30373308a1465f265a0ec7ca56f740a874f1c99a3ec3f27610c05f1e6bea,0.4198911659999567,1,658,511,False,0.1775990724563598,0.2080055222325597,0.365
baseline,00011269_018.png,11269,mixed_high_risk,0.5598214864730835,1024,1024,87037bcab7e645687473261f6dc55c67680c7c70f7f2b5c4f939ec0d7e9aebe7,67077e7ad29f963e46d65f428b4de4ea56f45f967a0a715b3355cb6f5eb40a08,4c6fef31a9d28daf2c1c5039d8ba739e0d5759c1b2190afa254dee923e511921,0.340302152999925,0,365,219,False,0.012227376922965,0.0,0.0
baseline,00011366_002.png,11366,mixed_low_risk,0.5964264869689941,1024,1024,87037bcab7e645687473261f6dc55c67680c7c70f7f2b5c4f939ec0d7e9aebe7,669eea120bfc45eb4071094bc4a6c62378d3c3887e96da40206def89a79d220e,ffdaad02da2549919d91f3c6c3bb9ce652a1db61746b969261410cb34a366edc,0.3305995939999775,0,804,365,False,0.4451909363269806,0.1889222531746318,0.102476619219534
baseline,00011925_072.png,11925,mixed_high_risk,0.6495726704597473,1024,1024,87037bcab7e645687473261f6dc55c67680c7c70f7f2b5c4f939ec0d7e9aebe7,f1dce96172a65869afbd0f350ba89f29bd004b8916301d9e658a0615ce240494,4b892af53a9312e3c06feb6628fd87c46a17b076871d3eeffc701650a0583166,0.3315008379998971,0,657,365,False,0.0530583746731281,0.0246967132678167,0.0036392868493372
baseline,00012021_054.png,12021,mixed_low_risk,0.6555671095848083,1024,1024,87037bcab7e645687473261f6dc55c67680c7c70f7f2b5c4f939ec0d7e9aebe7,cf40965bc569571a13a264caaeecac33a6390d4baf05b7eb69bedbf4972b5e25,62ad3a2ba17b23e6b947027206cf958ecd5815f9f56d5a535b0272df1cd3d1d8,0.3703010739999399,0,219,657,False,0.1504290699958801,0.1667260668794744,0.0504063769928102
baseline,00012021_081.png,12021,mixed_low_risk,0.7609357833862305,1024,1024,87037bcab7e645687473261f6dc55c67680c7c70f7f2b5c4f939ec0d7e9aebe7,bbadc54fced1179586344955f42d1e2c8444c9e32c357fd435c7bdbe225819c6,5b2468c8f6945a9a70fd9f1f63f0fedb851144b76c8eca8cf7a15f9fc4c627a8,0.3334478549999176,0,511,365,False,0.0456357784569263,0.0451465612132577,7.723037821822496e-05
baseline,00012364_045.png,12364,pure,0.4468836188316345,1024,1024,87037bcab7e645687473261f6dc55c67680c7c70f7f2b5c4f939ec0d7e9aebe7,af374ca5978b294a6cbb1794cece761a300909f06dc2f3ca9e59c47c70ce3952,720fb6d04969ed7637bcf04c78985ae57f0af8e8a60ab3a0d07b59f511f6ac0b,0.280871937000029,0,511,658,False,0.0714806094765663,0.0367110405015647,0.00043021415915
baseline,00012376_010.png,12376,mixed_high_risk,0.6759326457977295,1024,1024,87037bcab7e645687473261f6dc55c67680c7c70f7f2b5c4f939ec0d7e9aebe7,72378b502f29cdc53a93b005c420ff13f2b98fda90d35e9d20f4e95a1c6fa828,9701e06c569bd9f438098669b4cc052e3857785ace4734deec6001b10bc103cf,0.3373762740000074,0,657,511,False,0.0834211334586143,0.0845048928195221,0.0495333811916726
baseline,00012505_007.png,12505,mixed_high_risk,0.6479694247245789,1024,1024,87037bcab7e645687473261f6dc55c67680c7c70f7f2b5c4f939ec0d7e9aebe7,ff06add332124813ab8f7a73cdb714d976df463535dd07f9feb716fe04bd9a60,827fca6257788284306b73d6e6ebe2f763140f6869de6c6b59b9de1d951cd8de,0.3462382370000796,0,365,365,False,0.090032011270523,0.1001007437892525,0.1188000379734818
baseline,00013106_000.png,13106,mixed_low_risk,0.5421216487884521,1024,1024,87037bcab7e645687473261f6dc55c67680c7c70f7f2b5c4f939ec0d7e9aebe7,324fe92f1735ee8b5591bf2483edd7a36afa9954a2bab951a187f25d0d27aa88,14620d7a9990f520044da7492f88e646315e77315bcdd20de9e790c77a5090e9,0.3741199140000617,0,365,511,False,0.1045142486691474,0.0403176647055197,0.0
baseline,00013310_057.png,13310,mixed_low_risk,0.6894938349723816,1024,1024,87037bcab7e645687473261f6dc55c67680c7c70f7f2b5c4f939ec0d7e9aebe7,cf7d8806182a7a98f25f12740a163432dbe56c4711b3785d4db105c160ff5ebc,5d0876fd44e84cdafbf006fcb588c0dee54ef8bc44ff6dbb5ce4b2a9082ffc64,0.3828042160000677,1,512,365,False,0.6558603048324585,0.3919324242247756,0.1452452932184641
baseline,00013391_005.png,13391,mixed_low_risk,0.5474474430084229,1024,1024,87037bcab7e645687473261f6dc55c67680c7c70f7f2b5c4f939ec0d7e9aebe7,911d75e9af56d949516483c72f7c9fad0100dff2ecb724a9f203ddbefbe77caa,f76fa5dfd0a222e17609a494182ddbc12a9be231f49a64dcc773bbcf65bae8cb,0.3353638679999449,0,658,365,False,0.0561960227787494,0.0,0.0
baseline,00013471_029.png,13471,mixed_high_risk,0.668954610824585,1024,1024,87037bcab7e645687473261f6dc55c67680c7c70f7f2b5c4f939ec0d7e9aebe7,5a80f8ca47b82560cc4b820882b00667174a23f402f43c2e59bf4ad3204d3056,045f4742329ffc546c0a880ed868571671e3f265a891f6737936cf2f31ecda25,0.3399027570000044,1,658,365,False,0.3381974399089813,0.452041620872557,0.6293579593495042
baseline,00013670_151.png,13670,mixed_low_risk,0.5966224074363708,1024,1024,87037bcab7e645687473261f6dc55c67680c7c70f7f2b5c4f939ec0d7e9aebe7,5aaf1d64ce6417d33df513f8441adcc62b544be29a0afa9b578e1ef131cccd85,64ea6238fe65ed2641b16db7fe782ab4de432705f011b8b60d02a8ebbc0068ab,0.5597770159999982,1,804,365,False,0.5654599070549011,0.4497539781362067,0.1772511141146053
baseline,00013922_021.png,13922,pure,0.6133123636245728,1024,1024,87037bcab7e645687473261f6dc55c67680c7c70f7f2b5c4f939ec0d7e9aebe7,4017807fdeb9b1e7a9f9373ebf4864f0e4972171b0e80bd6c589957ae824ef56,31c1688e63b65b784d9701ac8ab85339f085ec66ae463f7053e3419ed46a0d4f,0.3365298350000785,0,658,512,False,0.0976503565907478,0.0653831378663593,0.0105590018476496
baseline,00013922_022.png,13922,pure,0.6420079469680786,1024,1024,87037bcab7e645687473261f6dc55c67680c7c70f7f2b5c4f939ec0d7e9aebe7,fb32e7e5cd1c8b36de317fa8af5f721985da5d35ec8185d494c8e9273408d52a,95bc1fd3cad10b3a4da88c33bf6d0b53045350a4c8c52e253bb658308bf1325a,0.3491011920000346,1,658,511,False,0.2405586987733841,0.3486807065472796,0.604028072741593
baseline,00013993_083.png,13993,mixed_high_risk,0.7384958863258362,1024,1024,87037bcab7e645687473261f6dc55c67680c7c70f7f2b5c4f939ec0d7e9aebe7,d8d259881b5b75144b73861a1a21d951d8e3abb764681a3472806f5ed97a354c,1f9f07723e0bafb140de512f948abcf593fce5b7a94972d1f3d2bb195fd0a908,0.542557282999951,0,365,365,False,0.1932370662689209,0.3176015337623976,0.0708364456551986
baseline,00014203_018.png,14203,mixed_high_risk,0.612800657749176,1024,1024,87037bcab7e645687473261f6dc55c67680c7c70f7f2b5c4f939ec0d7e9aebe7,ac5efc7897bbf0b95583b1c91b837b18b8b563f1b4ce07e509e3dcc202382ddf,567b5a25657a324d81d9f01ae5e45f204e50c735c59ed70a16705ffad77b7e37,0.5207404799999722,0,804,219,False,0.0807690471410751,0.103029494853711,0.0131953452346513
baseline,00014251_029.png,14251,pure,0.5444965362548828,1024,1024,87037bcab7e645687473261f6dc55c67680c7c70f7f2b5c4f939ec0d7e9aebe7,6061cfe82a46aeb76b29bb5f7c55aaad5f78feb7b5b0a1c9191ba3c49a1221fe,a50c4775485fcf1bc7e26ac8dac8fb74770103b1e0efa1694a0f96c5ce7f9f00,0.4355440580000049,1,658,657,False,0.7789016962051392,0.2934996527669309,0.1612628274779669
baseline,00014617_003.png,14617,pure,0.4200277626514435,1024,1024,87037bcab7e645687473261f6dc55c67680c7c70f7f2b5c4f939ec0d7e9aebe7,2e18253d57427843bbbc7a6fa25acfdcf618688132e0ae5f000a3c97a5a287fb,0e3fd990606a60686852a5e80d5ed666872aa3ffde7b6050b1badbe38850cfb6,0.4769091539999408,0,658,219,False,0.0,0.0,0.0
baseline,00014738_000.png,14738,mixed_high_risk,0.5907337069511414,1024,1024,87037bcab7e645687473261f6dc55c67680c7c70f7f2b5c4f939ec0d7e9aebe7,f2ec7d5cc5ddb465ea02f0fc1950b33b5caabb0ac3d31b1a3292c5e046b6bec4,0c27a153014024dcd53cc6ea23859c4a954c271e35ccbf5165955d5e19bb2efa,0.5082505739999306,0,658,511,False,0.1930475980043411,0.1847168687087061,0.0
baseline,00015069_001.png,15069,mixed_low_risk,0.6258474588394165,1024,1024,87037bcab7e645687473261f6dc55c67680c7c70f7f2b5c4f939ec0d7e9aebe7,b5fd56e847101e19b241d6bdd42bbbacd0b204092279d414f7d53fc470fe9f06,5ddc39bee8aecc7f164a91b23dc04dbdd5114aa67227b05c9a4d466dd93eab77,0.4841736409999839,0,0,951,False,0.4016340970993042,0.1347897754865702,0.0453348082216448
baseline,00015732_020.png,15732,mixed_low_risk,0.6709392070770264,1024,1024,87037bcab7e645687473261f6dc55c67680c7c70f7f2b5c4f939ec0d7e9aebe7,dc16decb48727730fbd0fda5c46acc8e020093c1d8b9811f420802a8763acb99,a733515318d92b7fa4da4d9fbdad591f14c4678519318c26c2c4f0d6d0db215a,0.5337007840000751,1,804,511,False,0.1861197650432586,0.3357645336380517,0.6934052260472833
baseline,00015831_011.png,15831,mixed_high_risk,0.3919220864772796,1024,1024,87037bcab7e645687473261f6dc55c67680c7c70f7f2b5c4f939ec0d7e9aebe7,e0bd1081372c90a19bb77afa94443f8f97aa8f4cba51389594cfe64eaabfe56b,59d738251728915dc8aacb80092cfcd04152d6a8ccced6af59e95d1e4dd37b5b,0.3672442090000913,0,219,365,False,0.1908822655677795,0.1698734663629127,0.1511115250869349
baseline,00016094_007.png,16094,mixed_low_risk,0.3920333683490753,1024,1024,87037bcab7e645687473261f6dc55c67680c7c70f7f2b5c4f939ec0d7e9aebe7,a126881ce406c8c86c4ba833abbaafc67b44ed922da0d4fdf41b3c5a4cf89c4c,d68ac659dc4abce2f88a73dfe10a9f5e77e60cae0e9addca5db7c1734be56d72,0.4102456069999789,0,219,658,False,0.0232463236898183,0.0217343152998504,0.0122425513206398
baseline,00016191_004.png,16191,mixed_high_risk,0.5357648730278015,1024,1024,87037bcab7e645687473261f6dc55c67680c7c70f7f2b5c4f939ec0d7e9aebe7,b1a8db84c352b8066138793bd0e56e28b0a831140d12f066a2cbb0a5266a75a5,71ed3e4aef9d0ef2533d57461ada444e90f6986b15062f14cf67e10d6545d407,0.335025566000013,0,365,219,False,0.0847580879926681,0.0007522807785422,0.0
baseline,00016417_008.png,16417,mixed_high_risk,0.4982073903083801,1024,1024,87037bcab7e645687473261f6dc55c67680c7c70f7f2b5c4f939ec0d7e9aebe7,ae228727e7b3a02d0ebdff7aa94f8eab6c854603eda333cbe6bf843279c39a66,9300be2d024cb13a7117209feb0990cf7667480587f8fbbc29bae133db5bb6f2,0.3193123309999919,0,804,0,False,0.0139328092336654,0.0,0.0
baseline,00016705_006.png,16705,mixed_low_risk,0.6139602065086365,1024,1024,87037bcab7e645687473261f6dc55c67680c7c70f7f2b5c4f939ec0d7e9aebe7,9840949ee4462a0c05df31c0b005509d5ada358a834878a1938623f3ac7c2f8a,d4814cc37141f93e53fd96a08f2a13b9e5a5d83057a347ff1912ff9e57f476af,0.3503904509999529,0,512,804,False,0.0224909149110317,0.0041914681562661,0.0
baseline,00016732_040.png,16732,mixed_high_risk,0.6035177111625671,1024,1024,87037bcab7e645687473261f6dc55c67680c7c70f7f2b5c4f939ec0d7e9aebe7,1e3e2c1c15900d494d1d301b926220309ff164aef560d67916f3674b446fbf33,a42d0f268d66530d0c0ab9cf1fe81931f7a97485518aea6fd4c2d570d1e77fcf,0.3427716609999152,0,511,365,False,0.0250478759407997,0.0,0.0
baseline,00016786_001.png,16786,mixed_low_risk,0.6319594383239746,1024,1024,87037bcab7e645687473261f6dc55c67680c7c70f7f2b5c4f939ec0d7e9aebe7,96a7e113a3b87a92fdc77d181024afb1f95bba4c73381f7b3f07078948093bbd,ff80e01f74946344703f3eaec77e9e655cb150956d3ec06df26ded2da5304c34,0.3579705220000733,1,658,512,False,0.4586930572986603,0.6299060760922962,0.4786863853849499
baseline,00016786_009.png,16786,mixed_low_risk,0.6037912964820862,1024,1024,87037bcab7e645687473261f6dc55c67680c7c70f7f2b5c4f939ec0d7e9aebe7,8a22546eb0dd154ca3c5756893e0b78c4c619037b7ca31c207bff1565e72b399,1f3689562a010a6ee7fd64122fbb6d550cd95bc7ecef76a977ae41089aa8335d,0.3434645060000321,1,512,511,False,0.2853825390338897,0.4377280570248635,0.241701089931817
baseline,00017083_002.png,17083,mixed_high_risk,0.5302270650863647,1024,1024,87037bcab7e645687473261f6dc55c67680c7c70f7f2b5c4f939ec0d7e9aebe7,1cb8dd4e211c3718c1ca17ce4e9ee64a6f738c21939084324a734ab713a20cfd,a91fa8efe844f989364d3e04e265f13a213fe3c9daf1356a6947db88ae719bfc,0.3256111309999596,0,804,511,False,0.0429363809525966,0.0156399366880318,0.0
baseline,00017138_037.png,17138,mixed_high_risk,0.5699624419212341,1024,1024,87037bcab7e645687473261f6dc55c67680c7c70f7f2b5c4f939ec0d7e9aebe7,08054d553899a1046dcaa7ad0e6bc0d1cf88cdef597f0b006eaf95ae19d4c4b9,a0edf83bb8ae7854913a585934f4f3447c3e5a9f05577b7f6b20b873dd05d9aa,0.3571496910000178,0,658,511,False,0.0558750443160533,0.0112456953800392,0.0
baseline,00017544_003.png,17544,mixed_low_risk,0.5535349249839783,1024,1024,87037bcab7e645687473261f6dc55c67680c7c70f7f2b5c4f939ec0d7e9aebe7,65985dec3cd9beec56227c2236b7bcfc260560dcb31def01d065ac7f775a17c7,dffdfaffef5d110191c49413065392e76d88047028903a50eac168d99a250464,0.3522183669999776,0,219,365,False,0.3025105595588684,0.2783824007390047,0.1981154489470082
baseline,00017714_009.png,17714,pure,0.4237579107284546,1024,1024,87037bcab7e645687473261f6dc55c67680c7c70f7f2b5c4f939ec0d7e9aebe7,757f616286483c67a57c4be43aaa2f653b4f896741b5744933d9ff959e274b4a,fb063a3c551bab16c402efe117158dce6d5efcc5597e78267c40a1b978ee1ced,0.2746646990000272,0,511,219,False,0.0054181781597435,0.0,0.0
baseline,00017972_032.png,17972,mixed_low_risk,0.6302614212036133,1024,1024,87037bcab7e645687473261f6dc55c67680c7c70f7f2b5c4f939ec0d7e9aebe7,9b151a6a9c7ad1bb0e45da9f407534cc9069beb90618506e24f623c3bbaa82f8,e98379f436db135612496fc4a999219ee729525d03bb8af7937993b2f2a1faea,0.3531078150000439,0,657,658,False,0.1135617420077323,0.0712149012272522,0.0056031572934517
baseline,00017981_014.png,17981,pure,0.5382341742515564,1024,1024,87037bcab7e645687473261f6dc55c67680c7c70f7f2b5c4f939ec0d7e9aebe7,cdf77cef8d63047bfeaf2f65c5288656d9441f16c3d073e9ea03f3403baafdd4,b34111d4140df42d7b63fe8f627fe6edcab6d49454daa3934e1110eb29151573,0.3114901540000119,0,511,219,False,0.0772968754172325,0.1179257090230713,0.0699605915504894
baseline,00018253_054.png,18253,mixed_high_risk,0.6000690460205078,1024,1024,87037bcab7e645687473261f6dc55c67680c7c70f7f2b5c4f939ec0d7e9aebe7,8c31c27580f4300c6551520b560c452c2deb7e7376cf13bf6623fd878460a06f,0455e6f4c3bbec9af23ba4601b8c85b14c4c9e4dffc84c91955f9bad2c17b05a,0.3610269970000672,0,511,511,False,0.0748066902160644,0.0674630219060101,0.03538137034769
baseline,00018253_059.png,18253,mixed_high_risk,0.5547686815261841,1024,1024,87037bcab7e645687473261f6dc55c67680c7c70f7f2b5c4f939ec0d7e9aebe7,d58516aa42cf68693847ee39074a8432405c8ff001ef43dd407778a66c84c3ac,1ed873d5237ae57ad290fe8c0652518cefeb0bc3e25925687bc6423977f255eb,0.4348137509999787,0,511,657,False,0.1074431762099266,0.1230925106488565,0.0090772198159177
baseline,00018393_000.png,18393,mixed_low_risk,0.340558111667633,1024,1024,87037bcab7e645687473261f6dc55c67680c7c70f7f2b5c4f939ec0d7e9aebe7,e14a82985f21cfae8678fbf00aa4046856b9643daf924c451ceffb3ce17bbabd,05deea158dcd1de84303080c1907539e162837c08d2a9debf98256a88637a7f6,0.2772005479999961,0,658,804,False,0.0151231484487652,0.0,0.0
baseline,00018721_010.png,18721,pure,0.2703938782215118,1024,1024,87037bcab7e645687473261f6dc55c67680c7c70f7f2b5c4f939ec0d7e9aebe7,003a0cedb196d1539f6e978fdfbb526958b7728347bf12cec0295e7c975a7a13,a9635981de1a28db4aa56ea86ffb6b4afec413d5d773e0b5773e4e7dd9381c6e,0.2768245559999513,0,951,219,False,0.0,0.0,0.0
baseline,00018921_038.png,18921,mixed_low_risk,0.5873433947563171,1024,1024,87037bcab7e645687473261f6dc55c67680c7c70f7f2b5c4f939ec0d7e9aebe7,83b400d97c302eb4c4bfc07904f63f3e11f267fc661e96fa763411dc7ce84eb8,90d782b4b848beeee579368926abc7b8b7677db1f6eb961ddbb5007dd9d9945b,0.3657704450000665,1,512,511,False,0.1925319731235504,0.2014791638063719,0.2371198238459811
baseline,00019018_007.png,19018,mixed_high_risk,0.6559810638427734,1024,1024,87037bcab7e645687473261f6dc55c67680c7c70f7f2b5c4f939ec0d7e9aebe7,8b1f1366e0c56d52e725b9e9ea7ba1de41f654a776f567d25bc53e19f187e756,c5098ba2240a9de1dee2f0fe1887f327c8165d3f8435340dc8a528721404a735,0.3351516559999936,1,658,658,False,0.5779796242713928,0.5027600510074542,0.2935891088286408
baseline,00019150_002.png,19150,mixed_low_risk,0.5829846262931824,1024,1024,87037bcab7e645687473261f6dc55c67680c7c70f7f2b5c4f939ec0d7e9aebe7,531ac0c10702c8452263f64747299d1b978cf468fd9143c07098bca2d99d802b,5583a33612e12f88d6d4f11ae9d56edbedd1b68dfacb56c0528f8277c45e24fb,0.3436084669999673,0,511,658,False,0.088068813085556,0.0459003413332623,0.0040856012491498
baseline,00019363_043.png,19363,pure,0.5204563736915588,1024,1024,87037bcab7e645687473261f6dc55c67680c7c70f7f2b5c4f939ec0d7e9aebe7,5e77b1a4c2b864c298511f969c42710438c36443174a160dbe055c12b5d3179b,b76def477c0d73fec770bdba6bd3e3168eef521a8d87dfe5daea89b55cef8659,0.3223617419999982,0,804,511,False,0.1253301352262497,0.1282415372815654,0.0854154449582295
baseline,00019625_002.png,19625,mixed_high_risk,0.569805383682251,1024,1024,87037bcab7e645687473261f6dc55c67680c7c70f7f2b5c4f939ec0d7e9aebe7,85d1bcb87c329f38a7947e9361e7ae446bd5ba7226cd80cea8161c34ea2620a4,9a4208d4d6b95988a50cce941453cd426ecf58d81c7d60726b87726b76d729c9,0.3658591290000004,0,951,804,False,0.318108320236206,0.2551240755883031,0.081589616072083
baseline,00019634_004.png,19634,mixed_low_risk,0.5355715155601501,1024,1024,87037bcab7e645687473261f6dc55c67680c7c70f7f2b5c4f939ec0d7e9aebe7,c541c7b756ce908314328a89973d285cba7f8a8cc8cb7af98ade359372c6a8bc,3fec8dc3d201a41bcd834f6569b934420c61d2772fba59f56dd5aadb594169be,0.3482653639999853,0,365,658,False,0.0711316838860511,0.0100676928383564,0.0
baseline,00019646_006.png,19646,mixed_high_risk,0.4758230447769165,1024,1024,87037bcab7e645687473261f6dc55c67680c7c70f7f2b5c4f939ec0d7e9aebe7,baedd338ada751f623e79690eb16331be0975d88b3ecae621c74e47a3a23e368,22bf4bbec3b0eba629db651629a98463b200de85d040850777666e59ab643d18,0.2908240340000247,0,951,512,False,0.0849018469452858,0.0950470392916436,0.0320477168768373
baseline,00019706_012.png,19706,mixed_high_risk,0.6291667222976685,1024,1024,87037bcab7e645687473261f6dc55c67680c7c70f7f2b5c4f939ec0d7e9aebe7,e9249dfdd0fe09d4dff84c87b0ca631979b94b2cdab1b28296f9941630047cdb,b5b57b664c0c55ff73ced5232e32d6e94bdd599bac36a5d260a32c1cd2b8e0e8,0.3457211710000365,0,512,804,False,0.0131627423688769,0.0,0.0
baseline,00019750_012.png,19750,mixed_high_risk,0.556473433971405,1024,1024,87037bcab7e645687473261f6dc55c67680c7c70f7f2b5c4f939ec0d7e9aebe7,90eb33e9a7fd122856456f4c4b0c24d32b8f328bfee1d2864555d826ab8f4b28,5972c54729faabe0baf66ccf2ff87893b737d28d2428bc80c5ee415d016ed995,0.3473782230000779,1,804,511,False,0.4843786060810089,0.1285424602057955,0.0762388618188346
baseline,00019750_029.png,19750,mixed_high_risk,0.5977746248245239,1024,1024,87037bcab7e645687473261f6dc55c67680c7c70f7f2b5c4f939ec0d7e9aebe7,da8db189ee975d6f1fcf9c2e6c10a5b7be7003b6a64d4ca74eb5ae0eaeb4023f,7ef3da980c640de444928e95345e24385b195bdab1f21f65fb3639617cf30d3c,0.349094746999981,0,658,219,False,0.1209702119231224,0.168094518407825,0.2715072684103344
baseline,00019769_014.png,19769,mixed_low_risk,0.6491997838020325,1024,1024,87037bcab7e645687473261f6dc55c67680c7c70f7f2b5c4f939ec0d7e9aebe7,530856731193f65103d3567bac00a63b5cc2f2b67e4f59c0eaa5729ad3a38345,8d62b7c83f1c3936f46d07099d82f51a179f8878288bd5d039ad04ea3526fb96,0.3558975749999717,0,511,658,False,0.0198575463145971,0.0013833622211914,0.0
baseline,00020113_030.png,20113,mixed_high_risk,0.5257608294487,1024,1024,87037bcab7e645687473261f6dc55c67680c7c70f7f2b5c4f939ec0d7e9aebe7,5accffbbb2160597f3a70394b24f071050e1820f4c2bb08525cc9c80c4dab7b4,305f926c1a7d45f7f0cf6d9d157bba74243220c88b6698922d1b63c7c0dd7368,0.6498565380001082,0,658,511,False,0.0216772612184286,0.0,0.0
baseline,00020184_013.png,20184,mixed_high_risk,0.6625663042068481,1024,1024,87037bcab7e645687473261f6dc55c67680c7c70f7f2b5c4f939ec0d7e9aebe7,b8b92b7012cd0bbf3f6966c69bc216aaf0d2c8f6fdbcca9e72243333d6a732d6,22696fc03dd824d59f852d8b00e423a7f5a8c2f04f427e9b3c084809911f84a7,0.4865141620000486,0,0,951,False,0.1016019955277443,0.0351977081181918,0.0
baseline,00020259_002.png,20259,mixed_low_risk,0.4658308327198028,1024,1024,87037bcab7e645687473261f6dc55c67680c7c70f7f2b5c4f939ec0d7e9aebe7,3d59d7a7f026a965c5c753d80b78cac97d18739cdd9b9d390d2f58ad21b21817,93aee4a72e077c9d29f12adb5e969a7d44289d2df656cd2e91e9a58b021af479,0.4628373949999513,0,0,219,False,0.0877620354294776,0.1221759264916117,0.0584763283026669
baseline,00020405_041.png,20405,mixed_high_risk,0.5646791458129883,1024,1024,87037bcab7e645687473261f6dc55c67680c7c70f7f2b5c4f939ec0d7e9aebe7,3d27c24844d13c0bd7adbf1f228d4120c70fea1396bfd22ce890612f445aff85,18b5a67af287fc04a8e3b3805b7768acc0caeca098c133ea564c11a06088dfc8,0.4756931200000736,0,512,365,False,0.1498627662658691,0.1098002905445315,0.0302356303245982
baseline,00020482_011.png,20482,mixed_low_risk,0.64141446352005,1024,1024,87037bcab7e645687473261f6dc55c67680c7c70f7f2b5c4f939ec0d7e9aebe7,964a840700401e0dee1fd8ffced7426edc92f18ccb0d97780991ce48645c8ddb,fbbea5115b68883591abd90cac162b496d343a681f08ec4ca6478414a8a6f6ec,0.4932688679999728,0,804,512,False,0.1374566256999969,0.1479187244250035,0.0972055802807257
baseline,00020482_032.png,20482,mixed_high_risk,0.5807254910469055,1024,1024,87037bcab7e645687473261f6dc55c67680c7c70f7f2b5c4f939ec0d7e9aebe7,137bfa5dd88e0c246a3b557289189808babfb75df246678918cc8b6b90dc5e20,840176d0075b9224b209e022aa217b894f6c964b9e76d0718b938fbf5c6fb213,0.4610017649999918,0,658,365,False,0.1474050283432006,0.2116540196196517,0.1632751374607551
baseline,00021009_001.png,21009,mixed_high_risk,0.4962666630744934,1024,1024,87037bcab7e645687473261f6dc55c67680c7c70f7f2b5c4f939ec0d7e9aebe7,03b6e0c5174adecb154fd2d364a18858df850e12a13ab2be521875744b1f3ec4,3436792701cf32c1f76c533203196c56c1b77b7e05c67fb488d7acfe5e21b8ac,0.432108188999905,0,804,512,False,0.293881744146347,0.1047024151625016,0.0733193721598382
baseline,00021201_010.png,21201,mixed_high_risk,0.5457292795181274,1024,1024,87037bcab7e645687473261f6dc55c67680c7c70f7f2b5c4f939ec0d7e9aebe7,a4c0f88d970f0067c53c9d870cdc614d5543861b410f5a5912a83c27000c8782,228dc4c6e19eebe8a2678c227a798ebaaca9bc2a78b7720cf5229cc8621d5131,0.5505690869999853,0,365,365,False,0.0385618656873703,0.0014052441155402,0.0
baseline,00021703_001.png,21703,mixed_high_risk,0.5259164571762085,1024,1024,87037bcab7e645687473261f6dc55c67680c7c70f7f2b5c4f939ec0d7e9aebe7,a61170001e136e0bc05233fd9f6b58d3a36b88a38bb7b0a68ebccf6d95fc18ea,0c65d91160fd79e9430cc6f7138c67e8eaa09244f1a4bc6300cbfab83a8bdeb7,0.4422074679999923,0,951,951,False,0.0040400112047791,0.0,0.0
baseline,00021710_003.png,21710,pure,0.6088026762008667,1024,1024,87037bcab7e645687473261f6dc55c67680c7c70f7f2b5c4f939ec0d7e9aebe7,71e894d52f044a9a0645acb0b00ab8c4fbfb1173f2a6afe7f60fa821891a025c,208b800ac214195d4706c64f1f0936603fda1f71d587ad0fdb44774345c1be21,0.3671556660000306,0,365,219,False,0.1135218888521194,0.1282319926424266,0.3337628069927725
baseline,00021840_016.png,21840,mixed_high_risk,0.4498837888240814,1024,1024,87037bcab7e645687473261f6dc55c67680c7c70f7f2b5c4f939ec0d7e9aebe7,19e6d215a2b2a019359b6042e26bab75e3ee9ebecdda272609e52a76e325c0c5,b0a7aaaf2780f42e430b775d53f9029e62f30d638a02d3024117d0da5d2fd6d1,0.3245028269999466,0,658,804,False,0.0006815636297687,0.0,0.0
baseline,00021926_007.png,21926,pure,0.6005585193634033,1024,1024,87037bcab7e645687473261f6dc55c67680c7c70f7f2b5c4f939ec0d7e9aebe7,050faab998750063ed29e050af3de4237d5f86e2827e06c8dc8c9506e9dd79c0,422cf1044a8f20228359b611073862a9aa19b09fc803e79e499ce41f8ab92863,0.3555081700000073,0,365,658,False,0.0555283948779106,0.0658470415877365,0.0736725478718956
baseline,00022369_013.png,22369,mixed_high_risk,0.5187926888465881,1024,1024,87037bcab7e645687473261f6dc55c67680c7c70f7f2b5c4f939ec0d7e9aebe7,733b61a3005c2276e4234f4d0cde0a482db72822fcbb9f81dffbea1d6c2b0822,e8c8c5dac57fb25b7eea8ea0e2131fa2fee4b6bbd280bc5ab7520e6c2a5e92f2,0.3302042349999965,1,658,511,False,0.4121252000331878,0.3094176681673826,0.2232083778132637
baseline,00022416_048.png,22416,mixed_high_risk,0.5359342694282532,1024,1024,87037bcab7e645687473261f6dc55c67680c7c70f7f2b5c4f939ec0d7e9aebe7,2d47f2961d4ea75aab8ea6c63be72ed8e71fef7255e82b00ee30dc8391bb581f,87031044ddb417695d18ffa121593a14fe286ba774c173450825b9a74cca00b5,0.3364750750000667,0,658,804,False,0.2184588015079498,0.0001360947872974,0.0
baseline,00022470_006.png,22470,mixed_low_risk,0.5341227054595947,1024,1024,87037bcab7e645687473261f6dc55c67680c7c70f7f2b5c4f939ec0d7e9aebe7,54d6b93ba63dc107be2e5be4c8ef26118276d4b6ba4ac31f7d6edb510a8db3e5,36f8802182020bc5734905ef14821ebdfb38ce9ec18cff6cb484c89ebdc938af,0.3405484199998909,1,658,658,False,0.7675968408584595,0.2979431885108504,0.1532807842055569
baseline,00022727_000.png,22727,mixed_low_risk,0.5246009230613708,1024,1024,87037bcab7e645687473261f6dc55c67680c7c70f7f2b5c4f939ec0d7e9aebe7,b2e424bb9db27d37db06cd0508382c86de03790a166d3ec0277df33563acb675,ac70953057938eb7f0efcbd222f9f5adcf0dac0241fc605e00f0ec65661aadcd,0.334745818999977,1,658,511,False,0.4863302409648895,0.2389122491976993,0.0888305482629773
baseline,00022899_014.png,22899,mixed_high_risk,0.6334864497184753,1024,1024,87037bcab7e645687473261f6dc55c67680c7c70f7f2b5c4f939ec0d7e9aebe7,8c5b21779fc6d892a25a6799cfd706bb8c21babf887cb77822f78c89b044cb94,90da96979f11ca1d4c7e75156228af4056d8e8dcdb9c43f114c5d6b720a60be7,0.3623507549999658,0,658,511,False,0.0080734957009553,0.0,0.0
baseline,00023026_008.png,23026,mixed_low_risk,0.4048587381839752,1024,1024,87037bcab7e645687473261f6dc55c67680c7c70f7f2b5c4f939ec0d7e9aebe7,c8e3eb6d7d621711fbf4564b8cb4fedd8c427466679e6b85b87e9852a78c75fe,215dda117da82f0d107f0de6acd016f5ae4fda4335bd7db5918653b3f2d8047b,0.2511126219999369,0,219,511,False,0.0989460870623588,0.0137247340852855,0.0029166891200086
baseline,00025521_003.png,25521,mixed_high_risk,0.7166487574577332,1024,1024,87037bcab7e645687473261f6dc55c67680c7c70f7f2b5c4f939ec0d7e9aebe7,035fe2481e84035e6e90c74631692f05dfd03ca79b1c633847359e1ac54a12c8,70fa821cfd68af09473504ec1173e8bf1592e69b03b5212689cc41cd63ce3db2,0.3471663020000051,1,658,658,False,0.0990899354219436,0.1040530837994997,0.154039312698389
baseline,00025787_027.png,25787,mixed_high_risk,0.6193284392356873,1024,1024,87037bcab7e645687473261f6dc55c67680c7c70f7f2b5c4f939ec0d7e9aebe7,21b17c5f0249d72894b1c8a146f915bfad2ad967323018d9f61396e3299a60b2,64b154e86012d4436840a572d1d79fcf31bbc975482e5c9bdaf69d08ce2f4cf1,0.3502677639999092,1,219,511,False,0.2616614699363708,0.3569357135911501,0.3305927085663163
baseline,00026098_003.png,26098,mixed_high_risk,0.6387977004051208,1024,1024,87037bcab7e645687473261f6dc55c67680c7c70f7f2b5c4f939ec0d7e9aebe7,750a4be169f6196847ce563952da0a3f0b7140ca9ffc8a73b27cf388fe6205f0,d1ae62423d8d94d34e68ca4099a1b0f017373dad7d5911e5067d77f00c1fcbb6,0.6328432860000248,0,511,511,False,0.0265736617147922,0.0001714341692789,0.0
baseline,00026194_010.png,26194,mixed_high_risk,0.5901426672935486,1024,1024,87037bcab7e645687473261f6dc55c67680c7c70f7f2b5c4f939ec0d7e9aebe7,719a8d5373370c742820202190657050095089dc44abf7e14718a710d409425b,64a8cc42c8bb57e5e7daae6ad8f4de8f92ba22fa26bb25d512edfad3ada6d4b0,0.3428347739999253,0,951,951,False,0.0182211808860301,0.0,0.0
baseline,00026538_012.png,26538,pure,0.6615234613418579,1024,1024,87037bcab7e645687473261f6dc55c67680c7c70f7f2b5c4f939ec0d7e9aebe7,01c15e7dcc0a24328f0994cffae527b367478758365e99ced06bb2600d3b5a30,7c18535fb71dfa18394daf4c36e973c3ace4e0255079fb89fa152c84943bf89d,0.3476098139999521,0,658,804,False,0.1281481683254242,0.1886188083198118,0.3782830105457316
baseline,00026538_034.png,26538,mixed_high_risk,0.5741839408874512,1024,1024,87037bcab7e645687473261f6dc55c67680c7c70f7f2b5c4f939ec0d7e9aebe7,3eea18de13ddebdecd46dbf129b66068da4011fadd46e452b94f581855c79d1a,654603861fa1b63f5692742d3dd9f08c4910111b2bd4607cf31a1f0d852e7cc2,0.3524926979999918,1,658,512,False,0.1231256946921348,0.1353324599801898,0.1414163312627838
baseline,00026865_003.png,26865,pure,0.4327545762062073,1024,1024,87037bcab7e645687473261f6dc55c67680c7c70f7f2b5c4f939ec0d7e9aebe7,22657e27277b59c3f894dc506d0ae9baf28a1b509c1baa1c4ea0969f7319a833,00caa107c3d6743aaa82f3fef5ee84420425c95d2f732783fe28518ff2fbc561,0.3460772650000763,0,365,366,False,8.660034654894844e-05,0.0,0.0
baseline,00026911_000.png,26911,mixed_high_risk,0.5536966919898987,1024,1024,87037bcab7e645687473261f6dc55c67680c7c70f7f2b5c4f939ec0d7e9aebe7,1879e6a6eccebe8b82044c5f67250ab2c3ab0252397a9cc8daeb094f31d9c108,f212981409d6509d534225769862fb16409ba13ec22426d6e22f1327803d39d0,0.3446411430001035,0,511,365,False,0.0811587572097778,0.0831692795952943,0.080689446375813
baseline,00027113_002.png,27113,mixed_low_risk,0.573950469493866,1024,1024,87037bcab7e645687473261f6dc55c67680c7c70f7f2b5c4f939ec0d7e9aebe7,410ed4ad92f97853ce3cf6568286f8e2aa078f5a595e9a58a608b600e132e4c2,bed6f7f508755076830c5e171fabd693056fd1c8da505ef5f8de30c6e05232a8,0.3551491910000095,0,511,951,False,0.1091691106557846,0.1119659535965196,0.0280510627194037
baseline,00027357_014.png,27357,mixed_high_risk,0.6430908441543579,1024,1024,87037bcab7e645687473261f6dc55c67680c7c70f7f2b5c4f939ec0d7e9aebe7,ce1a323326f04acafd09c312f181d748991ec1cc1e9615107bcd91f0221791c8,ad5f5b6f5215d80690a6a94495df10ff7297643b78a2fb5aff8b20668b36cfb4,0.3582485880000376,0,804,512,False,0.1223959252238273,0.1794767782092887,0.4052706659659134
baseline,00027441_002.png,27441,mixed_high_risk,0.6532681584358215,1024,1024,87037bcab7e645687473261f6dc55c67680c7c70f7f2b5c4f939ec0d7e9aebe7,81db87f677b2a305139da48769f95e582a457b3e8dd299bbff60243286d34cdc,6372b8b627a90be27c47ffb0fc9560986dead034ae3a451793f87939835f65c1,0.362352388999966,0,657,657,False,0.0813546180725097,0.1013951112291161,0.0341080360290398
baseline,00027479_013.png,27479,mixed_high_risk,0.5914552807807922,1024,1024,87037bcab7e645687473261f6dc55c67680c7c70f7f2b5c4f939ec0d7e9aebe7,9efe9d768f526d9244170778748824cbfe6a1cf1a85037690fef174ba5621192,e30ef538adaa98938587274f4ce501e74a8e36579b31ee1b0c0b3ab38e9fc195,0.3640168349999158,0,951,219,False,0.4840798676013946,0.3243638852881632,0.1580432889261636
baseline,00027927_008.png,27927,mixed_low_risk,0.6039618849754333,1024,1024,87037bcab7e645687473261f6dc55c67680c7c70f7f2b5c4f939ec0d7e9aebe7,e68eae21c9e8daacf561853178793f09a841e2ed314e7cbd39b0c0cdc5383fb6,a415ebe388569bfcc72eaf22dc1cab99c44e8f4c45f258a5853a7c2dc8f47d75,0.38365370300005,0,804,512,False,0.0343144312500953,0.0193512446679824,0.0
baseline,00028208_005.png,28208,mixed_low_risk,0.6108853220939636,1024,1024,87037bcab7e645687473261f6dc55c67680c7c70f7f2b5c4f939ec0d7e9aebe7,d8515cbf96e942337030dc243eebbdabf31f197ad537888feafc8f5f2b7fc0dd,cef2d6411bb888a85f57f24052520fd904a64eeca5d91c3127187c21063ca378,0.3554836759999489,0,219,511,False,0.4036197662353515,0.1716184728432524,0.0232830176585584
baseline,00028285_014.png,28285,mixed_high_risk,0.6449844241142273,1024,1024,87037bcab7e645687473261f6dc55c67680c7c70f7f2b5c4f939ec0d7e9aebe7,bb5397801a9516a0c6cfb2fb5aa21c530c7ea08c7917203e69accc86800dd14c,a41ae27e753ce0dec9e407fc5f186a6c46512075a6b5128253d0464b39a1e590,0.4074157049999485,0,365,511,False,0.1289650499820709,0.0107491174750763,0.0
baseline,00028383_002.png,28383,mixed_high_risk,0.5754711031913757,1024,1024,87037bcab7e645687473261f6dc55c67680c7c70f7f2b5c4f939ec0d7e9aebe7,6153bb0d1a634577aaf30efe58c2a98ff8ba31986a7f86866e1265ac69a3effc,d452bf0ea7cf53406472cdd636f10054acfadd164cad187f93fd8f8e651b9af0,0.5096448180000834,1,365,365,False,0.4453912079334259,0.5128493246390312,0.3752376188094047
baseline,00028518_012.png,28518,mixed_high_risk,0.6756830811500549,1024,1024,87037bcab7e645687473261f6dc55c67680c7c70f7f2b5c4f939ec0d7e9aebe7,1a1fc6049d99a5001a3689c0d93f9c580b56c6a00ec80ee85fcd8c4b416576c9,628071718b9ba80bebe844b4e55e1d40cae512f79d5aa501f22d4ca4623b73f7,0.4042615869999508,1,219,512,False,0.31010702252388,0.2959902763561924,0.1593840510920893
baseline,00028640_003.png,28640,mixed_high_risk,0.6289663314819336,1024,1024,87037bcab7e645687473261f6dc55c67680c7c70f7f2b5c4f939ec0d7e9aebe7,c3fcf45d1d962f97f208ba07d1d3153dcee486a21dc27bdf417b9098203b62fb,73822faaaade058d0170fbb66bd438d3668d58e6f57d39eaa6fb3cfbf1f16af8,0.4418699609999521,0,512,219,False,0.0392697229981422,0.0506286850054403,0.0139415781487101
baseline,00028640_008.png,28640,mixed_high_risk,0.584514856338501,1024,1024,87037bcab7e645687473261f6dc55c67680c7c70f7f2b5c4f939ec0d7e9aebe7,8a55ef467f3b2b0bfd29453eb83df83643263c11923e3e2537e7ed70f4c90e76,4270e4038189bc938cbc1339dc19a09f0eef64c495f3b0428607bd40a3b9c1a9,0.4995772600000236,0,512,365,False,0.0203837249428033,0.0053987266560161,0.0
baseline,00029039_020.png,29039,mixed_low_risk,0.5412251353263855,1024,1024,87037bcab7e645687473261f6dc55c67680c7c70f7f2b5c4f939ec0d7e9aebe7,135a9458d06b5bfbabf0b4c0616382cfc7c4e4430de00cefef4b2bac35a6d53f,5a96c26969925c6d4e30b604a60d5a8f74748a60890067c8286111fcfbc292b7,0.511673819000066,1,219,512,False,0.484904795885086,0.2332095881327967,0.1618410838274278
baseline,00029404_004.png,29404,mixed_high_risk,0.6336756944656372,1024,1024,87037bcab7e645687473261f6dc55c67680c7c70f7f2b5c4f939ec0d7e9aebe7,cb315283d67cc287bfcda276c0f879b6df39b73d15e234c6bffd9df542df9461,558c034ecb2a85e19201a5f5204e955d6f13a49df2e473f6665cdee4f5ce6927,0.4964359329999297,0,512,512,False,0.2346641719341278,0.3864711600777706,0.1798442123060201
baseline,00029431_000.png,29431,mixed_low_risk,0.579923152923584,1024,1024,87037bcab7e645687473261f6dc55c67680c7c70f7f2b5c4f939ec0d7e9aebe7,bd551dcd79420901950245c40e65c43e0b4559012b45ce279e38b2f18cc0e4af,b824bff455a2e6e88e43708712d08c571b8a968cee2e7c0a45d8a67b563cfce8,0.5098402650000935,0,658,511,False,0.1213274598121643,0.0713523833079557,0.0
baseline,00029532_014.png,29532,mixed_low_risk,0.5842149257659912,1024,1024,87037bcab7e645687473261f6dc55c67680c7c70f7f2b5c4f939ec0d7e9aebe7,acc807c169335f82db7ad985eb646a75fb3702c3b447fe135eae24078eaeca1c,6102ce78798264ec75c9f66f566378c5f2d243f90685fe540e84ab39af004605,0.5118138060000774,0,219,512,False,0.0102429967373609,0.0,0.0
baseline,00029617_006.png,29617,mixed_high_risk,0.5338374972343445,1024,1024,87037bcab7e645687473261f6dc55c67680c7c70f7f2b5c4f939ec0d7e9aebe7,f961a113a18b282b33c222c45652b506e81ba6f4e2afe888d69c3a282ad47ea3,89487e833e1c19b2f4c085ac68a521860e985d130ebaa5c421a30d7469260211,0.4569382629999836,1,658,658,False,0.1100286096334457,0.1505547737942542,0.2152140060832739
baseline,00029861_013.png,29861,mixed_low_risk,0.598365068435669,1024,1024,87037bcab7e645687473261f6dc55c67680c7c70f7f2b5c4f939ec0d7e9aebe7,7bccc12ed781da49e6a33bbf23cbd27ae516287fd2edacf573de3534dc68648c,4b6f769840aa4d2c1656286d82f6f8ec12490f7129350bbd7fd08716adce5a56,0.5938121650000312,0,804,365,False,0.560187578201294,0.3976788682038462,0.2332867797076182
baseline,00030323_028.png,30323,pure,0.6505153775215149,1024,1024,87037bcab7e645687473261f6dc55c67680c7c70f7f2b5c4f939ec0d7e9aebe7,9315186f1e48cf2da3622f80d17fbc04dd08348befe452ff089d383ddd66f433,cbc1d96378c88f0e2b12ac2e50d7f68f08fb9d3ee2317682081b8525e04d120f,0.5732940059999692,0,219,365,False,0.1346882283687591,0.1090835527542727,0.0372378920022267
baseline,00030408_013.png,30408,mixed_high_risk,0.6387848258018494,1024,1024,87037bcab7e645687473261f6dc55c67680c7c70f7f2b5c4f939ec0d7e9aebe7,2f790ba6b1cdcd7d1fad84057fa58dc06a71288adba4b1da5eed1704033269f0,23d3e626e060adaaf0aa41c024b7d7cb3d0a7bb07615d7a518da5ca8ed57890a,0.5569529900000134,0,658,511,False,0.0081085246056318,0.0,0.0
baseline,00030573_002.png,30573,mixed_low_risk,0.5485655665397644,1024,1024,87037bcab7e645687473261f6dc55c67680c7c70f7f2b5c4f939ec0d7e9aebe7,d92aab49684222e75d4ff104a49db926afe05a096b0a91fb3804e3312a8ce274,5f1dc1a0ab4033d8ebf9dfb98cf494c155ccab5974974bb94d2616eee59603fc,0.3464318889999731,0,804,219,False,0.0414046272635459,0.0,0.0
baseline,00030636_004.png,30636,mixed_high_risk,0.6553847193717957,1024,1024,87037bcab7e645687473261f6dc55c67680c7c70f7f2b5c4f939ec0d7e9aebe7,6acba2e2513fa63aebb0855c1f001c9e66e1856e6bfa75d1d1c3556a0cc847ce,04051f7c3cd54f99a17318a4334cb3745171f030c1b7a6046d88116daf14dabb,0.4939920729999585,0,511,365,False,0.0812449231743812,0.1360945871415064,0.024191172137427
median_L1,00000032_037.png,32,mixed_low_risk,0.5767883062362671,1024,1024,05ec4b5f54659fcc37c1bcbb9ddc7d1b2ad1cc56677e7b2f118ba41f845a1d24,de9d6762dd612c7a81c45d518a2efa5dcd119aef7cfb51510f77162520ffe19c,2ac5e3ef8fdfc5948c20b2ef2295445c2500cfdd19aa681967f04991e94a9bf8,0.3382159760000149,0,804,219,False,0.0503638088703155,0.0246514661933585,0.0064123865034531
median_L1,00000211_016.png,211,mixed_low_risk,0.6674888730049133,1024,1024,05ec4b5f54659fcc37c1bcbb9ddc7d1b2ad1cc56677e7b2f118ba41f845a1d24,0b0f5304fdd3264c42fab406aeb518fb18a1891165bd28b820e4204b60077b67,eee8a68abda1573eaafc61fc50b6cec2f5ad1b2a6e2c7ab885d84c185ee585d8,0.3352673220000497,1,365,512,False,0.170173168182373,0.1971753311101345,0.1907057504780465
median_L1,00000468_041.png,468,pure,0.5911023020744324,1024,1024,05ec4b5f54659fcc37c1bcbb9ddc7d1b2ad1cc56677e7b2f118ba41f845a1d24,378daf24de02e9baa142139b70a374279886c09269d64b81189e33257912f552,6d8a31d09850838db11ce9a23e3e745913d60b1e6d10a2f64b8ae5c82ba68ca9,0.3394053990000429,0,365,658,False,0.0302285682410001,0.0321589631226886,0.0510276660453252
median_L1,00001039_005.png,1039,mixed_low_risk,0.5200517177581787,1024,1024,05ec4b5f54659fcc37c1bcbb9ddc7d1b2ad1cc56677e7b2f118ba41f845a1d24,041ee24dc38cf4538e2dae83b3c214cf6abe1caced5ade403573a76643318a76,ac5a5eb38379f517f59e507fe4d0ebc9f5e28ed2ff05c92bafa6018924897e36,0.3149861669999154,0,511,511,False,0.1126375645399093,0.0976356194706699,0.0467429189535675
median_L1,00001900_026.png,1900,mixed_high_risk,0.7193647027015686,1024,1024,05ec4b5f54659fcc37c1bcbb9ddc7d1b2ad1cc56677e7b2f118ba41f845a1d24,9fe3a41074617efa6d310e437d62bfdc3918e65e8328beb8bb3bea452ad33cf4,500322d15d7807e36378ea35f96ce4ea3cac42b115c870bf32c97fda1633043f,0.3433472149999943,0,511,365,False,0.0974859073758125,0.0439596153710284,5.8230943923601e-05
median_L1,00002224_007.png,2224,pure,0.5243368744850159,1024,1024,05ec4b5f54659fcc37c1bcbb9ddc7d1b2ad1cc56677e7b2f118ba41f845a1d24,9dbb7b54fbeb65787b1dcf446156aa6a0060cbaad2cfd886f272381b912b3b62,28d46478d3653b014b25c56d96f316661b16dc332d8424334e5f53a93afe5797,0.3102070460000732,0,512,512,False,0.0069802650250494,0.0,0.0
median_L1,00003149_007.png,3149,mixed_high_risk,0.5615684390068054,1024,1024,05ec4b5f54659fcc37c1bcbb9ddc7d1b2ad1cc56677e7b2f118ba41f845a1d24,1ec78559a5fca05ad046d742f4c0259e1df07d738c45b8a0f15d52d5c9a7c362,a2b8335b8bce068efa1fce95f3f8db97f324192c933d22ff3a97f56f0a227abf,0.3708908150000525,0,219,658,False,0.1036184802651405,0.0498195926870876,0.0
median_L1,00003333_002.png,3333,mixed_low_risk,0.4950012564659118,1024,1024,05ec4b5f54659fcc37c1bcbb9ddc7d1b2ad1cc56677e7b2f118ba41f845a1d24,50f19de1b95cfa91d059410f2d738853ae663c548ea0cf78f2e412d2b55c8b78,625b77feaba2ef7c328488ee4f82a8230eb389b396ba27cd93d2172df14e88ef,0.3482761699999628,0,219,658,False,0.1814800649881363,0.1646187091029003,0.0887600292110595
median_L1,00003973_008.png,3973,mixed_low_risk,0.5664048790931702,1024,1024,05ec4b5f54659fcc37c1bcbb9ddc7d1b2ad1cc56677e7b2f118ba41f845a1d24,d48c713fee2e55ce73f455e6fe3041ee928e5d25499f1f9d9b3c6f82276ec4be,929727bb77fe620d39634cf7783fcabd4bd641ed1733653eb80feb170582fc82,0.3373598289999791,0,512,804,False,0.0211431514471769,0.0015896399544198,0.0
median_L1,00005066_030.png,5066,mixed_high_risk,0.7012415528297424,1024,1024,05ec4b5f54659fcc37c1bcbb9ddc7d1b2ad1cc56677e7b2f118ba41f845a1d24,7d4d7d0842fe51434d73e2e9dbc927ea823841ffd1334f04b171282d271d4942,bbf27700079dfd86dfe333da109dc759ba78fe778c4dba3cb3472a7ac0d7f258,0.3276335400000789,0,365,512,False,0.0413800999522209,0.0129960591979084,0.0
median_L1,00006096_010.png,6096,mixed_high_risk,0.5453206300735474,1024,1024,05ec4b5f54659fcc37c1bcbb9ddc7d1b2ad1cc56677e7b2f118ba41f845a1d24,891f7a42e4880314d7807d5ab4292722d0f5627932b6383984305d59d0fd99b8,39cacf028b33776dc418386b79917de77d8eb63eccadef8e300807e49120396d,0.3256305700000439,0,658,512,False,0.1200697496533393,0.1841427827739861,0.1306599639268976
median_L1,00006304_060.png,6304,mixed_high_risk,0.6138926148414612,1024,1024,05ec4b5f54659fcc37c1bcbb9ddc7d1b2ad1cc56677e7b2f118ba41f845a1d24,6876774a0f0e5c694108b0084bcd799f9da0dfccfb341095da8880fe7c71c219,8ff2eedc9f330101fe62ef654e3ba46592060a81621e048a9f85bd01dce6f8fa,0.3294642810000141,0,365,512,False,0.0718545317649841,0.0167843218336483,0.0
median_L1,00006836_002.png,6836,mixed_high_risk,0.6599114537239075,1024,1024,05ec4b5f54659fcc37c1bcbb9ddc7d1b2ad1cc56677e7b2f118ba41f845a1d24,0ac0421e0b3945793a0324742f20ffec2ea527a55e254fde3404f45b197faa9d,2e8668bdeaab736864570cfbafb15326ae407e6840ee7895566e1ded92c8efb0,0.3285205000000815,0,219,512,False,0.1452450454235077,0.1251576078609264,0.0157639718571618
median_L1,00007124_006.png,7124,mixed_high_risk,0.6009646654129028,1024,1024,05ec4b5f54659fcc37c1bcbb9ddc7d1b2ad1cc56677e7b2f118ba41f845a1d24,8f76fe3a1d0b3888f4e4f6777c087ef58ae71223fa9332a1b0d70e662cfd2939,1819d5e7ff85caacf3c561f2b581deedab4d8dfa23a0ba51271c27cb6482ce21,0.3432199540000056,0,512,365,False,0.2381422668695449,0.2085795068352109,0.1622167518778009
median_L1,00008814_010.png,8814,mixed_high_risk,0.6034449934959412,1024,1024,05ec4b5f54659fcc37c1bcbb9ddc7d1b2ad1cc56677e7b2f118ba41f845a1d24,57eac7a9538a00543e155e6d6e55a3aca45e18ed8601ca98b44436d6194f3692,c067b6e5dfb704b64c45d30fdccc39e58d2c9d3d72d8571924da298dd3114a8c,0.3272673570000961,0,366,512,False,0.1309380382299423,0.150254779277952,0.193111059862287
median_L1,00009431_004.png,9431,mixed_high_risk,0.4753885865211487,1024,1024,05ec4b5f54659fcc37c1bcbb9ddc7d1b2ad1cc56677e7b2f118ba41f845a1d24,88298019973beb2618102c932d1aa10ac42432240d66dd70039525a0c48c4175,e942c58249c40a3b6c34902853d7cfd8bd2814e4744ea0e1f6d38bd1ac39941f,0.3050985099999934,0,219,512,False,0.1299435794353485,0.0923808401115957,0.0
median_L1,00010092_018.png,10092,mixed_high_risk,0.5743655562400818,1024,1024,05ec4b5f54659fcc37c1bcbb9ddc7d1b2ad1cc56677e7b2f118ba41f845a1d24,0f65250e057d01fbe49c99120fe6f3119762dca121d036bb3504f42bb9991366,64ee670cf7a2cd8dd3673f2ba86ad1f412a5056089e05e872c1b77a79805c591,0.3382638580000048,1,658,658,False,0.0656564980745315,0.0690986998503213,0.1038875873768645
median_L1,00010120_010.png,10120,mixed_low_risk,0.4436793029308319,1024,1024,05ec4b5f54659fcc37c1bcbb9ddc7d1b2ad1cc56677e7b2f118ba41f845a1d24,e3db853b7705d09f8eb1f196d1c04a7ba8a1ccd62c7c4b76ee14751f1099ffa9,2234983cd2a0f186f5b20dccf072640bdfadf9069581d779854a91f82dd7e68b,0.3371264459999565,1,365,657,False,0.4529567062854767,0.2185791064435323,0.1563737054660322
median_L1,00010230_001.png,10230,pure,0.4735622704029083,1024,1024,05ec4b5f54659fcc37c1bcbb9ddc7d1b2ad1cc56677e7b2f118ba41f845a1d24,7e8c09d5f097348f7372db285dd4c8cf453331cb5dc5f69054ebde4d3366cf4e,b670c06c7fedfd38a115acf4870a064d00c9e4c030574a94a0e74b22b6da818e,0.2773943910000298,0,658,512,False,0.0227353200316429,0.0084692712744412,0.0
median_L1,00010277_000.png,10277,mixed_high_risk,0.5801388621330261,1024,1024,05ec4b5f54659fcc37c1bcbb9ddc7d1b2ad1cc56677e7b2f118ba41f845a1d24,37f2cfa3cc74d3b2e664160f0d8b4a1768522517c0760485141d86165fb23228,5d2de5414354c4a23888bbac0df64f01f60a49747fe1631c504def56f24965b8,0.3015371189999314,0,658,658,False,0.0631773769855499,0.0525671944357065,0.0342908801845472
median_L1,00010805_049.png,10805,pure,0.5293842554092407,1024,1024,05ec4b5f54659fcc37c1bcbb9ddc7d1b2ad1cc56677e7b2f118ba41f845a1d24,66825662014e535719ccd75a22217510fabe1c7e1d315eb8061407166884fac8,e73622c670a32f167a0a277e6f173f893f488e6ef92fc19d68062b838840598f,0.2924344549999205,1,512,512,False,0.4072304368019104,0.3633692185563277,0.2749443267611753
median_L1,00010828_039.png,10828,mixed_high_risk,0.5994657278060913,1024,1024,05ec4b5f54659fcc37c1bcbb9ddc7d1b2ad1cc56677e7b2f118ba41f845a1d24,fde1f7ec1d21e012df7d477dd9ec5b133b6d3bcd115b446f29fbba812692cf7c,e016a6cd7efb57c3dec6612a7924d803376d1bd17dafaaef536d67dcd2ac9ad3,0.3184193719999939,0,511,366,False,0.068255640566349,6.859033990800321e-05,0.0
median_L1,00011023_004.png,11023,mixed_low_risk,0.6251571178436279,1024,1024,05ec4b5f54659fcc37c1bcbb9ddc7d1b2ad1cc56677e7b2f118ba41f845a1d24,cbf3592d02437267f7aa99a7fe9698767b3ade2084d9a8ce8d3ea1e01fcfb972,b8aacde60f8db4f53a68f751c4435e90fca0b44d496940fae9d8dd79fb1d77e4,0.5699632560000509,0,804,658,False,0.0847361534833908,0.1244348627579634,0.0936649227054283
median_L1,00011124_000.png,11124,pure,0.5685896873474121,1024,1024,05ec4b5f54659fcc37c1bcbb9ddc7d1b2ad1cc56677e7b2f118ba41f845a1d24,3d12a83093c735bbe5d3268e79bed727f6a44b374f2cb1459151b13c0cdddaf7,0f61644362e8c1519051edbcee7789153e8de2917647db974340256626b7e8ee,0.3324655369999618,0,512,804,False,0.0109720295295119,0.0,0.0
median_L1,00011237_094.png,11237,mixed_high_risk,0.6603847146034241,1024,1024,05ec4b5f54659fcc37c1bcbb9ddc7d1b2ad1cc56677e7b2f118ba41f845a1d24,83c0b0cb396e555a4f5abefd1229f43d513215b4b5f0efa5f89c9e039efd537e,f9f4817fcba7340113eadfa6c7883c2f484c0daea0020bab48c5f2030678e487,0.3537229219999744,0,511,365,False,0.0835307389497757,0.121220872336188,0.0347168646813763
median_L1,00011269_018.png,11269,mixed_high_risk,0.5456407070159912,1024,1024,05ec4b5f54659fcc37c1bcbb9ddc7d1b2ad1cc56677e7b2f118ba41f845a1d24,c0e249d6861986b4eb736c698981c9f57be089a3e98fbd510792f10de153bcef,8c68a810d61e741fbad2956a6bc03122236043e14be945b6f05fdd4d2567377f,0.4425307669999938,0,366,219,False,0.0057562459260225,0.0012091488147565,0.0
median_L1,00011366_002.png,11366,mixed_low_risk,0.6235191226005554,1024,1024,05ec4b5f54659fcc37c1bcbb9ddc7d1b2ad1cc56677e7b2f118ba41f845a1d24,c312f53008c151eff01e579ef37b40dd497cbe7118091db118299a3a40d9e20c,ecd5c48338a335fbaf12862a35f71194cad702d621264dc00f10b0e881a37d13,0.4403322529999514,0,658,366,False,0.5653178095817566,0.1722506229944142,0.0893561014352981
median_L1,00011925_072.png,11925,mixed_high_risk,0.6474307179450989,1024,1024,05ec4b5f54659fcc37c1bcbb9ddc7d1b2ad1cc56677e7b2f118ba41f845a1d24,066b4dbfd0dd9385da5042391626cbb1eebb77106d15bd54862fd714ad537da8,c1c45652b7e7d43852a5a2c5e07333cd7bcec52566f35ff1b90ea7d97803b5b3,0.4912459219999618,0,512,365,False,0.0773011669516563,0.0285176176925014,0.0040753016235357
median_L1,00012021_054.png,12021,mixed_low_risk,0.6371472477912903,1024,1024,05ec4b5f54659fcc37c1bcbb9ddc7d1b2ad1cc56677e7b2f118ba41f845a1d24,723a6e9f4a9c81cc4f246a071825bdf70db49027828c029734c2de4362fe84d4,29bae4cb3fc628de49b9b737c1e68496f41981d034ccc3ed59cc70a65b80dbd8,0.490005463999978,1,804,658,False,0.2490998357534408,0.3008636253652725,0.1623105811725812
median_L1,00012021_081.png,12021,mixed_low_risk,0.7114423513412476,1024,1024,05ec4b5f54659fcc37c1bcbb9ddc7d1b2ad1cc56677e7b2f118ba41f845a1d24,1f3977e55146f4fad2566592eb43a7f5a2afa3f92cbc75dc7a2db44dfd7a12f2,132121678eec4f4cea80f5e4dba127b569901d910fc92814dfd66a3edfe82baf,0.4459437749999324,0,365,512,False,0.0099928220734,0.0,0.0
median_L1,00012364_045.png,12364,pure,0.5373739004135132,1024,1024,05ec4b5f54659fcc37c1bcbb9ddc7d1b2ad1cc56677e7b2f118ba41f845a1d24,8c5dc98ceefc57e9f4e5e632383aa7260def0cf8e529451e570a47a97108cb57,efd25e0b73bbdb0acfd7be0af6a829ce0d049d81ac7951e46a0db6c922098dac,0.4319294639999498,0,511,511,False,0.1027074083685875,0.0986133425612378,0.0237624430571958
median_L1,00012376_010.png,12376,mixed_high_risk,0.646132230758667,1024,1024,05ec4b5f54659fcc37c1bcbb9ddc7d1b2ad1cc56677e7b2f118ba41f845a1d24,ea4463c658ea15e0d2e1d42c979dafe3c7b825b9721f2adce7bd02b3d893a5e3,37a6d52204f36fb5427ff273c1204875ff813d435675dc7cd416a773941bfb49,0.4489238919999252,0,658,512,False,0.0886766910552978,0.075874757101679,0.0
median_L1,00012505_007.png,12505,mixed_high_risk,0.6792164444923401,1024,1024,05ec4b5f54659fcc37c1bcbb9ddc7d1b2ad1cc56677e7b2f118ba41f845a1d24,98ff8423c4d102aff4ad75ab9c9f34489c87f92a8dd59d201909ce81eb427837,e63904a11e4ff3270222890cd46e90f16de29112975506b6173c001c4a005bc0,0.4559421860000157,0,0,804,False,0.062449213117361,0.0602671875312485,0.0
median_L1,00013106_000.png,13106,mixed_low_risk,0.4961561858654022,1024,1024,05ec4b5f54659fcc37c1bcbb9ddc7d1b2ad1cc56677e7b2f118ba41f845a1d24,39e9613c9d3bdb367da05b61a0ffd95021f84ad1cf1f9ff04fd701e84765db8d,bda80714052bb0edc2de1359aee917484ac043dfef4e1d48cbecae77bfd6dd93,0.5109283339999138,0,365,658,False,0.0542011298239231,0.0,0.0
median_L1,00013310_057.png,13310,mixed_low_risk,0.7027689218521118,1024,1024,05ec4b5f54659fcc37c1bcbb9ddc7d1b2ad1cc56677e7b2f118ba41f845a1d24,572414e7dbd22f8c57cce48771f6317c14d7bf679f7138d27eb939b1e87c907e,dcd0540c956f4e1bcddc4fe1bbe93a96b3c86b31e4067b1b01c9844b5a224641,0.3484253059999673,1,512,366,False,0.6962772011756897,0.5514542656401497,0.3514380074925164
median_L1,00013391_005.png,13391,mixed_low_risk,0.5718112587928772,1024,1024,05ec4b5f54659fcc37c1bcbb9ddc7d1b2ad1cc56677e7b2f118ba41f845a1d24,93d74ae4ee24763520ea8802b191f8872dc21219fbb4c41118db71410f329784,e30cb3307a97f129cb71dd521e6eec2e03c915ea795de0c4420dae4ba54264ae,0.4911026209999818,0,511,511,False,0.1078811958432197,0.0850855762860978,0.0504970076798602
median_L1,00013471_029.png,13471,mixed_high_risk,0.5671740770339966,1024,1024,05ec4b5f54659fcc37c1bcbb9ddc7d1b2ad1cc56677e7b2f118ba41f845a1d24,a440431974ccf846d5c35d6b58ccd43bbf4fcd4311385a05e9243270fdfff025,6d8c358de41703bb47fedb9b80d93a5e8ade8eeeb271c42f7f7260907b90c514,0.3488839369999823,0,365,658,False,0.0308703258633613,0.0,0.0
median_L1,00013670_151.png,13670,mixed_low_risk,0.5708653926849365,1024,1024,05ec4b5f54659fcc37c1bcbb9ddc7d1b2ad1cc56677e7b2f118ba41f845a1d24,70c9e3a3205a6476a29d145ca7d6bdc78e3737fb9c0e3ef324862bf68752eb32,af589bb8c821dfe2e8d53782b0d48c2092404514b7322c303a4fbe86e73c2d28,0.3468103920000658,1,512,511,False,0.5630818605422974,0.5216613690699741,0.2379759700896584
median_L1,00013922_021.png,13922,pure,0.5766902565956116,1024,1024,05ec4b5f54659fcc37c1bcbb9ddc7d1b2ad1cc56677e7b2f118ba41f845a1d24,8aff7a54d9fb811266813cca04c906625026fb15f29903312be24074d56e9c36,a5d38394eb021082d12cb5232134a74e118ceed1888490e28ef5a7d202c5e4f8,0.3741901859999643,0,658,804,False,0.0269415043294429,0.0032975323607449,0.0
median_L1,00013922_022.png,13922,pure,0.5736880898475647,1024,1024,05ec4b5f54659fcc37c1bcbb9ddc7d1b2ad1cc56677e7b2f118ba41f845a1d24,4ab4e189de03f0562ffbd592ad2eef2084941676e313cbec168afd8cc3e106b9,5827a87e48d6f6a57e04b6e0b056dbe6ea622ea11f4e8a28b23958f2954b939a,0.3269466159999865,0,805,512,False,0.0991552919149398,0.0982526788400564,0.0807471479256508
median_L1,00013993_083.png,13993,mixed_high_risk,0.7379403710365295,1024,1024,05ec4b5f54659fcc37c1bcbb9ddc7d1b2ad1cc56677e7b2f118ba41f845a1d24,8652999b0c1a40009e6e0a10d45e443a859c18fde1d9bb3c54a0d78e0c003398,779b6d60e8d596ec7612a08a36628ed63c1a6fd4cf381d85376fd4d20ba1811c,0.3444478309999113,0,511,219,False,0.2449282854795456,0.3598921827273815,0.2198554583491822
median_L1,00014203_018.png,14203,mixed_high_risk,0.6622958183288574,1024,1024,05ec4b5f54659fcc37c1bcbb9ddc7d1b2ad1cc56677e7b2f118ba41f845a1d24,74b3c21de014ec4ddf20848bb0dff625a90fc6c1b0aa9126b2d28847470e1644,b2b9793586587af64f77f60d48492cced55517b1bf62ab350cddeae2f7908c03,0.3694082680000292,0,804,219,False,0.1382388621568679,0.2391687098961865,0.1096980229303963
median_L1,00014251_029.png,14251,pure,0.5149779319763184,1024,1024,05ec4b5f54659fcc37c1bcbb9ddc7d1b2ad1cc56677e7b2f118ba41f845a1d24,7d5ab72dc850f6bcdebd47fc48241a55afdba7b11faf488cf8fc7db2efdb7869,296e103a47ba15c5c2a4c40cca877cd52bcdcb593ccce77e952249f0538fb191,0.3370117880000407,0,512,804,False,0.6856973767280579,0.5338784726252149,0.2947868474940877
median_L1,00014617_003.png,14617,pure,0.4560559391975403,1024,1024,05ec4b5f54659fcc37c1bcbb9ddc7d1b2ad1cc56677e7b2f118ba41f845a1d24,f092fa90b1c085793ff3a9baf36379916f7e231cb6b27095f887077c42e6e487,8c9db46ba5b1e16b35262b99208ab69d122482429494d0e8c9315d62b7349f46,0.2850588810000545,0,657,219,False,0.0004578174848575,0.0,0.0
median_L1,00014738_000.png,14738,mixed_high_risk,0.6421141028404236,1024,1024,05ec4b5f54659fcc37c1bcbb9ddc7d1b2ad1cc56677e7b2f118ba41f845a1d24,634accfaa2c00c61d4966946dde29c47b20ecc3e9689361925db84c771c1baee,4da4d609c809f3bffaa0040b6199155219bb3d504a2d0bd2dcff79aa70dce538,0.3443513729999949,1,366,511,False,0.1732721477746963,0.1655155140691077,0.1452744389124263
median_L1,00015069_001.png,15069,mixed_low_risk,0.6315414309501648,1024,1024,05ec4b5f54659fcc37c1bcbb9ddc7d1b2ad1cc56677e7b2f118ba41f845a1d24,c16bf3b77e34d53b2b3cee4cc8ce2185aa11821b41c16866cb88ea9424d36b55,5ac31858e4a87333c7dad5bfb40814abca3283e5e698613eec59293fa6367681,0.3514863839999407,0,0,951,False,0.3759416937828064,0.1240287557667626,0.0530718595721338
median_L1,00015732_020.png,15732,mixed_low_risk,0.6068858504295349,1024,1024,05ec4b5f54659fcc37c1bcbb9ddc7d1b2ad1cc56677e7b2f118ba41f845a1d24,090e28226a1b30db7c6f689dde8aae2dceb700ba93c9c155f4e65db877cdfc47,7a39d9b576931edca9786080d2858704a361dd1fd4bd3b805b4c030da956cff3,0.3483326189999616,0,658,511,False,0.1321087628602981,0.2393166200050903,0.4988132046597333
median_L1,00015831_011.png,15831,mixed_high_risk,0.4023002982139587,1024,1024,05ec4b5f54659fcc37c1bcbb9ddc7d1b2ad1cc56677e7b2f118ba41f845a1d24,aef1681f9242e1734cd47936cfd49ac46841ffcfcce6c9b3270ea7ab9363f323,b4b7a249a788b70dee313798151f452c1b2539a9a6d00337c5ce4aa6d94c8037,0.2985984530000678,1,804,804,False,0.2412222176790237,0.2456678423554669,0.2265109807005868
median_L1,00016094_007.png,16094,mixed_low_risk,0.3171036839485168,1024,1024,05ec4b5f54659fcc37c1bcbb9ddc7d1b2ad1cc56677e7b2f118ba41f845a1d24,af43a8f39d3c2052ac76afbcc9476edb3fc919d7b93d9bb00f8b98f9f1cf93ee,6cb86f620638f5c41ef06913c6b2fc005288a538bd1bdc97adfad828ce0cee9e,0.2841675429999668,0,511,951,False,0.0018544062040746,0.0,0.0
median_L1,00016191_004.png,16191,mixed_high_risk,0.5265766382217407,1024,1024,05ec4b5f54659fcc37c1bcbb9ddc7d1b2ad1cc56677e7b2f118ba41f845a1d24,2c77be6abda014b4c59f80973c4e86e90f6622c46b32279f93c0f78b2d6c8bc8,5d2d2258f2b724543df933c61eb28dd48515138ef7c2e2def3b3f5e66d448fa4,0.3028739730000325,0,365,219,False,0.0868409797549247,0.000805226030349,0.0
median_L1,00016417_008.png,16417,mixed_high_risk,0.4618311524391174,1024,1024,05ec4b5f54659fcc37c1bcbb9ddc7d1b2ad1cc56677e7b2f118ba41f845a1d24,39e23eab50dc6de6d976a2628ad94c79eaa8aacdcbda3e21722c954049b75491,9d2d8073755ef7f543e905cc9383ee32017c24fde724a78c2dce0aab2e5e5bac,0.3329044529999692,0,219,0,False,0.0359047912061214,0.0061332012428513,0.0
median_L1,00016705_006.png,16705,mixed_low_risk,0.6104426980018616,1024,1024,05ec4b5f54659fcc37c1bcbb9ddc7d1b2ad1cc56677e7b2f118ba41f845a1d24,4ee6fc7ce23038c613bf447fd8030d4bf002eb92eac40146d7898ed940e97f43,0b7c9333ae87dafb755afcf126f22f118e3d46a5287a71a52f0d863715b6b0ca,0.3339557770000283,0,512,658,False,0.0468935221433639,0.0404386566141192,0.0
median_L1,00016732_040.png,16732,mixed_high_risk,0.6453967690467834,1024,1024,05ec4b5f54659fcc37c1bcbb9ddc7d1b2ad1cc56677e7b2f118ba41f845a1d24,aa0f276427b1a49fe421fb296f0cb0fa46d4334f81504021a62132dec79245f3,58defec414607d4a0efb8b18d22974d1d109c10fc9a05f019d412bbceb4f3735,0.3200022479999234,0,511,365,False,0.0250546000897884,0.0,0.0
median_L1,00016786_001.png,16786,mixed_low_risk,0.6004942655563354,1024,1024,05ec4b5f54659fcc37c1bcbb9ddc7d1b2ad1cc56677e7b2f118ba41f845a1d24,78799b7e97c20ea9918535cf342502cc8d5f5b0b15c3e79e91cfdd4182ccbee6,2373f0bfb4e2a44679c28402c4b9068708590b09dc7d21832731bba14dfe3653,0.3618684269999903,1,658,512,False,0.2994123697280884,0.3619447542812151,0.3950609614040537
median_L1,00016786_009.png,16786,mixed_low_risk,0.5611408948898315,1024,1024,05ec4b5f54659fcc37c1bcbb9ddc7d1b2ad1cc56677e7b2f118ba41f845a1d24,b26164767fa62d7f63f7f997785b08effaa3181428e0841376a942715cf9b5fb,41d3f26434a7c4936b443b7a8d17e22d7115b6c36d74eba76fa2d87ba72cba20,0.3270857180000348,1,511,512,False,0.2058634012937545,0.209230712720238,0.1540238070035316
median_L1,00017083_002.png,17083,mixed_high_risk,0.5209178328514099,1024,1024,05ec4b5f54659fcc37c1bcbb9ddc7d1b2ad1cc56677e7b2f118ba41f845a1d24,d9fd7b0b5bf6d68d77bd3eecf743a70f4ba9af901cd72fd2165770a674e34175,da59cdf06eaae54306c903e3f4054e2e79ef9340e521af146467d898ee3f06de,0.2955583899999965,0,804,511,False,0.0130151724442839,0.0,0.0
median_L1,00017138_037.png,17138,mixed_high_risk,0.6100042462348938,1024,1024,05ec4b5f54659fcc37c1bcbb9ddc7d1b2ad1cc56677e7b2f118ba41f845a1d24,f33a57e4a6a310275a4f04a6028b9115c8aaccfc2b243b12caef209cc44b7571,f11646ae3e2262863655297a6a1ad643721a43b00223898516f51c81423864e8,0.3300609310000482,0,804,511,False,0.0596546865999698,0.0,0.0
median_L1,00017544_003.png,17544,mixed_low_risk,0.5656107068061829,1024,1024,05ec4b5f54659fcc37c1bcbb9ddc7d1b2ad1cc56677e7b2f118ba41f845a1d24,9ff32c91a182ac5276987ac91c0f877a465f935f93c3ed9b81775b4b947ed58f,e62953c8081923311c764fce682f214b66de8fdd3c3840888806ca0d3ee8cbc1,0.3326759599999604,1,658,365,False,0.4032436013221741,0.3640301715968962,0.2044011476142323
median_L1,00017714_009.png,17714,pure,0.5608114004135132,1024,1024,05ec4b5f54659fcc37c1bcbb9ddc7d1b2ad1cc56677e7b2f118ba41f845a1d24,5179cf202faa154ad6c1ae802d9533c82c1bcfb0e2a8c0ad098689bd3bd174b9,236e3bfa7d92d9e33a499e869d1687e7286bf2b7bb5c9e40ee9f0f4da0a53421,0.3176599259999193,0,512,512,False,0.0933119803667068,0.162313498025787,0.0231363138400542
median_L1,00017972_032.png,17972,mixed_low_risk,0.672404944896698,1024,1024,05ec4b5f54659fcc37c1bcbb9ddc7d1b2ad1cc56677e7b2f118ba41f845a1d24,2429302fed93ee1aa5be96a1df4fcd8916fe95ad188717534e9242cb6d4d2971,9100da001649f92d09f3565399aa472933e2fd51dc88e906d3afb3625832a79c,0.3577744919999759,0,658,658,False,0.0981186181306839,0.0354503906162055,0.0003006999626909
median_L1,00017981_014.png,17981,pure,0.5269812345504761,1024,1024,05ec4b5f54659fcc37c1bcbb9ddc7d1b2ad1cc56677e7b2f118ba41f845a1d24,0ba1561f33ac1a9cc828b09de19bb5de03c34353e9246b3718c98646317cda0b,45292d42a29a79bed1a5a544bd6a77eeacebe000f31aeea1039310141e023fde,0.3186072480000348,1,365,365,False,0.1137372404336929,0.1353110576354096,0.3827998162046255
median_L1,00018253_054.png,18253,mixed_high_risk,0.6388334631919861,1024,1024,05ec4b5f54659fcc37c1bcbb9ddc7d1b2ad1cc56677e7b2f118ba41f845a1d24,d0ba6ac7178ea6e4e6a1dbffa24f6ab3efc65daec8c540dce91980fc5866d51c,a12b852bcbf92a59b59a3bc16be39d3945195558ad88453747baf346c677b7a4,0.3730097339999929,1,365,512,False,0.1246895566582679,0.1700864369001083,0.2201152527305054
median_L1,00018253_059.png,18253,mixed_high_risk,0.6199080944061279,1024,1024,05ec4b5f54659fcc37c1bcbb9ddc7d1b2ad1cc56677e7b2f118ba41f845a1d24,0ef2d2aa7ea4d982e8d867534eebcec35a8e686e0b8ffb9ab88e79f849e5e27c,7b1efe97be46c313796407f4ddf03994fdb7ec48f1a718c19e92126849ab2b37,0.4849767399999791,0,512,657,False,0.0879809409379959,0.002553770759597,0.0
median_L1,00018393_000.png,18393,mixed_low_risk,0.260455310344696,1024,1024,05ec4b5f54659fcc37c1bcbb9ddc7d1b2ad1cc56677e7b2f118ba41f845a1d24,2ba3a61913f5097dbe0fa367458dc8350a58d4dd986fff647b0e571bfdb88afa,6acd11e9fdcb10d1e1593895073d761780970d7c2690f64437fe9b6666b43aed,0.3414581600000019,0,0,951,False,1.097432800634124e-06,0.0,0.0
median_L1,00018721_010.png,18721,pure,0.2085586637258529,1024,1024,05ec4b5f54659fcc37c1bcbb9ddc7d1b2ad1cc56677e7b2f118ba41f845a1d24,cbcbb14674acde8a235a05a59934e9c10c75f99f287bd1556fc3d73e385eae07,3b05b0b06b4bec860292b7ebe90757da75c982dc2bddc27913c6c44b06755fdb,0.5817331710001099,0,951,951,False,0.0,0.0,0.0
median_L1,00018921_038.png,18921,mixed_low_risk,0.6126209497451782,1024,1024,05ec4b5f54659fcc37c1bcbb9ddc7d1b2ad1cc56677e7b2f118ba41f845a1d24,87b52e8daf487ee576edf4cfe753f93ee24901fd2ad526f7a9ed603de9cbe41e,c3671cc20c0f3c6fa85d8b4c882f743ec68e92118da5b5039f31d51f1288ae09,0.4894254229999433,0,658,511,False,0.1954772323369979,0.200407715860875,0.1419719163934737
median_L1,00019018_007.png,19018,mixed_high_risk,0.6091798543930054,1024,1024,05ec4b5f54659fcc37c1bcbb9ddc7d1b2ad1cc56677e7b2f118ba41f845a1d24,1436ec6fa9b175cec069d7aeac0c32ff3ebb0a94e727eafc45cd0a03277f93e3,53472a649d1162b45333f92e5900b547614975500a67838777bd2b049a960323,0.4640834079999649,1,658,658,False,0.5771233439445496,0.3910145814342984,0.1117129221424472
median_L1,00019150_002.png,19150,mixed_low_risk,0.5645476579666138,1024,1024,05ec4b5f54659fcc37c1bcbb9ddc7d1b2ad1cc56677e7b2f118ba41f845a1d24,def6365825ebd2aa0a60c18a076dd08fb7eb7fc4cf9a989265e2504b8f1f15eb,a950fd5a11541bbbfe297f23c2ecd78153fbacf6d3fbd5aa7563ee09619eaa05,0.4485947059999944,1,658,511,False,0.2216264009475708,0.1665945662272085,0.091710701464241
median_L1,00019363_043.png,19363,pure,0.5233502388000488,1024,1024,05ec4b5f54659fcc37c1bcbb9ddc7d1b2ad1cc56677e7b2f118ba41f845a1d24,a239ffaf8f5a7de68b7f565819b31d929a567dcc05d7105c7a211865463e4f62,a3e0b387864582ff3b674f304a3db5649384e21efea635c4d5799bce2f800fa4,0.4376921069999753,1,511,512,False,0.1342599093914032,0.154506346253285,0.2189908142009948
median_L1,00019625_002.png,19625,mixed_high_risk,0.554013729095459,1024,1024,05ec4b5f54659fcc37c1bcbb9ddc7d1b2ad1cc56677e7b2f118ba41f845a1d24,da0ab46470a3b653764ef27bc349c42e2c4e1f61688c21cb259decc88306dab6,26d40150ff39f28deb6bd25aff44051b651abf4bf0b121f04a47c78bafeac9ed,0.5128873799999383,1,804,512,False,0.354064792394638,0.2028547384245831,0.083190569902675
median_L1,00019634_004.png,19634,mixed_low_risk,0.5410206317901611,1024,1024,05ec4b5f54659fcc37c1bcbb9ddc7d1b2ad1cc56677e7b2f118ba41f845a1d24,7ed550f454f971af125670497d3fd1ce88accdcfb4881ad5f52dce9171f69b01,799e3aa202279b8727478229cddb876de65e087223b0e97e361a5d6eaaaf5033,0.4660628749999205,0,365,658,False,0.0460498183965683,0.0,0.0
median_L1,00019646_006.png,19646,mixed_high_risk,0.6326479315757751,1024,1024,05ec4b5f54659fcc37c1bcbb9ddc7d1b2ad1cc56677e7b2f118ba41f845a1d24,bdfe1956d6c9492d904c4264e98b70a2f9e44a175d6e504c52937d4d1f8efc31,fa6edde5dba423121a7146226f033d1cd6db855c66758dc10a59427e6f9421f5,0.3326199880000331,0,511,366,False,0.0492857955396175,0.0187831186809823,0.0
median_L1,00019706_012.png,19706,mixed_high_risk,0.5949154496192932,1024,1024,05ec4b5f54659fcc37c1bcbb9ddc7d1b2ad1cc56677e7b2f118ba41f845a1d24,e2c476582bfe452eef58b9c31b95db01bb569aa8d51603d58383fcebe0183418,97cde81839c738a1723164fcae770dc65ef6896761fd317f7b6788bfeee9946d,0.3337276120000751,0,512,658,False,0.0294715277850627,0.0,0.0
median_L1,00019750_012.png,19750,mixed_high_risk,0.5637097358703613,1024,1024,05ec4b5f54659fcc37c1bcbb9ddc7d1b2ad1cc56677e7b2f118ba41f845a1d24,d6a180e79e0b69e0f29aa1aa8c1712dae6e98b5bcd4258f0d3a6759a10b9fb67,b81707d687c4ced4d67449273014f26ed30b0b337d7b4559437c9489b079705a,0.3419061570000394,1,804,366,False,0.654762327671051,0.2312338725178967,0.1668463796660454
median_L1,00019750_029.png,19750,mixed_high_risk,0.6051456928253174,1024,1024,05ec4b5f54659fcc37c1bcbb9ddc7d1b2ad1cc56677e7b2f118ba41f845a1d24,1eeb31668ff711e793fa85ebd8e7a2993b4ecf8f7d2dde79300ac845b8bb75dc,b4726c96d5ca412d50374ad239904f6d3a4c550b6cc597c79fe97cee9f32ed20,0.3619018509999705,0,512,658,False,0.1190032362937927,0.14609386218479,0.2323343870353243
median_L1,00019769_014.png,19769,mixed_low_risk,0.4955457150936126,1024,1024,05ec4b5f54659fcc37c1bcbb9ddc7d1b2ad1cc56677e7b2f118ba41f845a1d24,0141d8f4312e26bd23b11ff021fc832ecea0c37e54c677fc89e8e8d62cd4929e,4a5739f996df334a81bf03b507ea1557ed3d6081700a35dc3a24d9cd46447927,0.3048386919999757,0,511,804,False,2.232481347164139e-05,0.0,0.0
median_L1,00020113_030.png,20113,mixed_high_risk,0.5542663335800171,1024,1024,05ec4b5f54659fcc37c1bcbb9ddc7d1b2ad1cc56677e7b2f118ba41f845a1d24,4e7ab5867514e5884a667bae3861f19586b0d185b9d80009a4d88c2ff247c9ab,735fecadf015e7c5c512adbb4d30bb7f032afd9bb357673ceba511bd4375ac17,0.3414729169999191,0,658,511,False,0.0404798053205013,0.050251256281407,0.0507521507185081
median_L1,00020184_013.png,20184,mixed_high_risk,0.7007445693016052,1024,1024,05ec4b5f54659fcc37c1bcbb9ddc7d1b2ad1cc56677e7b2f118ba41f845a1d24,38c41d488d25afd9b0974ce2118a3088ad730fb48e9d8d39a6e0147d59051427,7e9230c1462feaf0b61ce2f1f1b51fc8e2d17f6733e7b61a65b3a6d7e7a79073,0.3786947300000065,0,0,951,False,0.1297370046377182,0.1892429193899782,0.0672005968649364
median_L1,00020259_002.png,20259,mixed_low_risk,0.5062189102172852,1024,1024,05ec4b5f54659fcc37c1bcbb9ddc7d1b2ad1cc56677e7b2f118ba41f845a1d24,3b4e41ce2fb231536725b6793ff628a5ec7130fc1c3768a958a059993d5bb49b,f4c022beb961aa4f2a9b133a9396b5caf10a7daf74484f7dea8f9886dc79d189,0.3261885699999993,0,658,804,False,0.1153393611311912,0.1375878019530581,0.1051729173143411
median_L1,00020405_041.png,20405,mixed_high_risk,0.5241178870201111,1024,1024,05ec4b5f54659fcc37c1bcbb9ddc7d1b2ad1cc56677e7b2f118ba41f845a1d24,5e5cca5b31a2bb36dce5c3495d1d2113d3da555333668edbaf8d7fbdf4dcf524,dd92492ae2d99d427384152c113a0d0fb99d9a0a4c4ca6e575f3329d879929bd,0.3138955699999997,0,512,219,False,0.1500855833292007,0.1114014371137128,0.0465181660899653
median_L1,00020482_011.png,20482,mixed_low_risk,0.4714083075523376,1024,1024,05ec4b5f54659fcc37c1bcbb9ddc7d1b2ad1cc56677e7b2f118ba41f845a1d24,658e25348f9d83731530a1d64be1aea66e10bd02e3b67d24f0d8b6919c28d7e6,9793163acc8e7d4e113da512344ec26d7824d11ae5e05f2fe3c5cbf2a20a9d34,0.2799278480000566,0,804,512,False,0.0406672395765781,0.0150467459145883,5.077860528097495e-05
median_L1,00020482_032.png,20482,mixed_high_risk,0.5863341093063354,1024,1024,05ec4b5f54659fcc37c1bcbb9ddc7d1b2ad1cc56677e7b2f118ba41f845a1d24,9c99a41bc80940a21232358d2703d140ee2040b9e5318fd71437b1fd40e2b544,bb172182d11f419293fd69a0f8c475f8ee6ac0069b8e9e6219c0fdd01650e532,0.3372496139999157,0,657,366,False,0.1732148081064224,0.1896143776061027,0.273177309530896
median_L1,00021009_001.png,21009,mixed_high_risk,0.5972306728363037,1024,1024,05ec4b5f54659fcc37c1bcbb9ddc7d1b2ad1cc56677e7b2f118ba41f845a1d24,0790beb9ef2906a80f19a3256c4d4fc9a77208c54a494dfb5bed90fac247fc89,7c99ce1b0855196fd824339773ebe4794cabb3ffd3503c5f1805eaec68b2d848,0.341804111999977,0,804,658,False,0.5790692567825317,0.4590747748954054,0.2191897922954486
median_L1,00021201_010.png,21201,mixed_high_risk,0.5553377866744995,1024,1024,05ec4b5f54659fcc37c1bcbb9ddc7d1b2ad1cc56677e7b2f118ba41f845a1d24,9f6e9530a39f5b1fba60bb04167cfec1d4dbbcc429c5680c3db1dba433f61a24,75e73f3c6f43ba22b0ca090658f01f29260b0b434064151133832a5fa0a66a93,0.3575354549999474,0,366,658,False,0.1202542558312416,0.103748948789448,0.1006617394632689
median_L1,00021703_001.png,21703,mixed_high_risk,0.5603172183036804,1024,1024,05ec4b5f54659fcc37c1bcbb9ddc7d1b2ad1cc56677e7b2f118ba41f845a1d24,12422cd8daeb7889833291bd3535c0a537cd5720969de6b84adbcc40d68fb95d,0b4b78e46d598c858003c8a42d5922eb4105b857e9c0f54a72c75d21f44fcc21,0.3211480609999171,0,951,951,False,0.001871250453405,0.0,0.0
median_L1,00021710_003.png,21710,pure,0.593113124370575,1024,1024,05ec4b5f54659fcc37c1bcbb9ddc7d1b2ad1cc56677e7b2f118ba41f845a1d24,6b3801375e8d760b3c11ab47cefb402d403d910e5689884ea3df92c7a4b8d844,44a5967ff02fc54d8a689a8a92bc5922a2bdfe0673a12218c3dcd5ae17c609af,0.3224551890000384,0,511,804,False,0.0900515168905258,0.1223536157819817,0.125529978103806
median_L1,00021840_016.png,21840,mixed_high_risk,0.4868519008159637,1024,1024,05ec4b5f54659fcc37c1bcbb9ddc7d1b2ad1cc56677e7b2f118ba41f845a1d24,62b82be0d15d50a14c94b13ceb36ebbdb0a53c336be89240d6cd4b38ba49d814,93c7ca9cda53f606d51a7be857b6b6e1bc04f560e5fe019eb9de5bcb14da0054,0.330655041,0,365,658,False,0.1707281768321991,0.209232286848064,0.1472473539968121
median_L1,00021926_007.png,21926,pure,0.6564977169036865,1024,1024,05ec4b5f54659fcc37c1bcbb9ddc7d1b2ad1cc56677e7b2f118ba41f845a1d24,913061d126683ea6ab96a4b1272c2b48ae5d7a0c470a3fd1a5c1d3c8dac05daa,904bc607a65623b14a9b4f4856fc2c925c76ee28c22aa8217e19e45aef1e7627,0.3607264639999812,0,658,658,False,0.0206160396337509,0.0,0.0
median_L1,00022369_013.png,22369,mixed_high_risk,0.5129483342170715,1024,1024,05ec4b5f54659fcc37c1bcbb9ddc7d1b2ad1cc56677e7b2f118ba41f845a1d24,d1c12a23f334faeca20e5e433d8af77c6d1e5019ebed99462746b01fa5dc1a3c,4b977c522ed78c7384e46714b2436f64fa8f2df2fa49449208c9c1982256e024,0.3081861770000387,1,658,512,False,0.3245350420475006,0.2678476498471625,0.2025046895660998
median_L1,00022416_048.png,22416,mixed_high_risk,0.5029323697090149,1024,1024,05ec4b5f54659fcc37c1bcbb9ddc7d1b2ad1cc56677e7b2f118ba41f845a1d24,271cd2a773cf141fe2dcd522c365f39fa10e1d27e69b82d9e356fdf3446b6b19,7f9257716d28a0c3651bc35194f13a88e4941c70fef8f97ea1a693dd795087f6,0.320616718999986,0,804,219,False,0.2859708964824676,0.055116114294091,0.0243628399135282
median_L1,00022470_006.png,22470,mixed_low_risk,0.5340657830238342,1024,1024,05ec4b5f54659fcc37c1bcbb9ddc7d1b2ad1cc56677e7b2f118ba41f845a1d24,46fbd9f9666ada5579999f3c5470f698d2253f8b9965310e2e61c4e701cb68af,df151b14eed32df2b55348f22033a6f9a05f1ecab25e74d3f2f943ae9717ad39,0.745577088999994,1,658,658,False,0.809553325176239,0.0935466517472886,0.0415583577207781
median_L1,00022727_000.png,22727,mixed_low_risk,0.5572692155838013,1024,1024,05ec4b5f54659fcc37c1bcbb9ddc7d1b2ad1cc56677e7b2f118ba41f845a1d24,e28de344509806b12bfe32b1a81bcf17930303974f6e6b3b26d587aa21f9ee21,d33383f72a9036f084a7bd76c7df2effd85cd200514fc9da07a882fc44cf4a73,0.3566267260000586,0,512,658,False,0.3531594276428222,0.2175283795917753,0.1193724026181305
median_L1,00022899_014.png,22899,mixed_high_risk,0.6049631237983704,1024,1024,05ec4b5f54659fcc37c1bcbb9ddc7d1b2ad1cc56677e7b2f118ba41f845a1d24,69d7c42ab0f2eff6398457e6ca0f29759231a4fa94c4ef026a8a9f6c24fb6aae,cd304df3cb309112399c498945aeecad8458c1bc9e6026feb2c20a389a2c4aa3,0.3457729589999871,0,512,511,False,0.0406266599893569,0.0,0.0
median_L1,00023026_008.png,23026,mixed_low_risk,0.4487982392311096,1024,1024,05ec4b5f54659fcc37c1bcbb9ddc7d1b2ad1cc56677e7b2f118ba41f845a1d24,a9adf239266a06145af272657ada0ce9f9f4c8b5613528c1085dd9acaf809ac4,cea0dc977f7d0c09ea26c1a76f8c373a0d4d8c911c6fa23880d32b9ea2136b1f,0.3027159790000269,1,658,658,False,0.5322869420051575,0.1885842318467358,0.0889018903144023
median_L1,00025521_003.png,25521,mixed_high_risk,0.6631323099136353,1024,1024,05ec4b5f54659fcc37c1bcbb9ddc7d1b2ad1cc56677e7b2f118ba41f845a1d24,9424225ec2f619a876e6e0424ec286d2868b1b9dc6d31db78b60a4d3eb3e28e8,1c761f9fa7f8ef576b3210bac517532944f1b274ba95d4ee4998968c8d853ed1,0.3315292529999851,0,512,658,False,0.0926218852400779,0.1120432585248726,0.17188508904777
median_L1,00025787_027.png,25787,mixed_high_risk,0.6665740013122559,1024,1024,05ec4b5f54659fcc37c1bcbb9ddc7d1b2ad1cc56677e7b2f118ba41f845a1d24,15e56b725ef24eb90d3a000e7e2ed9cf9af60b23629c3d427339801f9ab511a1,56bc309da82b97ea303d05d21a7ef180c10fd5a40e4c2a1822a79bb74f73bd58,0.3617750290000003,0,658,658,False,0.2066102772951126,0.2432004993399771,0.2251699323339419
median_L1,00026098_003.png,26098,mixed_high_risk,0.6798797845840454,1024,1024,05ec4b5f54659fcc37c1bcbb9ddc7d1b2ad1cc56677e7b2f118ba41f845a1d24,b37a1b4893500fb9eb075df1242b50ac003088c4bbf36e40e6588d2422bbfd8b,1838b7d7880854bfbdf4a6872de508a8d4232b57d37221474ef93f7e72a1a1aa,0.3355499980000331,0,512,366,False,0.0391557477414608,0.0006458530325543,0.0
median_L1,00026194_010.png,26194,mixed_high_risk,0.6105598211288452,1024,1024,05ec4b5f54659fcc37c1bcbb9ddc7d1b2ad1cc56677e7b2f118ba41f845a1d24,17e6341b2e96550a08c237234e0e6380228f8d1ce5676ca07d69e2b551242a14,3d837985544faa74770c9e4bbd31dab0b640ab9d32ea5fb6831cca9dbc4aca47,0.3408729499999481,0,511,658,False,0.0306778512895107,0.035224303361341,0.0
median_L1,00026538_012.png,26538,pure,0.6023083329200745,1024,1024,05ec4b5f54659fcc37c1bcbb9ddc7d1b2ad1cc56677e7b2f118ba41f845a1d24,9388d6f992301685c9e39c3e74bfadc12dd057018e52a10fc95201d8339bcbc5,f0f7a0a305dbbd81028ecf84e5e954c4b2fbfcb27aebec132bd3989271be7dc8,0.5174066050000192,1,658,511,False,0.1850326210260391,0.4742252861254267,0.5478377988359229
median_L1,00026538_034.png,26538,mixed_high_risk,0.6097897887229919,1024,1024,05ec4b5f54659fcc37c1bcbb9ddc7d1b2ad1cc56677e7b2f118ba41f845a1d24,c36f26728ec97446dfc76b7624d7204f54d79caee71615de95b41f793b6db315,c8731593bbe412ca21bb3f56bf252dcebbed3fd71c135dbe50f1c5b6bc656045,0.4711102539999956,1,657,512,False,0.2329910546541214,0.3116456834532374,0.4835816315143399
median_L1,00026865_003.png,26865,pure,0.5198098421096802,1024,1024,05ec4b5f54659fcc37c1bcbb9ddc7d1b2ad1cc56677e7b2f118ba41f845a1d24,26e27c7f6fc17450a1c5a64491dd1e0cd27b172d00109ac3fd8974e1d5623407,bfa2618a739e9521d8c3690742ffa33ba3b24c8a6886ba5a3bd992f2a6008e37,0.473649231999957,0,511,365,False,0.0268632695078849,0.0,0.0
median_L1,00026911_000.png,26911,mixed_high_risk,0.5923206210136414,1024,1024,05ec4b5f54659fcc37c1bcbb9ddc7d1b2ad1cc56677e7b2f118ba41f845a1d24,efc65dbd057ff6ccccf5bf2b1300609272301e72577167cfbab52f3fd455b977,769acaee1d8159c66286e208006b61c41e99393bd003f6db9527f01d2829aede,0.4966557059999559,0,512,512,False,0.1379270851612091,0.1415905829320044,0.1110930698757861
median_L1,00027113_002.png,27113,mixed_low_risk,0.575602114200592,1024,1024,05ec4b5f54659fcc37c1bcbb9ddc7d1b2ad1cc56677e7b2f118ba41f845a1d24,7cb101f0f046f63470f69b75d4c2d19bdcdb9a9714d5fec9f185c6f3e509e562,5e8822db74260014f31e5fbb1de2068fc1fb06cf042ba9f6b276daf6071fa342,0.4644137000000228,0,512,951,False,0.1367993354797363,0.1427730927632869,0.1186048171912508
median_L1,00027357_014.png,27357,mixed_high_risk,0.6576769351959229,1024,1024,05ec4b5f54659fcc37c1bcbb9ddc7d1b2ad1cc56677e7b2f118ba41f845a1d24,c8251bb19487c31439d9310442cba800edd4a4bd42a99d1530b764839b049a6e,8611ee7ec59db8de858103e4eedd4bdd58bed29e05a34d5326dea4640c0c6ca4,0.4853961180000397,0,511,511,False,0.0670677870512008,0.1054429611650485,0.0307324178110694
median_L1,00027441_002.png,27441,mixed_high_risk,0.5715678930282593,1024,1024,05ec4b5f54659fcc37c1bcbb9ddc7d1b2ad1cc56677e7b2f118ba41f845a1d24,5d75eda0f89a490558a613edb2fa114bd4c629b1ddf143498d7621d08959d294,fb3bbb16f550698cf179b096661f9ec630108e0df2c6ea45ae78f593e77d0021,0.4279600720000189,0,658,658,False,0.0875390022993087,0.1191074331313728,0.0116906322749384
median_L1,00027479_013.png,27479,mixed_high_risk,0.649007260799408,1024,1024,05ec4b5f54659fcc37c1bcbb9ddc7d1b2ad1cc56677e7b2f118ba41f845a1d24,b796a84af7854c58b64a86fe4282f1623dd6830149bdebdd374292ff2efeb5cb,e019190c0828f529ceabe149a442c6192a8af1ae7dab328c26738502e12235d2,0.5199515450000263,0,219,365,False,0.5960082411766052,0.3550382886274172,0.151175408905107
median_L1,00027927_008.png,27927,mixed_low_risk,0.4834399819374084,1024,1024,05ec4b5f54659fcc37c1bcbb9ddc7d1b2ad1cc56677e7b2f118ba41f845a1d24,29c26ace8424e20ce0e4d2dcb2a6f8130396e101251beb02d64a2ed3da4bd89b,0c002186d40e9fe837c8f04e8c8e442d206108fd943d185a89ca79e4d62a0175,0.4563528940000196,0,219,804,False,0.0571688152849674,0.0551752863589031,0.0203332580869012
median_L1,00028208_005.png,28208,mixed_low_risk,0.5742234587669373,1024,1024,05ec4b5f54659fcc37c1bcbb9ddc7d1b2ad1cc56677e7b2f118ba41f845a1d24,269eb6caf1a7bd8779f6a9e6439834842f5a1aca546871ca8e22a35066516ac9,d16504cd2f53186f0a58f8ed846a39480f4a3a249588c8c70fc764e6ba35eab0,0.3317563860000518,1,511,658,False,0.3958008289337158,0.3187701041114986,0.1809461475235167
median_L1,00028285_014.png,28285,mixed_high_risk,0.6105393171310425,1024,1024,05ec4b5f54659fcc37c1bcbb9ddc7d1b2ad1cc56677e7b2f118ba41f845a1d24,57b219caf8e8f11c7698062e046cb3ce21b4118eaff53131960f0b3f0efc3f9f,29bfd703ff708da0750b7cdacebe91ea5824dd4d0340aba9aac2abaedaa7d77e,0.3402441110000609,0,365,511,False,0.1144048050045967,0.0658567393972615,0.019948324010196
median_L1,00028383_002.png,28383,mixed_high_risk,0.5195347666740417,1024,1024,05ec4b5f54659fcc37c1bcbb9ddc7d1b2ad1cc56677e7b2f118ba41f845a1d24,b4f8bb424c99c864546c6016a01966b53f5ac81aab30782e0d2d330e690ea597,7a66813c78507bec7c71b6750931f3360b1fbb31e0cf4fe08ee7249c221ddeb6,0.312669569000036,0,512,951,False,0.114982359111309,0.0421590394531192,4.070273267971528e-05
median_L1,00028518_012.png,28518,mixed_high_risk,0.6926716566085815,1024,1024,05ec4b5f54659fcc37c1bcbb9ddc7d1b2ad1cc56677e7b2f118ba41f845a1d24,5283d6d0b1a6815010702660ba3c4b8cdc57bb57c265b34fb5e290d69617453a,056ae4ee68c6f90329b6ad9084f109d303f278aef64277b5605135a04b8e9c92,0.3332987130000902,1,365,658,False,0.3939507007598877,0.4459869016507608,0.5226941686617891
median_L1,00028640_003.png,28640,mixed_high_risk,0.6425778269767761,1024,1024,05ec4b5f54659fcc37c1bcbb9ddc7d1b2ad1cc56677e7b2f118ba41f845a1d24,28430f9aa894cf1bc9df2093d802e1108de0b229abf7591abeb933dc63744ba1,fc7403944a57716175b42e32117b945f74ecce25e9f6c9cd7d10f0748a64f555,0.3748732900000959,0,658,219,False,0.0398506708443164,0.0245510177256108,0.0
median_L1,00028640_008.png,28640,mixed_high_risk,0.6487252116203308,1024,1024,05ec4b5f54659fcc37c1bcbb9ddc7d1b2ad1cc56677e7b2f118ba41f845a1d24,59d86988df3aea4a532cdb0420af6cd3ffbfcc8f44c31e53a8353919d5ad12cd,c9bdab145d043883de0675138125142c99f2ef1d5e1b109abe938fff6204680c,0.310701320000021,0,512,365,False,0.0634687170386314,0.0359322060639048,0.0027032720123578
median_L1,00029039_020.png,29039,mixed_low_risk,0.53251713514328,1024,1024,05ec4b5f54659fcc37c1bcbb9ddc7d1b2ad1cc56677e7b2f118ba41f845a1d24,e199392f214d7217a3a9c66f0e1b34749f92f865ca8d78db1bc42219fef6e57f,67cb679e6597e605db9ef1e30044607babe5106aad5b1bffc36bc49a4b9db6bd,0.4763711460000195,1,658,658,False,0.4893575608730316,0.1489082037502304,0.0652339578430051
median_L1,00029404_004.png,29404,mixed_high_risk,0.6767430901527405,1024,1024,05ec4b5f54659fcc37c1bcbb9ddc7d1b2ad1cc56677e7b2f118ba41f845a1d24,601337247a0fddfafc26116824daf0d482edc82b628484e45b8248e40dcbf8a0,2fe4c0a183130e90577e78c0f6afa073fa929980305d7d29c1658bd4f2a0adef,0.3145369730000311,1,657,511,False,0.2613923251628876,0.3392093403103354,0.4660963680292286
median_L1,00029431_000.png,29431,mixed_low_risk,0.5030591487884521,1024,1024,05ec4b5f54659fcc37c1bcbb9ddc7d1b2ad1cc56677e7b2f118ba41f845a1d24,d66dd947bcb76102f5d1a00d0b7b3d4b751603dc5609dbf46dbea9872e7f4f97,79145d18ef680e4651988c78efd2ee14efc108368ea52bb3526f13aa4d8dd390,0.314539183000079,0,658,365,False,0.1098842769861221,0.0204437919712735,0.0
median_L1,00029532_014.png,29532,mixed_low_risk,0.5504906177520752,1024,1024,05ec4b5f54659fcc37c1bcbb9ddc7d1b2ad1cc56677e7b2f118ba41f845a1d24,6c29c2599aaa2b3fb71a48b460d8769296192d36c657cc24291b456c4bb27e24,5921eb6915ddc21deedc7c24b52448d315969707aa8f9768d76746cf240a527f,0.3385076499999968,0,219,658,False,0.0706491395831108,0.0251998242801476,0.0
median_L1,00029617_006.png,29617,mixed_high_risk,0.6088833808898926,1024,1024,05ec4b5f54659fcc37c1bcbb9ddc7d1b2ad1cc56677e7b2f118ba41f845a1d24,16ad9afb6aed3e926cffa273a746196792b2b345b61ca695691308362433449e,990c8680640a0b1d31f68e1854d8e1dda75f573402372116f5078d121763ebe3,0.322777847999987,1,658,658,False,0.1457537859678268,0.1939951937961639,0.2152064122214126
median_L1,00029861_013.png,29861,mixed_low_risk,0.6197694540023804,1024,1024,05ec4b5f54659fcc37c1bcbb9ddc7d1b2ad1cc56677e7b2f118ba41f845a1d24,1f41e8244ab6c21b72c386bd964109e16769326ad12212ecf41239478e198d7c,904f9a8eec616f2cdecf63109797cce00273fedc9f7ea882d8dfaffd01ce9577,0.3524413690000756,1,658,512,False,0.59225994348526,0.5663402465507915,0.3808008738422067
median_L1,00030323_028.png,30323,pure,0.730330228805542,1024,1024,05ec4b5f54659fcc37c1bcbb9ddc7d1b2ad1cc56677e7b2f118ba41f845a1d24,0adbc68e57750c933831a41d1a63aa6e2605e61849c3704861f26bef7629141d,316cbf13cc174060b2834bd0777660eaebb8231262bfca83b2510980c96d6d61,0.3580901000000267,0,365,512,False,0.1134255081415176,0.0490863144645202,0.0
median_L1,00030408_013.png,30408,mixed_high_risk,0.6297490000724792,1024,1024,05ec4b5f54659fcc37c1bcbb9ddc7d1b2ad1cc56677e7b2f118ba41f845a1d24,2d24badb059bf0818159cd086b7320a654cd5bd4b3e3d97366c6182275242150,6d0c17cc713e6d3b1b2fc7b41b54ed2bc132c83319525f164523cfa6689820cb,0.3228350030000229,0,365,512,False,0.0177186038345098,0.0059588443499563,0.0
median_L1,00030573_002.png,30573,mixed_low_risk,0.5329393744468689,1024,1024,05ec4b5f54659fcc37c1bcbb9ddc7d1b2ad1cc56677e7b2f118ba41f845a1d24,8815c2f60578a2ce1ee0a449f42b44396af06d3f3632ccaec6af4cc2526dc95d,6fe5f8b711111f70fd9ac046a7442773e8a5437c8a13d174cea7b2b83e5558ea,0.3835590720000255,0,804,219,False,0.0399538017809391,0.0178546439360887,0.0
median_L1,00030636_004.png,30636,mixed_high_risk,0.7556889057159424,1024,1024,05ec4b5f54659fcc37c1bcbb9ddc7d1b2ad1cc56677e7b2f118ba41f845a1d24,a059d903928be1a2adb45c540d26ea3bc0b546140c5575830659cb02af63afce,7c01a3a163cc18526a8c299611fd930c471c765e8c4df4525ad73815f606961d,0.352732049999986,0,512,365,False,0.0804612189531326,0.0900795850617118,0.0405320252440549
median_L2,00000032_037.png,32,mixed_low_risk,0.5539571642875671,1024,1024,41bbeafe61f12d574366a557a76688d1df38d146f582ccd6931a6793ccc9a8ad,14f50f94b87c65b8421afc79982da9fa967bc1f04549a2e90351e9bae7b2ff59,53b970f35da2e17c8b60a96bf7d21f288bc3b6a3f56f769e95318c2117adbcee,0.3317048689999637,0,804,511,False,0.0318928621709346,0.0,0.0
median_L2,00000211_016.png,211,mixed_low_risk,0.6732881665229797,1024,1024,41bbeafe61f12d574366a557a76688d1df38d146f582ccd6931a6793ccc9a8ad,d0eb97ceccc46c8ba5b1b68f728ce32d5d0d1bbd530c01702e3946096f0ee7e8,32bb3f652852ad7b7669219e09c238bd115520e07ac963d4411303e93585c9df,0.3549550459999864,0,512,658,False,0.1288071125745773,0.1167669054965744,0.0476193763504697
median_L2,00000468_041.png,468,pure,0.6122369170188904,1024,1024,41bbeafe61f12d574366a557a76688d1df38d146f582ccd6931a6793ccc9a8ad,f1c3efc01e9b17237995055def92551c82ff65204929049b728e7ee57934fc25,0e9b438e7ec8051c5ae344bcc269564100ea4d0e16c4550c4210986b6fe6b04f,0.313494688999981,0,365,804,False,0.0156960822641849,0.0288529546368591,0.0067247237083609
median_L2,00001039_005.png,1039,mixed_low_risk,0.5436103343963623,1024,1024,41bbeafe61f12d574366a557a76688d1df38d146f582ccd6931a6793ccc9a8ad,b2a12321051f23953907ad5eb75e2823ffdc0e846936d21f12ed6a24caf97908,b5b051cca3bd3c7e38e57eb70117e4507af4cfe7ff734956202e195b36c37318,0.3164513870000291,1,658,512,False,0.0755140930414199,0.0649322852376247,0.0654805301839885
median_L2,00001900_026.png,1900,mixed_high_risk,0.6964314579963684,1024,1024,41bbeafe61f12d574366a557a76688d1df38d146f582ccd6931a6793ccc9a8ad,baba299d4cb5d389d1fbc9bac6c3f6257188a05ea3e172275ee339e07fa6d1fd,166858c9c0023d58639f022bbf83b7b0835e01f43e9b7de297cd23baa7c491b2,0.3506214450000016,0,511,366,False,0.0976914539933204,0.0877179290139762,0.0380041365046535
median_L2,00002224_007.png,2224,pure,0.4754236042499542,1024,1024,41bbeafe61f12d574366a557a76688d1df38d146f582ccd6931a6793ccc9a8ad,1c292ee3eda03ddca49273b47daa4904c0307f8adccfba58fcf8bce059270d8f,86276d7e029be2f4040bc449e9fdbb81fd5b0025b623cd319e4ed2793b9add98,0.2977528999999776,0,512,951,False,0.0557458661496639,0.0488999006442501,0.0278719325336686
median_L2,00003149_007.png,3149,mixed_high_risk,0.603335440158844,1024,1024,41bbeafe61f12d574366a557a76688d1df38d146f582ccd6931a6793ccc9a8ad,af824bf125747704cf4fca505ef194e3b4c11088d4325169b9d4365780e2c2cb,b5b4c521d39dbb74279343286b267d287130ac1ce0a436e530a0f7919e51ff34,0.3322067679999918,1,658,511,False,0.3095389604568481,0.5108575132627126,0.4913171868227134
median_L2,00003333_002.png,3333,mixed_low_risk,0.589765191078186,1024,1024,41bbeafe61f12d574366a557a76688d1df38d146f582ccd6931a6793ccc9a8ad,58f5d194c249163ba12dcc10c42c126fb1cb3851862b24636a0548c7682bb9ba,42841544b82155f5bc4c340be313cedbf46464522742b25cbb5fad7428a0383c,0.331092343000023,1,804,512,False,0.2408908605575561,0.2099033282156704,0.2017340451666636
median_L2,00003973_008.png,3973,mixed_low_risk,0.5962143540382385,1024,1024,41bbeafe61f12d574366a557a76688d1df38d146f582ccd6931a6793ccc9a8ad,e06b3418cf5857c2246db8c69f4604d320a1099fc8e1171d11798d82bc54a3b6,bf837541fc4cf5f01b17f5edd6cf6d32b89e8283e81756f8944fb1ba3cd595b7,0.3161701359999824,0,365,365,False,0.0374070741236209,0.0165237616992878,0.0
median_L2,00005066_030.png,5066,mixed_high_risk,0.7038470506668091,1024,1024,41bbeafe61f12d574366a557a76688d1df38d146f582ccd6931a6793ccc9a8ad,a0c6f0be5e839d1894f5c3882f62aefb93ead49884786439d19e142650d5eb49,7b58d02ac05b05f60a54da86c2a74957bba011a7d861e2e090c19ed9949198b6,0.3510020689999464,0,365,511,False,0.0648307874798774,0.0619482078196834,0.0217883767865233
median_L2,00006096_010.png,6096,mixed_high_risk,0.557044267654419,1024,1024,41bbeafe61f12d574366a557a76688d1df38d146f582ccd6931a6793ccc9a8ad,dd4a2babc2359423e12131835ea5a0236ca8fdd3df1b98f127ab3a6c9ac5910d,438d8bbbb7ad5215cfac63d3c7fc188b4587f1a78ff0352edabd8f061735d462,0.3272300979999727,1,365,658,False,0.1320466250181198,0.151667494696665,0.1869081037727118
median_L2,00006304_060.png,6304,mixed_high_risk,0.5639733076095581,1024,1024,41bbeafe61f12d574366a557a76688d1df38d146f582ccd6931a6793ccc9a8ad,9b46f30b1a8072a4924f46e171232fb4b147401b874f73b1b8777c42bd4dc92c,1ec11cb6f498dcf48cbc75f08cccc947f9ad11e606489bca627594ab504ff82c,0.3318637509999007,0,0,658,False,0.0223827101290226,0.0,0.0
median_L2,00006836_002.png,6836,mixed_high_risk,0.5930065512657166,1024,1024,41bbeafe61f12d574366a557a76688d1df38d146f582ccd6931a6793ccc9a8ad,3a7f75227bd8146f557ff55d1fae30cee86151e83cb12abf1cb4057c720899b8,d1befefb8d09e9654ec7587872f3e60d94790e7c850542b60c4dd281cd105f64,0.3375737679999702,0,219,512,False,0.1812723577022552,0.2246533571286131,0.3030977355161258
median_L2,00007124_006.png,7124,mixed_high_risk,0.5650684237480164,1024,1024,41bbeafe61f12d574366a557a76688d1df38d146f582ccd6931a6793ccc9a8ad,451e55b4a3371c390a559d35f86d0ed0c6d17c25d572ef3aae267cca6c80b8d4,fa62483c9d3633b8e22adf03c3a9f19484b959f4ce22a70a0e7020b0fbff382e,0.3304550550000158,1,804,512,False,0.2489564567804336,0.282265362440723,0.2300398910512122
median_L2,00008814_010.png,8814,mixed_high_risk,0.5714367032051086,1024,1024,41bbeafe61f12d574366a557a76688d1df38d146f582ccd6931a6793ccc9a8ad,2d6e133f335662011d373874f75b677e97a9f8446625606441349eb26974e2b3,e3c100770cea3bdff7852acd65c2312f068c3d1dd8a8e7df738099c4928ba1f3,0.3382643300000154,0,511,512,False,0.1116953268647193,0.1340248118771608,0.1633413910481841
median_L2,00009431_004.png,9431,mixed_high_risk,0.4088017046451568,1024,1024,41bbeafe61f12d574366a557a76688d1df38d146f582ccd6931a6793ccc9a8ad,11088cca63ddc76f5493f04ea4a839ef342ed96ec15376b89e168af7a3d98249,aec50fc489061add47219b28adcdc61413f9bc0d2864fe22a4ba0b18ae91cd7d,0.2648174270000254,0,804,365,False,0.1807851642370224,0.148789963577499,0.0636992847615346
median_L2,00010092_018.png,10092,mixed_high_risk,0.5802530646324158,1024,1024,41bbeafe61f12d574366a557a76688d1df38d146f582ccd6931a6793ccc9a8ad,6a120077e66e85860739544707486e8afcd2563fb072a7483990b3466867cea9,533bdce090efde55c5125c8811099e796e66d173afa58062f4a6c28c830838a5,0.5036676280000165,0,657,365,False,0.0926269441843032,0.0939231588563586,0.1606287608989316
median_L2,00010120_010.png,10120,mixed_low_risk,0.4617794454097748,1024,1024,41bbeafe61f12d574366a557a76688d1df38d146f582ccd6931a6793ccc9a8ad,8cf1eed3a75d28c7820decfac745e310256568e449e15592de1413e907dc0c09,eef5888a348e94d729e06c9a983b6378154c59eaf1f1f72218765937b4f0920e,0.2718573250000418,1,365,658,False,0.7194765210151672,0.3071606099752864,0.1420684097616221
median_L2,00010230_001.png,10230,pure,0.5009715557098389,1024,1024,41bbeafe61f12d574366a557a76688d1df38d146f582ccd6931a6793ccc9a8ad,ed73f33a2e87377ce0b44aa47f497d91eb4df20440ad59a8a897965c34f589e4,f59c1e725a9fd2875157436faa7c9941a638a52c1e9ccc7b28eb6524f25c1ea7,0.3495210669999551,0,365,658,False,0.0503236949443817,0.050071032619293,0.0142787865725524
median_L2,00010277_000.png,10277,mixed_high_risk,0.5879874229431152,1024,1024,41bbeafe61f12d574366a557a76688d1df38d146f582ccd6931a6793ccc9a8ad,fa53b1d048c373b75a86f5be0546211da4fbfdbdea8081f8ab27d62983f6857f,4b4ed3c33754faccb25c79aa9f8a8b468e647b38aba38b0bfa04792d282fb79c,0.3512841050001043,0,658,804,False,0.0732020512223243,0.0811773276713221,0.02985484617164
median_L2,00010805_049.png,10805,pure,0.5076535940170288,1024,1024,41bbeafe61f12d574366a557a76688d1df38d146f582ccd6931a6793ccc9a8ad,b426f12237e29d65e925c6124e37ac560343eda8066d800026ec2025fe80e4b1,63d137dbbe444a79d2b4933e5452c1e906e6b9b5c62ecd2a905374bc3634370b,0.2931519190000244,1,511,511,False,0.2326179295778274,0.2267198186355756,0.1557269510595157
median_L2,00010828_039.png,10828,mixed_high_risk,0.5779518485069275,1024,1024,41bbeafe61f12d574366a557a76688d1df38d146f582ccd6931a6793ccc9a8ad,7f51cf1f4709531a88ec1377710a78613f212f89e817b5d7eb72cad99602f046,2aee8363145ed490480402f33476cd6c036794c1048d611c61d832d5c620ff75,0.3255758710000691,0,218,0,False,0.038364578038454,0.0,0.0
median_L2,00011023_004.png,11023,mixed_low_risk,0.5949321985244751,1024,1024,41bbeafe61f12d574366a557a76688d1df38d146f582ccd6931a6793ccc9a8ad,79ed4e44278b399fc8cf5989bb3cf8fa2fc7a2db80fb1c8c3118c137661029ff,7715cf5042f5f39aeba3b8d3bc330b405cbd7adcd23d9c2c0d44b6fd476989bc,0.3365866759999107,0,511,511,False,0.1537894755601883,0.2183622828784119,0.2844410748883834
median_L2,00011124_000.png,11124,pure,0.5606210231781006,1024,1024,41bbeafe61f12d574366a557a76688d1df38d146f582ccd6931a6793ccc9a8ad,ba64f07df4b9a05b4affc5687a1647ab3f06675ed85d1762f039462ff37d5a74,8bbc7d70ee246897bd57bfa5b16c7a45398e752e3ca7284aa10d7b03439e05c7,0.3057439269999804,0,512,804,False,0.0035234037786722,0.0,0.0
median_L2,00011237_094.png,11237,mixed_high_risk,0.6534706950187683,1024,1024,41bbeafe61f12d574366a557a76688d1df38d146f582ccd6931a6793ccc9a8ad,cd67fec46fe2a4a242b65797f140651c0feb230c2d8255c7d10506921b7f8d0a,4d3f8f95a1714991c9f6ec02678fd4af52c62886a5768eb904eb47aa90992d3e,0.4079354140000077,0,511,365,False,0.0845030471682548,0.1617497456765005,0.0322503357897411
median_L2,00011269_018.png,11269,mixed_high_risk,0.5299631357192993,1024,1024,41bbeafe61f12d574366a557a76688d1df38d146f582ccd6931a6793ccc9a8ad,11918bb51d8f62138c3a31f51964fb865e5bd1e42c8bf74c3e60fc89321253ab,88f8ef7e87c9f8f644f57db97383856ad8685c4da353cc8c43af172d3c1bb459,0.3318595160000086,0,658,658,False,0.0573274716734886,0.0667288201639541,0.0572254533600974
median_L2,00011366_002.png,11366,mixed_low_risk,0.5535203814506531,1024,1024,41bbeafe61f12d574366a557a76688d1df38d146f582ccd6931a6793ccc9a8ad,2a9755850a7837fd8e720ca421d76301944f088445fa46329ae9b563a9ef0c63,d612a1cfe4e9163053c51e5255624286a4dc412fdabdb5889ee2663c0f6f8df2,0.3118267339999647,0,658,365,False,0.3738331794738769,0.1298548486950554,0.0915681306306306
median_L2,00011925_072.png,11925,mixed_high_risk,0.5873526930809021,1024,1024,41bbeafe61f12d574366a557a76688d1df38d146f582ccd6931a6793ccc9a8ad,16a714bc5ba7619cc4e064b3dc31ac52cec56cf176cddff318ccb87db317106a,e5651f77e4307c30b433de219a5efdc98a32b7dd9fa74c1eb94ac14d7a3bd0f9,0.3276897400000962,0,804,512,False,0.0398311838507652,0.0148369499122639,0.0
median_L2,00012021_054.png,12021,mixed_low_risk,0.6481221318244934,1024,1024,41bbeafe61f12d574366a557a76688d1df38d146f582ccd6931a6793ccc9a8ad,59193ad9032e8161042009fc8fa93417cbde4fcad07d78c7cc1a16cf1cae3ac1,4644a5c7677f3de4a038318abd1e4575e4eace0fc5d34fc25e3eaefd1120030c,0.5450507270001026,1,804,511,False,0.3230397403240204,0.3742922588582342,0.1771476721450952
median_L2,00012021_081.png,12021,mixed_low_risk,0.6177247166633606,1024,1024,41bbeafe61f12d574366a557a76688d1df38d146f582ccd6931a6793ccc9a8ad,61dfe8642e082f74c6f10fb8a57df2eaab0bc97d7fb05904762e10cf471310a3,c5a9c356608f7e41ac800132e07d1c1d580c93106f158943ffdbe57d26c82346,0.4961407589998998,0,511,365,False,0.0650321990251541,0.0922398243765074,0.0
median_L2,00012364_045.png,12364,pure,0.5352521538734436,1024,1024,41bbeafe61f12d574366a557a76688d1df38d146f582ccd6931a6793ccc9a8ad,d627f5b98e0d81d0a78c44e028eaadfb5cec110b49b8b2bf98ececf5c061d739,c638be24d8f4bc4239d728cce8ecc6a62b137b43c9454836c28eaa65814c5dca,0.6328174669999953,0,365,511,False,0.1106199026107788,0.0840806779285069,0.0229461293223248
median_L2,00012376_010.png,12376,mixed_high_risk,0.618871808052063,1024,1024,41bbeafe61f12d574366a557a76688d1df38d146f582ccd6931a6793ccc9a8ad,038bc4f2bb18e22431fa5320dc4211b118592b5d31e1fff7bb810c4049d658ef,85356c1df380757a89c1dd138912eca0f0539270fc8204805947a7768ece8fff,0.4699727780000557,0,658,512,False,0.0650496706366539,0.0498171959084747,0.0142724892516172
median_L2,00012505_007.png,12505,mixed_high_risk,0.6619699001312256,1024,1024,41bbeafe61f12d574366a557a76688d1df38d146f582ccd6931a6793ccc9a8ad,da961a9af4b472aefa9b6654fccb7b2e17cefe86e92e6d45c97a24590e7aed64,5e6b760d5a3142574778288463683601752525dfa382dce16e0548c0dffc6a34,0.4683288969999921,0,0,804,False,0.0715467780828476,0.0415134531990972,0.0
median_L2,00013106_000.png,13106,mixed_low_risk,0.4958759844303131,1024,1024,41bbeafe61f12d574366a557a76688d1df38d146f582ccd6931a6793ccc9a8ad,3febe84d1b05d34e2335ab912eb16526cf4b9eb2b634a6374694d8b36ddcd4a0,2bb1ef89eefc1d5187a21d14855c0ea0df61c21e5b9329702b63f55fe7fbccbe,0.4840786639999805,0,365,658,False,0.0217415206134319,0.0,0.0
median_L2,00013310_057.png,13310,mixed_low_risk,0.5914738774299622,1024,1024,41bbeafe61f12d574366a557a76688d1df38d146f582ccd6931a6793ccc9a8ad,2a8c1079428d01db9ef1d75ea38ae9e00372f095f320a01277e92935c5bdfa2f,25769fe7048771c6972af346ca90ff0e1127530e0c86bdafff16bb981d26ed9f,0.5714708130001327,1,804,511,False,0.6408107876777649,0.1991829823079783,0.0784965805685864
median_L2,00013391_005.png,13391,mixed_low_risk,0.6272863745689392,1024,1024,41bbeafe61f12d574366a557a76688d1df38d146f582ccd6931a6793ccc9a8ad,a9f3adaff5140de9c3c08ac1470dbe1c337dfacec3fe8ff37b478d7d6dada2dc,024820250cad03f7eda4d7721fbc6247e666c3f3a00e6bb0588422435a64e8a7,0.4736927409999225,0,511,511,False,0.0902777910232544,0.0565839119069866,0.0045640855212141
median_L2,00013471_029.png,13471,mixed_high_risk,0.5438814759254456,1024,1024,41bbeafe61f12d574366a557a76688d1df38d146f582ccd6931a6793ccc9a8ad,cafab0f89dfb9a4765965a2234d225eeb4265d9058e007a27ae153673f4a7633,faabd9125ae582ee0962b262151b456b96c46a3f76345c7feb3bd6e8eb10c8fa,0.3701967389999936,0,365,657,False,0.0696274414658546,0.0100450424982567,0.0
median_L2,00013670_151.png,13670,mixed_low_risk,0.5216025710105896,1024,1024,41bbeafe61f12d574366a557a76688d1df38d146f582ccd6931a6793ccc9a8ad,be6cbba20cfb26a9aac4aa26d31821209e064edae2e513322c1417e5c78c0e32,01fd5b8dbe3efbb18be59f1c194e959b479a70fd497ef0cbf98618397b3828ff,0.3478120499999022,1,658,511,False,0.4784227907657623,0.3545804877636988,0.2263327157504684
median_L2,00013922_021.png,13922,pure,0.5609349608421326,1024,1024,41bbeafe61f12d574366a557a76688d1df38d146f582ccd6931a6793ccc9a8ad,11ca3f672c5caa5b2f9d4af03be88f3f6bad3306cc4762f4ff4eb2cf054fb37c,4aa35e3ed400c06f4e068f16de88489f4784b422b75f44f3f7c7dedfd2b116b9,0.3228433909998784,0,512,512,False,0.0662130862474441,0.0050404197595471,0.0
median_L2,00013922_022.png,13922,pure,0.6170987486839294,1024,1024,41bbeafe61f12d574366a557a76688d1df38d146f582ccd6931a6793ccc9a8ad,73570b98abe9a27725390325787f8886d870a2113638c6a8e0ca7b825646f969,54fa9552151d7e547c2b6418b24e9d9ae86770527156aae22083123901b64cbc,0.3493638110001029,0,365,511,False,0.1231124922633171,0.2456732607188445,0.0
median_L2,00013993_083.png,13993,mixed_high_risk,0.6754561066627502,1024,1024,41bbeafe61f12d574366a557a76688d1df38d146f582ccd6931a6793ccc9a8ad,a152b7bb04da50aaee8ed96bd67d81a58b19759617ff83015cfdda2c84cdb6b0,1fc640646c3688f8255549dca72ca251c8fa643b7663bcbb66f4bfbe3c6b30ed,0.3745794609999393,1,658,366,False,0.2549794912338257,0.2786944887803962,0.5335254665456939
median_L2,00014203_018.png,14203,mixed_high_risk,0.6242330074310303,1024,1024,41bbeafe61f12d574366a557a76688d1df38d146f582ccd6931a6793ccc9a8ad,a83704df5bd10b41c81b5500c1fce3d582a69c6255e7bd7a8aca30359e0106f9,8c7b3e999feb6b7e454e980db73e311950fbb12e559471f6906fea80d505eaee,0.3526905139999599,0,804,365,False,0.127968743443489,0.2397586166879424,0.2133079752758939
median_L2,00014251_029.png,14251,pure,0.4747379422187805,1024,1024,41bbeafe61f12d574366a557a76688d1df38d146f582ccd6931a6793ccc9a8ad,a11cc28a56672ef37fb8a3b210c21c60c952086aa76f0b7b0a0896eb336a3d5c,7eac534e0d5294423a7fd3c3954125a72468dc14680ca9aa7bdda7ed5b14585e,0.3186053179999817,1,365,511,False,0.7264227271080017,0.3705666161613931,0.1888276781147498
median_L2,00014617_003.png,14617,pure,0.3940456509590149,1024,1024,41bbeafe61f12d574366a557a76688d1df38d146f582ccd6931a6793ccc9a8ad,a1803992a52cb318c44058556d22e10a060cc58dce0c0bbc817680c14a8caa95,fe45f10babead3ceccc1de78eab14f49df7620bfdf14c65148701e8dec9ed913,0.4736194869999508,0,512,365,False,0.0248019825667142,0.0,0.0
median_L2,00014738_000.png,14738,mixed_high_risk,0.6328595280647278,1024,1024,41bbeafe61f12d574366a557a76688d1df38d146f582ccd6931a6793ccc9a8ad,62c0ae61543e2d522db6075e9adbf0e49a5cf8f5ad2a6e7c23e4ff234a2cbd1e,a85d748a24c1a30434272dd0374e81ef72f88d3db1b4c44b0e7ebf147d3cb224,0.3133213050000449,0,511,511,False,0.2752420306205749,0.2942778583420394,0.2837873578418408
median_L2,00015069_001.png,15069,mixed_low_risk,0.5966920852661133,1024,1024,41bbeafe61f12d574366a557a76688d1df38d146f582ccd6931a6793ccc9a8ad,8b009ead6746524d684f34a170344662f89f40fca1329ae8adb9e2d4b673ea2a,d4b752016481ac666785b674a37c9dacd5b4f2a0af0eecb8b098d03e06ff659f,0.3422926850000749,0,511,804,False,0.3443979918956756,0.1545368562976676,0.0818302871700503
median_L2,00015732_020.png,15732,mixed_low_risk,0.6450912952423096,1024,1024,41bbeafe61f12d574366a557a76688d1df38d146f582ccd6931a6793ccc9a8ad,e80a10b80956ad4a4c03950a95317ae5245754907a9935c0380c0684d04a2235,9abd339288b2153f4c437854bf675e69cf1813e9982dab14579f92344e880440,0.3298566910000318,1,804,511,False,0.1162143275141716,0.1290514064548006,0.254548238471068
median_L2,00015831_011.png,15831,mixed_high_risk,0.4942891001701355,1024,1024,41bbeafe61f12d574366a557a76688d1df38d146f582ccd6931a6793ccc9a8ad,02c44b118ce7f5d6b846eeb34918f51d9b1da83d197785f4ae99f1444156d43c,2037d37c1a9a4679eb0e03e7f9f78f186d656622c1935f4113c3bb4b12213a0f,0.310476066000092,1,804,658,False,0.3419773578643799,0.520074932140536,0.6379535035256335
median_L2,00016094_007.png,16094,mixed_low_risk,0.4055554568767547,1024,1024,41bbeafe61f12d574366a557a76688d1df38d146f582ccd6931a6793ccc9a8ad,f9307ff4710b38e2ac1e7bea19d1833179d1a68d78cf827fbccc877c1181d904,f2462feeb1cbad910626dceb873c12634dba6adb17f2ceb2583388c36c61bde1,0.2980017080001289,0,804,804,False,0.0008051541517488,0.0,0.0
median_L2,00016191_004.png,16191,mixed_high_risk,0.5139431357383728,1024,1024,41bbeafe61f12d574366a557a76688d1df38d146f582ccd6931a6793ccc9a8ad,4f65bf84f9e1311ca6f4e1d3f91211d51123058b0c1e9d0b6ae945b5e7e1e1ca,17837b6a03691189d84c113878a4b5bc4e086777b779557a1391c23312eb3942,0.2848357249999935,1,365,658,False,0.1990740746259689,0.2496387149368214,0.4752410715777863
median_L2,00016417_008.png,16417,mixed_high_risk,0.4607799649238586,1024,1024,41bbeafe61f12d574366a557a76688d1df38d146f582ccd6931a6793ccc9a8ad,872001dbbf7fd87f4011c01f14a99a134c90bc90cae9eedff2f627dfa3f0ef67,6ebab0d050c831f6085cd63d52a149de4473abf95e47ed56788446c3c3b49710,0.348762989999841,0,219,0,False,0.0118806967511773,0.0,0.0
median_L2,00016705_006.png,16705,mixed_low_risk,0.6874020099639893,1024,1024,41bbeafe61f12d574366a557a76688d1df38d146f582ccd6931a6793ccc9a8ad,05a83e847b9731ee8019455a516333bddd55052994b38e341952d2193a792172,4bbe33b4939493bba94743ba524e6d2731f13f033159e2e8bbffd74e192a1326,0.3428387289998227,0,658,657,False,0.0484699495136737,0.0626735789668579,0.069392499747296
median_L2,00016732_040.png,16732,mixed_high_risk,0.6296567916870117,1024,1024,41bbeafe61f12d574366a557a76688d1df38d146f582ccd6931a6793ccc9a8ad,633495dad330411b168f0dbcb2b4a7fed86eb565e9a300130460cb38e5a401e9,a93af81039f5ab8f92a83f1724a4a032081653c0f9f6c4b5f9c548f99a2a2829,0.3288760660000207,0,511,365,False,0.0362262725830078,0.0273624811239943,0.0
median_L2,00016786_001.png,16786,mixed_low_risk,0.618007242679596,1024,1024,41bbeafe61f12d574366a557a76688d1df38d146f582ccd6931a6793ccc9a8ad,f4eb42f4d7f460051e694e2b7fcb2112fc8767c33c90065221a34b7bf09082e0,8e184fa1789646a3debdb6292f1aa628df5a6e5c4c09246c22d01b17b078d408,0.3507418940000661,0,512,658,False,0.188629075884819,0.1770935403633074,0.1659087011695304
median_L2,00016786_009.png,16786,mixed_low_risk,0.5086517333984375,1024,1024,41bbeafe61f12d574366a557a76688d1df38d146f582ccd6931a6793ccc9a8ad,c1271be1f669d760c5f440c089c81637355972ae661aa6c45449d4baa1807be3,24ac919bfa56c806a9bf841b524271c8324295a0fbc06424291e4be13e874db2,0.347112695000078,0,512,804,False,0.160403773188591,0.3018216991778172,0.1118656691895681
median_L2,00017083_002.png,17083,mixed_high_risk,0.5134832859039307,1024,1024,41bbeafe61f12d574366a557a76688d1df38d146f582ccd6931a6793ccc9a8ad,98eacfe83a58a520ab96039ecac03871f057f6b91235787c701bee29c413494d,fee113bb539c2faa0558d4d4dbe7d6cc66ac2a7cdf6e9f79e8d178965fc7350e,0.2934669539999959,0,804,511,False,0.0347065180540084,0.0,0.0
median_L2,00017138_037.png,17138,mixed_high_risk,0.6171034574508667,1024,1024,41bbeafe61f12d574366a557a76688d1df38d146f582ccd6931a6793ccc9a8ad,1681fa058b4ec7df403c3fa36b40c392dba2b76de692bbfd6be6d949055968c3,3c8cd9f5ca04642f75f84a38277d29ec6cf47c88e4fafd840f195398f644fbdd,0.3270233130001543,0,804,658,False,0.0796003118157386,0.0,0.0
median_L2,00017544_003.png,17544,mixed_low_risk,0.5613849759101868,1024,1024,41bbeafe61f12d574366a557a76688d1df38d146f582ccd6931a6793ccc9a8ad,e4592ddcbdc3becb77ebd0c1134741e567ab4101a2c141c3fb0d5da8a583e6c9,508a0ca203727e7e72ffdd594cf0450c017aff6f79acb7461f367043333437a6,0.4090530409998791,1,658,366,False,0.4081425070762634,0.4057636274405499,0.4972903841151478
median_L2,00017714_009.png,17714,pure,0.5469805598258972,1024,1024,41bbeafe61f12d574366a557a76688d1df38d146f582ccd6931a6793ccc9a8ad,7f171f2a9f180a1010955de9232f60b4d651b6b68c1b385bacf76b6044cc8fd1,3f3d3faa01da9bf5dea0f9989e82217a3f33b6b052d53e4be0dc2fb13e94e3fe,0.3153164679999918,0,365,658,False,0.0331094972789287,0.0132164522275411,0.0
median_L2,00017972_032.png,17972,mixed_low_risk,0.6427743434906006,1024,1024,41bbeafe61f12d574366a557a76688d1df38d146f582ccd6931a6793ccc9a8ad,a7793cdcaae4a64b012cf9852a807ef6faa9095a7d7cdb0827c255d536e42d01,05fc880a527a4cd03fd99e4adc115e475571f731a81b244debc4a9fde1e901ca,0.5152169589998721,0,512,512,False,0.1137956008315086,0.0671499683944374,0.0183760140375861
median_L2,00017981_014.png,17981,pure,0.5105693936347961,1024,1024,41bbeafe61f12d574366a557a76688d1df38d146f582ccd6931a6793ccc9a8ad,71b09d99675c33a3d3d4c9db4aa0c147356345f1ff387b8d4f4483ea1a10054e,6267ea4fe303d02f26a7c5dc5dd60087e3086c439d4a9979a451f9691f530d33,0.3274347149999812,0,511,219,False,0.1043015643954277,0.1865396118227007,0.2277166909541989
median_L2,00018253_054.png,18253,mixed_high_risk,0.5560356974601746,1024,1024,41bbeafe61f12d574366a557a76688d1df38d146f582ccd6931a6793ccc9a8ad,b0cf53e2944958f412dd914dddb7c1463f26c44d454bd26145654a4e948063c0,021f9ee6fea0c1ee219d46f77a72cbb530497187ec2e36d951684c4331665d25,0.3146014000001287,0,658,804,False,0.1180926784873008,0.1785338723623022,0.3002535470538179
median_L2,00018253_059.png,18253,mixed_high_risk,0.6213670372962952,1024,1024,41bbeafe61f12d574366a557a76688d1df38d146f582ccd6931a6793ccc9a8ad,d90152badbf687dd1cedc64d77e4dace4b95acdc06479989ce5738e9b1f9c463,73cae06c514d6d08844f38cfbe3ab28a6a030dfe536ea313b1bc4fd196b9d251,0.344818776000011,1,365,658,False,0.1607828587293625,0.1602823754343177,0.2201027508046254
median_L2,00018393_000.png,18393,mixed_low_risk,0.2877790629863739,1024,1024,41bbeafe61f12d574366a557a76688d1df38d146f582ccd6931a6793ccc9a8ad,97882451842a052f92004c3f7fed9d02d26feb1bd80f9c73b95f84b007055991,34472539a60fd30130a1bab9128ef51a2defbb8076f098fb16ef35a040f500ec,0.2231363829998827,0,0,951,False,0.0,0.0,0.0
median_L2,00018721_010.png,18721,pure,0.3468792736530304,1024,1024,41bbeafe61f12d574366a557a76688d1df38d146f582ccd6931a6793ccc9a8ad,408eec313bc061fe49b8052867d8f2d26d917a77fb2b55b3cc09cd1ae574d6ab,b8411db9650a2e12b47ac3e87ef5210bf485cd56fc61e224141e9947a7ff1f89,0.4138600080000287,0,804,0,False,0.0,0.0,0.0
median_L2,00018921_038.png,18921,mixed_low_risk,0.6257807016372681,1024,1024,41bbeafe61f12d574366a557a76688d1df38d146f582ccd6931a6793ccc9a8ad,463b84b31a9eb77e3c1090e91a8cc484c09214c5f7b5f34f03e46dd7002aaea6,e00641f5b081d5272b4a46d52126d91681c167a6615f998565e40f696d285fa1,0.4872952230000464,0,365,658,False,0.2282685786485672,0.3037157373012013,0.0636258425874391
median_L2,00019018_007.png,19018,mixed_high_risk,0.5796366930007935,1024,1024,41bbeafe61f12d574366a557a76688d1df38d146f582ccd6931a6793ccc9a8ad,7b7a31e84aeb7c9e61cf8f2ecc88247752ab63e4a801f3f08ff37dabd4c6abb6,caccdb2b12ebda2554d79d07ec81a860d7070789b74d61b47ad49a78146df2df,0.4880183660000057,0,365,804,False,0.4778167903423309,0.2021169013046362,0.1122732726822548
median_L2,00019150_002.png,19150,mixed_low_risk,0.5000056028366089,1024,1024,41bbeafe61f12d574366a557a76688d1df38d146f582ccd6931a6793ccc9a8ad,40f62211a6ad20a4255509564fcc670474f809d2ddb4bd1ce0369ca750c8a2c5,1768e86212e5dbced0442d531d6c95bc3ee7e967c1c77296c710704cda0572d1,0.5694309299999532,0,658,804,False,0.2432283163070678,0.2139235056330279,0.1289928998779896
median_L2,00019363_043.png,19363,pure,0.4511058330535888,1024,1024,41bbeafe61f12d574366a557a76688d1df38d146f582ccd6931a6793ccc9a8ad,af053287965ecd5bfe6ff6a7908a3e61015839886df227be9fc81e9c9efae1d5,8f931e06486883255627dcbacdb4b5660e0501d6ed66f26bd9f6dd24c8eb50f4,0.4169411559998934,0,951,0,False,0.053911168128252,0.0281349723370909,0.0
median_L2,00019625_002.png,19625,mixed_high_risk,0.5723056793212891,1024,1024,41bbeafe61f12d574366a557a76688d1df38d146f582ccd6931a6793ccc9a8ad,69113e2211b3ef8544d1dacc67e61be692f73d480c847e43d8facd059b3a32b5,9cb58b15b1b6e9955dbf806586f5a38bfc919e4d6c8803d4022890e2dc2f8f2c,0.4556608139998843,1,365,658,False,0.5474294424057007,0.3419421454476657,0.2038404511491845
median_L2,00019634_004.png,19634,mixed_low_risk,0.5525501370429993,1024,1024,41bbeafe61f12d574366a557a76688d1df38d146f582ccd6931a6793ccc9a8ad,95546e5f463255ebd04e51707b1c148a7d7daf508a2c438f3d139da8dec854dc,9ea4576552fcd89b59002ff838fa66e845c6e8f879552121763ba1c17d1b4e61,0.5278812379999636,0,658,219,False,0.0517258420586586,0.0137112050897012,0.0
median_L2,00019646_006.png,19646,mixed_high_risk,0.5572026371955872,1024,1024,41bbeafe61f12d574366a557a76688d1df38d146f582ccd6931a6793ccc9a8ad,a5fc32f7c9c700dd28b1baab78a58c1c50a4a11be39cfb71bbbd52fe76884e38,240bc8b903946f13aab4734c235bccaac91d57ffcb6d96a9cfbf8389589b52db,0.5082300910000868,0,657,512,False,0.15117909014225,0.1810828036859881,0.103722008001593
median_L2,00019706_012.png,19706,mixed_high_risk,0.6020856499671936,1024,1024,41bbeafe61f12d574366a557a76688d1df38d146f582ccd6931a6793ccc9a8ad,82df469ff4ca73e75ec996d3204edf84481191e6dcff7da3b38b61b3c9ab515b,f7881d84f589e027963c1a707727d79146904979257082a50c34a3c12685f41b,0.4928150209998421,0,512,512,False,0.064204029738903,0.1072307230723072,0.0767380848272846
median_L2,00019750_012.png,19750,mixed_high_risk,0.5849859118461609,1024,1024,41bbeafe61f12d574366a557a76688d1df38d146f582ccd6931a6793ccc9a8ad,506107fa85e369647a1fe62b280878337db12889308d627b5cbc1d79dbd1547b,98cf84a734addce14dfabb3f6a5ad07d844b9975f9265f9ff2a7c979951550e3,0.3472131390001323,1,804,511,False,0.624428391456604,0.2938430945198518,0.1729102643866694
median_L2,00019750_029.png,19750,mixed_high_risk,0.6887364983558655,1024,1024,41bbeafe61f12d574366a557a76688d1df38d146f582ccd6931a6793ccc9a8ad,361e176b08e5a5ac7d0830254a8a492dee71f8d89e63cbba3634fddd1b36f46c,2c263389903fdde98ea2fd5a43e47afb9b0c086f0f95f0034261c33b42b4caa4,0.3383404419998896,0,658,511,False,0.1162672415375709,0.1429094940698942,0.1973371758772542
median_L2,00019769_014.png,19769,mixed_low_risk,0.3623649477958679,1024,1024,41bbeafe61f12d574366a557a76688d1df38d146f582ccd6931a6793ccc9a8ad,5a9fbfeddff32bce4b65b40c7a91cd1dedee4df4b9524d84010fee2323da129d,05705d923fb8712a96b01449403c861ca180f5778f1e5209d0c4e392e3681699,0.2718540789999224,0,512,951,False,0.0,0.0,0.0
median_L2,00020113_030.png,20113,mixed_high_risk,0.4630554020404815,1024,1024,41bbeafe61f12d574366a557a76688d1df38d146f582ccd6931a6793ccc9a8ad,cf2aae2a5da38c89bfdea3d2bd79f4c9bdfdc995dba56475dd940b7ba6d2aba3,8ee2dd51dfbf8aa2c2cb907729452c06d26d56a027bb3a8673c464a30b0e4b69,0.3165788139999677,0,512,658,False,0.0453755930066108,0.0672714810507751,0.0442045085076406
median_L2,00020184_013.png,20184,mixed_high_risk,0.6704331040382385,1024,1024,41bbeafe61f12d574366a557a76688d1df38d146f582ccd6931a6793ccc9a8ad,7e345bb9c3c54ec6b072c40839c4a2e4bd224bf5cf62c532ff54236b7581fffd,4f57afae67c5e255d41f88fec468c7e2c36cf74fed109ffb53c2f08304daae7c,0.3317966120000619,0,511,658,False,0.1032872423529625,0.0868814805963808,0.0023941961383267
median_L2,00020259_002.png,20259,mixed_low_risk,0.6144559383392334,1024,1024,41bbeafe61f12d574366a557a76688d1df38d146f582ccd6931a6793ccc9a8ad,e97f321ebc06313566ead5f9c77012467c52228579ad04fa4b9f5addfa09df86,9c1c5a208a6165c0ea32570eeb01a7471a3453cb29e69044092f86d43cba3c29,0.618689441000015,0,804,511,False,0.1644328385591507,0.2622901204421485,0.2170621998104926
median_L2,00020405_041.png,20405,mixed_high_risk,0.5306481719017029,1024,1024,41bbeafe61f12d574366a557a76688d1df38d146f582ccd6931a6793ccc9a8ad,279f6810d009fcb1bbb51338219a57d6ce72b3d9938f00f7cd4490894a1ba598,28e3c7592baf49586a41f11fb1f2fd7a5b5f2c365362673fc951d807d4887b0a,0.3499756599999273,1,658,511,False,0.213351160287857,0.1691607815252347,0.210008145618597
median_L2,00020482_011.png,20482,mixed_low_risk,0.4092469811439514,1024,1024,41bbeafe61f12d574366a557a76688d1df38d146f582ccd6931a6793ccc9a8ad,a87dafdea93326a306d33f8e9145708f1d808ad5a6fec52794e6cd0fa1497ea8,4116c006e82ec5c77ecd2493c04d9e36b923b039114b3e9bf822f5c07a8729fe,0.2903972799999792,0,804,657,False,0.0554429106414318,0.003152936801822,0.0
median_L2,00020482_032.png,20482,mixed_high_risk,0.5747041702270508,1024,1024,41bbeafe61f12d574366a557a76688d1df38d146f582ccd6931a6793ccc9a8ad,2641bbd6a9a3fd2e65df229b96e765479faec48523f13a3364d2611800566820,d10157ca527fff79f6286e4808cbc2c1c09a62aca0bf9a34deb822049de09fa6,0.3565239019999353,0,804,804,False,0.1040792316198349,0.1240211908229384,0.0276052939715431
median_L2,00021009_001.png,21009,mixed_high_risk,0.6200385093688965,1024,1024,41bbeafe61f12d574366a557a76688d1df38d146f582ccd6931a6793ccc9a8ad,c0c5c2d23a08808ec599c6d4bcfef2fb4c8cda31ce885ff2d6d93a8e7d638673,68fd8b851e26f9a2301ee9d6989954f422662e7ca33f40e77726287250ba642c,0.3407383440001013,1,511,511,False,0.5931122899055481,0.371863947608312,0.2154930475825998
median_L2,00021201_010.png,21201,mixed_high_risk,0.5490313768386841,1024,1024,41bbeafe61f12d574366a557a76688d1df38d146f582ccd6931a6793ccc9a8ad,c5e7f8f305c25a57d66302aa17dc21fa2764add43deb0f018bfad2c71e534c94,a357b74550ba346062e20efe9eb96064816c97a75185c0c0d127c1ae3f370310,0.3535535140001684,0,365,658,False,0.1390697956085205,0.1413258561312215,0.1265735627547259
median_L2,00021703_001.png,21703,mixed_high_risk,0.5310106873512268,1024,1024,41bbeafe61f12d574366a557a76688d1df38d146f582ccd6931a6793ccc9a8ad,c73974948d6b40cf0e69a9f3cfeb746f92bb822bf2fc9abfe8340e6c65cd8320,a47fd16ceacdd3e9b6f26eac379481cfc255f1c7727442cb11c47beaa9c4efff,0.3106551580001451,0,658,511,False,0.0021540345624089,0.0,0.0
median_L2,00021710_003.png,21710,pure,0.5236067771911621,1024,1024,41bbeafe61f12d574366a557a76688d1df38d146f582ccd6931a6793ccc9a8ad,0b607af8326d1cfd5e8ad41c4d78ed11dcf4beef7e0729a7d6ddc026446eea9f,a38da8cf62fc695a2a767e71c7a2c2588792fa5d9e7814efb96b9a11cc405f6f,0.3211447460000727,0,365,804,False,0.0456452369689941,0.0440940893778416,0.0028140703517587
median_L2,00021840_016.png,21840,mixed_high_risk,0.4884417355060577,1024,1024,41bbeafe61f12d574366a557a76688d1df38d146f582ccd6931a6793ccc9a8ad,f8c20f4fbcae285473ec78253d5dbeb44720ee1dfe5bb5821028711a94931462,18660833e2fce30c13e4268b3c3434307138618b3da8c6bb269949411fd99854,0.2956440989999009,1,365,512,False,0.3226575553417206,0.5060616556979564,0.4201460017132854
median_L2,00021926_007.png,21926,pure,0.574073076248169,1024,1024,41bbeafe61f12d574366a557a76688d1df38d146f582ccd6931a6793ccc9a8ad,4a4779446a9ff78af4410db1fb62b4f76f00265affb83ec511d26029e60a0f8a,e25000f14c1c9c58e756ee198f53b62fd551ece69b72118606c1d9f8f9173591,0.3315169660002084,0,658,658,False,0.0315080396831035,0.0286509311168277,0.0
median_L2,00022369_013.png,22369,mixed_high_risk,0.5453000664710999,1024,1024,41bbeafe61f12d574366a557a76688d1df38d146f582ccd6931a6793ccc9a8ad,5fb6f4991f798a3425ec33bed319b3e7e70ca0d3402e01d71c8f69bce4f4f70e,fa69707d2fae98bdf36c2c509b914abf3f90f3b17b5b117bba79152e117db015,0.387684980999893,0,658,658,False,0.2423775047063827,0.2035684468907319,0.0857518500920978
median_L2,00022416_048.png,22416,mixed_high_risk,0.5214817523956299,1024,1024,41bbeafe61f12d574366a557a76688d1df38d146f582ccd6931a6793ccc9a8ad,ee4ab63331814f5b2a4fe9cf050c79fb4abf9449f9313e050fa4cef78cf60136,9c9e0c88fc1a7abc080de94cae9da7682e86d4c7a447b6c32026e941973d7850,0.3214322200001334,1,804,511,False,0.4959455728530884,0.4159811418941506,0.1549897694127207
median_L2,00022470_006.png,22470,mixed_low_risk,0.5311697721481323,1024,1024,41bbeafe61f12d574366a557a76688d1df38d146f582ccd6931a6793ccc9a8ad,c7e4a7187e6033609a856ee385ad3bbdae39813d1dc2d6c4226b20c0aa709929,969efd0324af19c74dc632f75a01bea6fc88874273c4a7bbd619b75c2f6b85ae,0.3314325349999762,1,658,658,False,0.7953370213508606,0.1595175589602341,0.0759059218454123
median_L2,00022727_000.png,22727,mixed_low_risk,0.5661941766738892,1024,1024,41bbeafe61f12d574366a557a76688d1df38d146f582ccd6931a6793ccc9a8ad,48e770d135f8b751ba691ce6bb9f676ca46ef0888d8aabb0c9e4fc3d4de042e0,2811657c2687c5f4fc9942e03c9386606db4480fea2a0ceeece7894ade26b6ce,0.3478752280000208,0,365,658,False,0.4140429198741913,0.1274799262185805,0.0502902547810013
median_L2,00022899_014.png,22899,mixed_high_risk,0.6223068237304688,1024,1024,41bbeafe61f12d574366a557a76688d1df38d146f582ccd6931a6793ccc9a8ad,b8166b892d97b26ef78ae39117a5d59f174ddd5f4a1cf0a7438c088eca5910f1,a36fe449b375c7a3a394fa21e569e93d71276cb845ba7d71b2a3b4c163f860a4,0.4959501829998771,0,804,804,False,0.0695493891835212,0.0450684887767808,0.0
median_L2,00023026_008.png,23026,mixed_low_risk,0.4742398560047149,1024,1024,41bbeafe61f12d574366a557a76688d1df38d146f582ccd6931a6793ccc9a8ad,dcb1b8525dbec1289309bd9893e335b1ccaa5503054220bf57e9b8d71ef8dc9a,864c89f0638b5ba550c281f9e9fd0861f3a8b3d15245b5473efb71c73fe5c0a2,0.3059170999999878,1,658,804,False,0.7352027893066406,0.3067320069397806,0.1604389400515154
median_L2,00025521_003.png,25521,mixed_high_risk,0.6622573137283325,1024,1024,41bbeafe61f12d574366a557a76688d1df38d146f582ccd6931a6793ccc9a8ad,8411532da97edd2860ad47edd42cd18cffd48d33eeb274f1939909f00f39f906,cdff6985c6c20a4b8340321d86b27cf0cfe4218d2b7eae608b9fd9319aa42211,0.354085244000089,0,512,658,False,0.1066953390836715,0.1431556128059317,0.1553441554108799
median_L2,00025787_027.png,25787,mixed_high_risk,0.6486272215843201,1024,1024,41bbeafe61f12d574366a557a76688d1df38d146f582ccd6931a6793ccc9a8ad,99672757fca4db3612ec7801db1398a2531d84c599dbb2d11db338e0a70d2bb4,80d5cd46fc8554167584695245750506600bec4ee90bf819e97ef10744b4f1e7,0.3394191330000922,0,365,804,False,0.2464177757501602,0.2587821847448222,0.2274373259052924
median_L2,00026098_003.png,26098,mixed_high_risk,0.6203597784042358,1024,1024,41bbeafe61f12d574366a557a76688d1df38d146f582ccd6931a6793ccc9a8ad,6ad103ea34f6dfc443a885443095e15dc43725ffd428590da45898714b270033,7994872a8c167d7e043731f74654aabf987f2deec0d882ca8eb84c64be402bfa,0.357972036000092,0,511,511,False,0.0612400844693183,0.0233658329024967,0.0
median_L2,00026194_010.png,26194,mixed_high_risk,0.5918134450912476,1024,1024,41bbeafe61f12d574366a557a76688d1df38d146f582ccd6931a6793ccc9a8ad,85103f5858455699b167068c7d3dd196ae6f487fe55e93a2581517e7fff40a0a,5ca35f02443a60e5eb102a2a383495b70d51179bccdb23e35846ebd592a9afa1,0.3397703079999701,0,219,365,False,0.0346813760697841,0.0492584726664334,0.0142720915448188
median_L2,00026538_012.png,26538,pure,0.5568152666091919,1024,1024,41bbeafe61f12d574366a557a76688d1df38d146f582ccd6931a6793ccc9a8ad,e752faf6b1889685f9c88a67e37e4cf8dad7dd55d98ef63672ee861e1bd4445f,28ac35f6c509d8583f9d6eae5a5b2c263eceb576a86945c87980fbacfeffa3d0,0.337486545000047,1,658,511,False,0.1461615115404129,0.186675772579819,0.2800630084931551
median_L2,00026538_034.png,26538,mixed_high_risk,0.5515543222427368,1024,1024,41bbeafe61f12d574366a557a76688d1df38d146f582ccd6931a6793ccc9a8ad,3f60caa32e5ab19cc0699ac01c23e5a372cca5cd9bfa823e0bbb6ce459f2e92c,10bd85deb781786d1eef885067e95bcc15fc40c7c69c72a522c3a57f389f58e0,0.3300417569998899,1,511,511,False,0.137869507074356,0.1834393440493262,0.2434185536888239
median_L2,00026865_003.png,26865,pure,0.5229468941688538,1024,1024,41bbeafe61f12d574366a557a76688d1df38d146f582ccd6931a6793ccc9a8ad,9fb38fc2beb9312faebf24e0812b9f445552a3efcd09ff8a37cd1120d73a9de7,ffb8603f5586833362e65f85d3652e13e49e2c7e91a2fe47ebf4b30086583958,0.397616280999955,0,804,0,False,0.0056704641319811,0.0,0.0
median_L2,00026911_000.png,26911,mixed_high_risk,0.5718287229537964,1024,1024,41bbeafe61f12d574366a557a76688d1df38d146f582ccd6931a6793ccc9a8ad,2d2a2b1ea8443984140a3f877b3ae6cfae0dbff69f88c5f297c61dd5851a55be,000173801200a1cff0aee0b385d9de7ff4643daa822896986dbcfa1739d605cd,0.4964925169999787,0,512,512,False,0.1140475124120712,0.1116494177734876,0.0638838536990293
median_L2,00027113_002.png,27113,mixed_low_risk,0.5391658544540405,1024,1024,41bbeafe61f12d574366a557a76688d1df38d146f582ccd6931a6793ccc9a8ad,e5e76ed8a7a1d3a36ac9a231d4539380aa250c0fd586340b547950242f9d27c7,185520b0d52449f22f1961f647d4c0620f89845bd3fd0f1ebd89d26a6d40740c,0.5053877249999914,0,365,658,False,0.021423690021038,0.0,0.0
median_L2,00027357_014.png,27357,mixed_high_risk,0.5262800455093384,1024,1024,41bbeafe61f12d574366a557a76688d1df38d146f582ccd6931a6793ccc9a8ad,6e10a0781e04fc76f556a635decaf3ab937ec5145c908dd046f8ee615185f53b,8bf1d25725530371a3eab4234da7c9a8d7fe717e437b7644a8df1990b510055b,0.5078360320001138,0,512,658,False,0.0529608316719532,0.0005857524334568,0.0
median_L2,00027441_002.png,27441,mixed_high_risk,0.593042254447937,1024,1024,41bbeafe61f12d574366a557a76688d1df38d146f582ccd6931a6793ccc9a8ad,0ac7ee5c1a1afd68df02b28220d18077cc6c2fb26557ee04d74062ff6ef9c9a9,aea2bf17f4f0817c8fdcbfd95312df02a3a110b0f8be2bf330e1ff2e24565ad6,0.4405305130001125,0,658,658,False,0.04743168130517,0.0024700492302438,0.0
median_L2,00027479_013.png,27479,mixed_high_risk,0.5806161761283875,1024,1024,41bbeafe61f12d574366a557a76688d1df38d146f582ccd6931a6793ccc9a8ad,7ecc844d6c82d0e93fc08a86c9bb71099e1d01d998b20850822f4db99ec6cd51,dbbee3b379e5629f6e0d24f144ee13e8e4ce47b4e087035c54dd3007758f19d6,0.6881114269999671,0,219,365,False,0.4881022870540619,0.4191727961595487,0.1580007940694974
median_L2,00027927_008.png,27927,mixed_low_risk,0.5624516606330872,1024,1024,41bbeafe61f12d574366a557a76688d1df38d146f582ccd6931a6793ccc9a8ad,e4178ac064e7ac6555a20452090e663c10ac8db97fe389515692d38cafa38159,e0986574f811bd87bbe053dfd46ae40e7d65c3da228401417a7e346bc523f65d,0.4810408460000417,0,512,657,False,0.0451533980667591,0.0251792161194428,0.0
median_L2,00028208_005.png,28208,mixed_low_risk,0.5690696835517883,1024,1024,41bbeafe61f12d574366a557a76688d1df38d146f582ccd6931a6793ccc9a8ad,61de3bc145ceb54d0365bd1348dba15edf8addf1ce1cce6aa29f63390a4a0e70,7dabac7abc92094cf18c177d30e965533dab88c7b831e777e9596e75ed65039a,0.4457676540000648,1,365,658,False,0.4879624843597412,0.2483216070352233,0.1202195803816193
median_L2,00028285_014.png,28285,mixed_high_risk,0.5621182918548584,1024,1024,41bbeafe61f12d574366a557a76688d1df38d146f582ccd6931a6793ccc9a8ad,e7b8b0a669e7c530c626abfadbd5366e015e3932705993156d4b43d03b9d25f0,2b6bd9927226feb5149e8c5711a641ce261a9611928d3c7001a4d787c9761dd0,0.474022456000057,0,365,511,False,0.0529151633381843,0.0,0.0
median_L2,00028383_002.png,28383,mixed_high_risk,0.581950306892395,1024,1024,41bbeafe61f12d574366a557a76688d1df38d146f582ccd6931a6793ccc9a8ad,9c1836cd245d2a5ae496b205c237442c34b29292970eb6d5035d2773d8fef5be,974470b5eab2b0eec8e9a1a57983619ae28c4882bf1794e7325e8acbe36b940c,0.3451255589998254,0,511,804,False,0.1286192834377288,0.0937612231286234,0.0398818183852989
median_L2,00028518_012.png,28518,mixed_high_risk,0.6612704992294312,1024,1024,41bbeafe61f12d574366a557a76688d1df38d146f582ccd6931a6793ccc9a8ad,727499c41963c4599b94c37767c4b080524cf21e70be2a71def837eb74b78913,579d8484b1ce6d84203f5f01a51ff7b46d43d242ac0187539fb1100711d20d65,0.3390137940000386,1,512,512,False,0.5225614309310913,0.5469571077595031,0.3794358553041053
median_L2,00028640_003.png,28640,mixed_high_risk,0.5698258280754089,1024,1024,41bbeafe61f12d574366a557a76688d1df38d146f582ccd6931a6793ccc9a8ad,fd75eaf5de7ba0d250761ae00037fe1c489cd0ca9bf3a7a09816aecd8c665317,cfc132b36fbf865fbc9e25855067520add3a3e959e1a05b3d54f2d55913dda15,0.3687900710001486,0,512,219,False,0.0361729077994823,0.0005447804217552,0.0
median_L2,00028640_008.png,28640,mixed_high_risk,0.683929443359375,1024,1024,41bbeafe61f12d574366a557a76688d1df38d146f582ccd6931a6793ccc9a8ad,58972035ef9fa10c8052727f9ef6e4cfb2ae2602fac8ef2f50789c677148de23,c5ff0eb72bcd89f4a222631ca723eab210111ec80d7ead172243b17da5fc3bde,0.3243152019999797,0,658,658,False,0.0808629989624023,0.0949530520895528,0.0
median_L2,00029039_020.png,29039,mixed_low_risk,0.5532597899436951,1024,1024,41bbeafe61f12d574366a557a76688d1df38d146f582ccd6931a6793ccc9a8ad,d1f1e518c72e2d9fe2e1fb347ae58447cd2cf24b82b76f7c3430f21861eeb08b,7a0531f43772d991eb663407dfdfc5f806fe86c40cf63f8a4cbd57188b60b457,0.3173427930000798,1,658,658,False,0.4653895795345306,0.157313417135644,0.0771722369022619
median_L2,00029404_004.png,29404,mixed_high_risk,0.6159566640853882,1024,1024,41bbeafe61f12d574366a557a76688d1df38d146f582ccd6931a6793ccc9a8ad,a5414b77329e84a2866b016f01d0633d361247c3f3e7c2b60a80ab106f2ce025,054bffae7e6d8c8bf3b6a91c1b5378f305d96ba30f2c7519142c0f6fe7e88d0b,0.3304188860001886,1,658,511,False,0.1797366738319397,0.2049056709164793,0.3402327651577594
median_L2,00029431_000.png,29431,mixed_low_risk,0.5155164003372192,1024,1024,41bbeafe61f12d574366a557a76688d1df38d146f582ccd6931a6793ccc9a8ad,4172459f69a0067dd520e8a85381d66e44dc96d148662bb38eaf10a7b03079f8,c675a9c96d5c20b1d74e3423a0870721430412c2379e79c8a00cabc7508322e2,0.3109236899999814,0,657,366,False,0.0471594259142875,0.0125363689263892,0.0
median_L2,00029532_014.png,29532,mixed_low_risk,0.5117812156677246,1024,1024,41bbeafe61f12d574366a557a76688d1df38d146f582ccd6931a6793ccc9a8ad,b64554299d9329779ddce20ea07e6052d7e1f31a2e86b3729a0d5f959d7bb826,609a4da8294c1d34a3bbfdffd4ff6fe036fe3bca95486c8ccbaa290849d41a10,0.3221668029998454,0,365,512,False,0.1290199011564254,0.2091186867173926,0.023675904637115
median_L2,00029617_006.png,29617,mixed_high_risk,0.5457603335380554,1024,1024,41bbeafe61f12d574366a557a76688d1df38d146f582ccd6931a6793ccc9a8ad,c39fe485b392360cbe0991b8073c4b75917b34788393d8a4916a5be40aafb965,deb846f9093178e46b9472b4fc4794ad685754ba767d63e6681d54d6e9869b2f,0.4779736990001311,1,658,658,False,0.1556315273046493,0.2077262088016363,0.2312997162394753
median_L2,00029861_013.png,29861,mixed_low_risk,0.6004641056060791,1024,1024,41bbeafe61f12d574366a557a76688d1df38d146f582ccd6931a6793ccc9a8ad,1903aa2d06d4e61d38171ccc4daadd044f03b115dbdb00a223e753f72d06867a,131878266307ce41a57277afe317238355d9d8388548d8e2d309919433b23e5e,0.3994704020001336,0,512,804,False,0.5211072564125061,0.3094356080740347,0.067961964477408
median_L2,00030323_028.png,30323,pure,0.6212197542190552,1024,1024,41bbeafe61f12d574366a557a76688d1df38d146f582ccd6931a6793ccc9a8ad,3be9a6f6de25820d0d44429640c6fa5dab860834c46008b556353b5cae54de46,721b79c6150e1478ea633b444ea8e8a389dca895103b1d899bc859163227b612,0.3528328349998446,0,511,512,False,0.1105805113911628,0.0614602634589876,0.0017393625303053
median_L2,00030408_013.png,30408,mixed_high_risk,0.594279408454895,1024,1024,41bbeafe61f12d574366a557a76688d1df38d146f582ccd6931a6793ccc9a8ad,e1b0823a7c4f6a04eab5481fb044173141eb32e171725147c794f14adac7f59b,07a74252e71a5ec0d6ca76e43c5b7ad335eac97072862d7806e77208d915d4c8,0.3320850009999958,0,658,511,False,0.0151207940652966,0.0,0.0
median_L2,00030573_002.png,30573,mixed_low_risk,0.4405782520771026,1024,1024,41bbeafe61f12d574366a557a76688d1df38d146f582ccd6931a6793ccc9a8ad,f1ca04c4b20ec999a19eaa0cfbbd3726513f8018c1fd8a661c632c9a17c0d9a2,f3aef66435bc53e3e734152e3672a81360a5666343c0423ed3a0f753de7da9f1,0.3180199759999595,0,511,365,False,0.0359436273574829,0.0116078220081135,0.0
median_L2,00030636_004.png,30636,mixed_high_risk,0.658108115196228,1024,1024,41bbeafe61f12d574366a557a76688d1df38d146f582ccd6931a6793ccc9a8ad,5831b17d14fd6b9fd5469832ec926c2155fd04a98d25f75dc0f02231dc231081,6b90c11e322ac2a592ac66d7883b8e28dbb087de0f74c3164968189769732bc6,0.344275357000015,0,511,365,False,0.0525621697306633,0.0548309837445607,0.0006947042163202
median_L3,00000032_037.png,32,mixed_low_risk,0.5213861465454102,1024,1024,a46f6e71c3e3725bc060cb3c113a419f12ef917ec7b326822e104e84e10fe159,2a896d04ae301efe92631ff3fe5fa03088222a7d2b49195dc83643935f93c944,2cf514901b7940a8e0352b907c880bed5e3e51cab0a6a6199c99e536ab0c86f9,0.4187064359998658,0,804,511,False,0.1470061987638473,0.2176196931419064,0.1169152704408682
median_L3,00000211_016.png,211,mixed_low_risk,0.6242980360984802,1024,1024,a46f6e71c3e3725bc060cb3c113a419f12ef917ec7b326822e104e84e10fe159,53ce7c5c4a465f84f1935818360d43a9982cf7dcc07c2666b8e4c8b2a9e3d977,b61b8d60f78f063b99ab6a746294afc645eb403e692aea1e899f346f4aa5888e,0.3358442640001158,0,658,512,False,0.1743521243333816,0.2547951469484524,0.1187061778832882
median_L3,00000468_041.png,468,pure,0.5403850674629211,1024,1024,a46f6e71c3e3725bc060cb3c113a419f12ef917ec7b326822e104e84e10fe159,a8d38de74bf7a63f32eaed5536e516bc40eb1a7755327b1172b2d7292b79d0b4,9e130b875389cf1b9580d2c9bf6fd2a7ca9c29e3fdd17f4d4980447adcb47424,0.2937500259999979,0,365,658,False,0.0129410875961184,0.0174463505728935,0.0
median_L3,00001039_005.png,1039,mixed_low_risk,0.5113744735717773,1024,1024,a46f6e71c3e3725bc060cb3c113a419f12ef917ec7b326822e104e84e10fe159,13119b416ad0d11f734ad982a5c1d3ae6feabb42ae8e5d8930ba859922067421,b706eeb012102a21b3753dbace010208732e2df39c75ba4ccc72cf9ff5441720,0.31807371900004,0,365,365,False,0.0316585823893547,0.0,0.0
median_L3,00001900_026.png,1900,mixed_high_risk,0.7062391042709351,1024,1024,a46f6e71c3e3725bc060cb3c113a419f12ef917ec7b326822e104e84e10fe159,de1f5c37b030208cf9d3583007e0b96dd114df3a02e57fb8b0707d50267807c4,23dcbf6294d85864e4931e3121441fafc5d719b1714de4bda490b130e236fbe8,0.329673178999883,0,511,366,False,0.141956090927124,0.1553229398663697,0.0676887918684767
median_L3,00002224_007.png,2224,pure,0.4491123259067535,1024,1024,a46f6e71c3e3725bc060cb3c113a419f12ef917ec7b326822e104e84e10fe159,bc85df8a3a340bf20d3ae32f730be35fc160331873f65c38887b8d89f2d8fa31,ffc50b5b4b569d7012a2f30a4041d267fd44f2db7fb32b858c5863fd9201bf81,0.2917360010001175,0,511,658,False,0.0056670648045837,0.0,0.0
median_L3,00003149_007.png,3149,mixed_high_risk,0.5051248669624329,1024,1024,a46f6e71c3e3725bc060cb3c113a419f12ef917ec7b326822e104e84e10fe159,268dc7e9bf000b8b8ed64e6f48646edaf8de7f37566ef2840c47ad4181debcee,698aeb672beed465c851b4774c084b34cc6926c28f2a319b4b93a4438ea1b6e6,0.2927886949998992,0,511,365,False,0.0727631971240043,0.0587162208154652,0.0340097170620177
median_L3,00003333_002.png,3333,mixed_low_risk,0.6084713935852051,1024,1024,a46f6e71c3e3725bc060cb3c113a419f12ef917ec7b326822e104e84e10fe159,66e84f1ceab42702b61576d0a859bdaf187d947883246fd9327865a9f3b1ae11,e4dfb29ce66d40ab8a125263d7a171116978f1aa73ef3fc951cdabd2ded013fa,0.7076311139999234,0,365,365,False,0.177818164229393,0.0957022007853424,0.0257676379894099
median_L3,00003973_008.png,3973,mixed_low_risk,0.5891028046607971,1024,1024,a46f6e71c3e3725bc060cb3c113a419f12ef917ec7b326822e104e84e10fe159,837803afa6bbeed3c1ebae08ba402c0aed2fb32cf583f48e59c8dba501f2d0bb,5afc65d1948e8ac4f6b427d13e7ca0cc7962ab25b68bf408e2b520084dceb880,0.3332382989999587,0,511,658,False,0.0886980518698692,0.1237199333174565,0.1136529257676324
median_L3,00005066_030.png,5066,mixed_high_risk,0.5949609875679016,1024,1024,a46f6e71c3e3725bc060cb3c113a419f12ef917ec7b326822e104e84e10fe159,33bc832b7ee48daae56fbaa2d6fe3cd1dbbf7ae4af84a11578349d730eed1c88,0dc2834d6514615e508c4926330277d8f7448b8e4e6ec7a80e4ae8821c092979,0.3370437300000048,1,658,511,False,0.0966634675860405,0.1089200014433659,0.15668069238328
median_L3,00006096_010.png,6096,mixed_high_risk,0.5087718963623047,1024,1024,a46f6e71c3e3725bc060cb3c113a419f12ef917ec7b326822e104e84e10fe159,853e2d3947d7302c1c23fbe3666e4c82bea582e01beafb7f2dbd0dc65b032e4b,0d4ce039c7b3e064367ebc63013f79f54b4c1bd089472f2dc7d6d3ef032c4e03,0.3348872320000282,1,365,658,False,0.1328294724225998,0.1546636165124259,0.2141137526331628
median_L3,00006304_060.png,6304,mixed_high_risk,0.4367437958717346,1024,1024,a46f6e71c3e3725bc060cb3c113a419f12ef917ec7b326822e104e84e10fe159,06c53fb2c9c43f080e206c915f8d7936490f9803dc0ec75780f7741e4be153f9,fcb2e8bad1d3888201ffd1903ee39c5904c927afccb15ff20ba29c856ab56742,0.2872209730001032,0,219,512,False,0.0473684445023536,0.0169120604196154,0.0
median_L3,00006836_002.png,6836,mixed_high_risk,0.5562841296195984,1024,1024,a46f6e71c3e3725bc060cb3c113a419f12ef917ec7b326822e104e84e10fe159,117284dee800f314a55379bd558df5cae8dd5c5371f1ef226fce348675bc5d2a,6d1460d842cb4f42124772b8f0b3bd8ca3a8e8638fb2c0fae945cb03af0d8b60,0.3287526859999161,0,365,365,False,0.2341097593307495,0.3722162840640536,0.1616230991230991
median_L3,00007124_006.png,7124,mixed_high_risk,0.5815293788909912,1024,1024,a46f6e71c3e3725bc060cb3c113a419f12ef917ec7b326822e104e84e10fe159,71d02fb327639d28ac50398774b6d247649a1bda629f051e8b03c42e70267ab9,1de7b709fbf9ac4e8c069365397641db0aecb42e28d378dee81f619cb3cd7d37,0.3243196729999908,0,365,511,False,0.2454644590616226,0.2800759779482658,0.1030013787252094
median_L3,00008814_010.png,8814,mixed_high_risk,0.5479015707969666,1024,1024,a46f6e71c3e3725bc060cb3c113a419f12ef917ec7b326822e104e84e10fe159,b3d7073e8d50022bc28717195d47821a029d4891a46ef38d5bd94d7cb4e667ff,67b748b0b3944dd1a183b6fc4b873bcc54736508f3f3f486f430673d82fd9475,0.3321684739999,0,804,365,False,0.0503160879015922,0.0429864124877871,0.0330153158334766
median_L3,00009431_004.png,9431,mixed_high_risk,0.4400544166564941,1024,1024,a46f6e71c3e3725bc060cb3c113a419f12ef917ec7b326822e104e84e10fe159,521117365b823437c351a46a6ff4f45f73a1efdfc0700e08ba3988bc56f027f8,f871eea5d04f537ab3fc902ac8468c4e71028575b3a76f2216a29ce9deb7a2f9,0.297563294999918,0,804,365,False,0.3043366372585296,0.2868011860851956,0.2440135621953803
median_L3,00010092_018.png,10092,mixed_high_risk,0.6024861931800842,1024,1024,a46f6e71c3e3725bc060cb3c113a419f12ef917ec7b326822e104e84e10fe159,993e1a10197aa843b7f96a0cc2d5459ec66a7cb367ba6eeaf814e7cced073eb8,ed4e3354136f26997835163266a98bd20791dcfbfb7ecbbb105a2bf5dd75f96a,0.3215712280000389,0,365,511,False,0.0642846748232841,0.0881381819815368,0.1226886863153878
median_L3,00010120_010.png,10120,mixed_low_risk,0.4498082995414734,1024,1024,a46f6e71c3e3725bc060cb3c113a419f12ef917ec7b326822e104e84e10fe159,83e9d65799f8062e8aebda4fe48cf28924739e80c84f1b103072f886da4a3efe,26358ab8961605269ca03764cc11a11cf121da5c08b833e18b3feb09927a5e75,0.6194243689999439,1,365,511,False,0.4536320269107818,0.2083228857743154,0.1102365739941288
median_L3,00010230_001.png,10230,pure,0.4786502420902252,1024,1024,a46f6e71c3e3725bc060cb3c113a419f12ef917ec7b326822e104e84e10fe159,1ad72132d1d6287d423698ed7250ab86129eb75b25c5d8b44dfd54146c2bcdfd,0f0451d6ab0071b9d211951dd52249cada43225fd6e77c1dfd4c67d88977071f,0.3075075240001297,0,804,512,False,0.0174320880323648,0.0,0.0
median_L3,00010277_000.png,10277,mixed_high_risk,0.5119730234146118,1024,1024,a46f6e71c3e3725bc060cb3c113a419f12ef917ec7b326822e104e84e10fe159,40aee70888f042bba79c0c54bedb9b5e403845a7c351b3228b8490a002b4e413,890cc6ddb3340c1f6951643cf47cff2b758f478f31f3e644a13b13b855ada5e9,0.3465384959999937,0,658,804,False,0.0531667955219745,0.0101836260123486,0.0
median_L3,00010805_049.png,10805,pure,0.4650106132030487,1024,1024,a46f6e71c3e3725bc060cb3c113a419f12ef917ec7b326822e104e84e10fe159,23bcf6f17b1727f0622d7b787dfff0c907c6ee4ff0f24390b67bc1c318c4ccc8,2295a84354c8bbb3ffb2d34c54b092dce2903d9302cdc94979ffe6d422335066,0.269488438000053,1,512,511,False,0.1876771450042724,0.1571345923385264,0.1130321271940121
median_L3,00010828_039.png,10828,mixed_high_risk,0.5407140851020813,1024,1024,a46f6e71c3e3725bc060cb3c113a419f12ef917ec7b326822e104e84e10fe159,a86f3ddf14371097e2019d1cb18374e1d763d1eff2ecdf9516ded5a6fc9f89a1,e64f9e6b2ddc7c1a112463eca6d08fa93c6631154140a3a1aca342f2876c37b4,0.3093663500001185,0,219,0,False,0.0539947226643562,0.0,0.0
median_L3,00011023_004.png,11023,mixed_low_risk,0.5554294586181641,1024,1024,a46f6e71c3e3725bc060cb3c113a419f12ef917ec7b326822e104e84e10fe159,07013512509e009001678baeeba1f03762191acb2f2f652f4b6f9c83d055e66e,47723a910401621c0ce6bd4618a72f1996814a24d0dbca6850f1e6785603ee86,0.324782088999882,0,658,366,False,0.0804688856005668,0.0970564466898833,0.0006984643352628
median_L3,00011124_000.png,11124,pure,0.5511454343795776,1024,1024,a46f6e71c3e3725bc060cb3c113a419f12ef917ec7b326822e104e84e10fe159,4ba5302d71a4e79bc11c47c421e14b0ed51707db0c01d2499e3e889b067e4e51,4f297632e6ade9366c29ec1348a1545389e0c0a7f1af10c2d81bc539b22b0305,0.3206300910001118,0,365,658,False,0.0135112674906849,0.0149846008054963,0.0042168914349365
median_L3,00011237_094.png,11237,mixed_high_risk,0.6568446755409241,1024,1024,a46f6e71c3e3725bc060cb3c113a419f12ef917ec7b326822e104e84e10fe159,add2857059055786305cff68f8b9390f328a5cc2a1e597d6dcbf0407ae3f399c,40ea31e4f82f46ec61a354418d20d33c7d27430ed8d8f8b017aa6f71f7136763,0.323261494999997,0,511,365,False,0.0842970758676529,0.1105050749419928,0.0361417690035753
median_L3,00011269_018.png,11269,mixed_high_risk,0.580035924911499,1024,1024,a46f6e71c3e3725bc060cb3c113a419f12ef917ec7b326822e104e84e10fe159,c54cf0b7717065d9d18254242c22ac2692c1eaeb02ef9ed6946f3638caedb8a0,05a9843c08950a7929cfc7afb75e224e1ed2677f095a863a5aa32c39f739a9c7,0.3224815510000098,0,365,658,False,0.0351752117276191,0.0,0.0
median_L3,00011366_002.png,11366,mixed_low_risk,0.5172979831695557,1024,1024,a46f6e71c3e3725bc060cb3c113a419f12ef917ec7b326822e104e84e10fe159,773659027369a2d0985d48a50f9359251ba86a8716446ff8abd361df5e7939a9,6afefc2b9593907e4b0af540fe81e95c0c17f267aac3882daf8ec08eded45765,0.3736155070000677,0,512,365,False,0.2935420572757721,0.1067172793625405,0.0418636244809099
median_L3,00011925_072.png,11925,mixed_high_risk,0.5395533442497253,1024,1024,a46f6e71c3e3725bc060cb3c113a419f12ef917ec7b326822e104e84e10fe159,638518caa3ddd7158a6d4ee3d0cbd5c4d281052a75985611186a3e330976e0c0,2938a60a1562095cc09b249c71d341e82df0e6d2c0e7d6cd1deb333fef7eeed3,0.3162418900001285,0,804,512,False,0.0203785467892885,0.0,0.0
median_L3,00012021_054.png,12021,mixed_low_risk,0.6567503809928894,1024,1024,a46f6e71c3e3725bc060cb3c113a419f12ef917ec7b326822e104e84e10fe159,16434911e53c7bcc8eb3c3448ba0757f6896a371a417264af4aa3eece410443e,43caaba5c90ad506e2848c37e10b8e87784965a570050d1543a98e71bdce84e2,0.3836475640000572,1,804,511,False,0.3328942954540252,0.443613216909282,0.4823199973722244
median_L3,00012021_081.png,12021,mixed_low_risk,0.5978939533233643,1024,1024,a46f6e71c3e3725bc060cb3c113a419f12ef917ec7b326822e104e84e10fe159,56b37f8abeb94701e93268c79d78713b5e3bd62d6170c313f779ddd86900ab74,6fe28a61956ee7d2c33a4bc0d21b44d76b6631469cb1025b7a8f044ea0a9d280,0.4863863069999752,0,512,511,False,0.0639538019895553,0.067775019243487,0.0169749266188068
median_L3,00012364_045.png,12364,pure,0.5954174399375916,1024,1024,a46f6e71c3e3725bc060cb3c113a419f12ef917ec7b326822e104e84e10fe159,219e0880ff3781c5b75828a5a27f3279a9be8f02ca7e850188de0117aedc0707,b003e9dbb221245914b4488051b8ccbb7f20fa92b64803d1db313f0f284f45fd,0.6208111089999875,0,219,512,False,0.0936916768550872,0.0824211006737011,0.0
median_L3,00012376_010.png,12376,mixed_high_risk,0.5487380623817444,1024,1024,a46f6e71c3e3725bc060cb3c113a419f12ef917ec7b326822e104e84e10fe159,80403332fd8929624ba8632375a3befb5814dfb601a9c0ddfd53079028658783,017bbda1b4838123ff6d9aaf8e593f722b798393429364ac5ec31b819ac2981d,0.5168643490001159,0,511,512,False,0.1149946525692939,0.1239502498139683,0.0634730639872548
median_L3,00012505_007.png,12505,mixed_high_risk,0.5841873288154602,1024,1024,a46f6e71c3e3725bc060cb3c113a419f12ef917ec7b326822e104e84e10fe159,4bca9b8a3eff3c43391f1c98674c6fd3742220b6f668a6030c5ed59ca7417bc3,0f3114de408ec698650d25e2bd6da088532d9ee6265634d06090b0208b0abb2a,0.4810486350002065,0,0,804,False,0.0407851189374923,0.0,0.0
median_L3,00013106_000.png,13106,mixed_low_risk,0.4827907979488373,1024,1024,a46f6e71c3e3725bc060cb3c113a419f12ef917ec7b326822e104e84e10fe159,e720e8bba0f72090da52be2fa0b2ff24426c959f42d2b4590728cdd5393558df,2cfba1fcea51b0da1e4cd0268cdcec728e51e71554bf3990cc0ff3d907e20a37,0.3944511050001438,0,365,658,False,0.0233306903392076,0.0,0.0
median_L3,00013310_057.png,13310,mixed_low_risk,0.5363637804985046,1024,1024,a46f6e71c3e3725bc060cb3c113a419f12ef917ec7b326822e104e84e10fe159,2ed7ea550aedd2b9d25a7cea806a9b4da810be4bee74efe75015a77b3d0d9b52,9bea7949e5fb380ab5e9a06e674f29ec8dc90486a2790046b25e2cb6b42fc910,0.494153783999991,1,804,658,False,0.6399344205856323,0.1455497784986633,0.0758682101513802
median_L3,00013391_005.png,13391,mixed_low_risk,0.6192788481712341,1024,1024,a46f6e71c3e3725bc060cb3c113a419f12ef917ec7b326822e104e84e10fe159,9f3c06b530706d3a1f542cacd7e924d6625ba11dc564218c90cf792ac4b4d058,6407ba2c60c091c549d82400192e447fa767f70638cac95d3ae668bc1dbcc85d,0.5373321869999472,0,658,365,False,0.1260359734296798,0.0870435554209824,0.0383815041870221
median_L3,00013471_029.png,13471,mixed_high_risk,0.5594668388366699,1024,1024,a46f6e71c3e3725bc060cb3c113a419f12ef917ec7b326822e104e84e10fe159,8d8b804fb152d11b48acf3d2882eb6e201aa2f4736a8ec901865ca86482e5ef5,0406d607eb1eb1554613b013c9573a953037ec8a9242e8ebdcce4f6da6707170,0.5011528180000369,0,219,512,False,0.0511156506836414,0.0,0.0
median_L3,00013670_151.png,13670,mixed_low_risk,0.4897599220275879,1024,1024,a46f6e71c3e3725bc060cb3c113a419f12ef917ec7b326822e104e84e10fe159,f9accc0ebaf90b35bda8c260b2507bdee317ba2c2e2bf52b50b909efbd4ec8b9,f3cf0ca672710a0299a77cdb2ad6c226a25900b8051db12737abeb7ce0926414,0.3381134839999049,0,365,804,False,0.4273475408554077,0.2369371726431565,0.1061446669011035
median_L3,00013922_021.png,13922,pure,0.5553427934646606,1024,1024,a46f6e71c3e3725bc060cb3c113a419f12ef917ec7b326822e104e84e10fe159,33642b82f4b659428fb210bb89b91a02484180f6bb91fa4436fabc6cd9a6b912,8ea54a0c913d958e0e41de7a98fb4226dcbc5f203797607cf58d6c3f03469de7,0.3382212660001187,0,511,512,False,0.057650052011013,0.0,0.0
median_L3,00013922_022.png,13922,pure,0.5896392464637756,1024,1024,a46f6e71c3e3725bc060cb3c113a419f12ef917ec7b326822e104e84e10fe159,a901b0a0d9ad1cd09984454a6bd12619c690359d1e6eceeb8d0dd2799dce08b3,898dec093e833cc992194c9a8d297806182c9c85d7025d0578c0dcff27436fb3,0.3524149869999746,0,366,511,False,0.1197437196969986,0.1421396806195247,0.1934223250597228
median_L3,00013993_083.png,13993,mixed_high_risk,0.5968016982078552,1024,1024,a46f6e71c3e3725bc060cb3c113a419f12ef917ec7b326822e104e84e10fe159,49441c12c6afd5fb697f2144547b58de356f31cc65f64ae1df982b5c56b6eed9,f1804d4cac36be12df0ff91c6400d3ad2f33389c85bace08541f1d818d0a71a7,0.3373428630000035,0,219,219,False,0.1797888129949569,0.2014161710159559,0.3239856735127875
median_L3,00014203_018.png,14203,mixed_high_risk,0.5770519971847534,1024,1024,a46f6e71c3e3725bc060cb3c113a419f12ef917ec7b326822e104e84e10fe159,0d7d5c9ccbb88f042321228e97aeead620e08ac149c7e8523145ccf791687c3d,fae7973f38f7e06cdee6679d69812f3ab341e410d75143e04505f2977fdef387,0.3559647499998846,0,804,365,False,0.1241142302751541,0.2269788010850142,0.2656606381753254
median_L3,00014251_029.png,14251,pure,0.4362314939498901,1024,1024,a46f6e71c3e3725bc060cb3c113a419f12ef917ec7b326822e104e84e10fe159,4daa727beefbd057770860e136fc3d5b46c0de8bed77b0eec2d8733857eb111a,64e875629817b11502ff1b1a568737b3d921cb04a22d2a5e756ca8feea6a7501,0.284512561999918,0,0,658,False,0.6123420596122742,0.1360784251475687,0.011506791063575
median_L3,00014617_003.png,14617,pure,0.5131661891937256,1024,1024,a46f6e71c3e3725bc060cb3c113a419f12ef917ec7b326822e104e84e10fe159,365bd9f4777901eded33ed0ecf208b0bc8f65247355628e475be49ff1697b80f,e129c54f6d8351b2b4671f0bfcf3f622213d65e91724f4f76a943f7f63dbf134,0.4406141440001647,0,512,365,False,0.0335438475012779,0.0069368019709889,0.0
median_L3,00014738_000.png,14738,mixed_high_risk,0.5910930633544922,1024,1024,a46f6e71c3e3725bc060cb3c113a419f12ef917ec7b326822e104e84e10fe159,5fca6f49ea50c74b72e003ccfc8224f354e0a9f0737323cb3930b7039dad2834,ee2c1bb94e5d5a212f5549140632c7ad75003a620820e1825fc99a07c2dd7e70,0.3264783609999995,0,511,511,False,0.3011869192123413,0.4012279732301835,0.283832444505219
median_L3,00015069_001.png,15069,mixed_low_risk,0.4818193614482879,1024,1024,a46f6e71c3e3725bc060cb3c113a419f12ef917ec7b326822e104e84e10fe159,af43e56df55d23c35a40db242994f49ac60264287931f6e715d823bacfcf84ae,c3b93387509ff2ef6dc4b11a45f593739c29ebcf740af5f47151007e29a618cc,0.2949936020002042,0,512,804,False,0.253054678440094,0.0831776596764402,0.0403061820163063
median_L3,00015732_020.png,15732,mixed_low_risk,0.5799141526222229,1024,1024,a46f6e71c3e3725bc060cb3c113a419f12ef917ec7b326822e104e84e10fe159,3c4511f916f46eb3c0e4d9ef364f63b19c91d19cc29fa89e108122bc8e717d0f,4e60a47de43a284429c28b2a0171d075773755e9fc31c46210e330667b5467ff,0.3526452940000126,0,804,366,False,0.0915201902389526,0.1132121489037213,0.1785716590828412
median_L3,00015831_011.png,15831,mixed_high_risk,0.4124220311641693,1024,1024,a46f6e71c3e3725bc060cb3c113a419f12ef917ec7b326822e104e84e10fe159,f837504a591548a07f52e23df46cc28d3314c197ab5768fcd52f0fea3b55de34,7f5cbdd020c7b973116720e6fb479311a9ab22a350a0388fe2cf2bc0cbaa7f2e,0.3143290369998794,1,804,658,False,0.3204929530620575,0.496995628046548,0.5993511361262335
median_L3,00016094_007.png,16094,mixed_low_risk,0.4408971667289734,1024,1024,a46f6e71c3e3725bc060cb3c113a419f12ef917ec7b326822e104e84e10fe159,05ed9f75ad1410e215ab0fc013da1193b0372e546bdfd1212603d692f048736d,92ae0aa4eb1fff9efc997fafef3ade1e5223403a40f85de3dab63917c4bb6a30,0.3073497709999628,0,0,951,False,0.0095091247931122,0.0013666587820967,0.0
median_L3,00016191_004.png,16191,mixed_high_risk,0.4543756544589996,1024,1024,a46f6e71c3e3725bc060cb3c113a419f12ef917ec7b326822e104e84e10fe159,9b46592d798666548de49268ba1a633aea4f072764c39439beda3f566c7cc48b,503952604f27a0d9a9ef561a462231c7258bc3a93872ccb189def96d5271e2a5,0.2928254319999723,0,365,219,False,0.1768933832645416,0.2623552500785876,0.3177471924865224
median_L3,00016417_008.png,16417,mixed_high_risk,0.4563757479190826,1024,1024,a46f6e71c3e3725bc060cb3c113a419f12ef917ec7b326822e104e84e10fe159,9e595329bce0974897ad529d2a27ef16d6b6d381c8462ad880c8851272bc238d,494202bd5ad99be8d5f17eb71b2c74adca181640841eb35a7443d70cd7bc8847,0.3110758230000101,0,219,951,False,0.0825839415192604,0.0886833564710533,0.0441772242502326
median_L3,00016705_006.png,16705,mixed_low_risk,0.6746292114257812,1024,1024,a46f6e71c3e3725bc060cb3c113a419f12ef917ec7b326822e104e84e10fe159,3e109f14f87a403ca855fede5a74658e99de6a80a7c6083feb56fcb692051c5e,c2518876c490f85d537f8af480c9b12b96dfe32c9eefba1b201ace074a2efa56,0.3401980270000422,0,658,512,False,0.0613670721650123,0.0666647371518431,0.0928522636712079
median_L3,00016732_040.png,16732,mixed_high_risk,0.6065146923065186,1024,1024,a46f6e71c3e3725bc060cb3c113a419f12ef917ec7b326822e104e84e10fe159,8453c60468700e8b3c183f7f2de6a78313846977defb660cfb9715d1c7dd4669,35cddccbfa7e22dd01f6ff30fe97337d3fde2c4d65601f81c11251a6dd5e0e08,0.3452179409998734,0,511,658,False,0.0529295839369297,0.0666887246792397,0.0369314768585884
median_L3,00016786_001.png,16786,mixed_low_risk,0.4987193942070007,1024,1024,a46f6e71c3e3725bc060cb3c113a419f12ef917ec7b326822e104e84e10fe159,44ef58f9c19baaad8fa27905b8f746b8462012a84626fd85614e4e661ab90a10,60a353ad2aae9715ef0c7de06d52d7ed897f46470bd7d04d450cc51d139b9419,0.3651975340001172,1,658,658,False,0.192404955625534,0.1603418510621994,0.1375426356041721
median_L3,00016786_009.png,16786,mixed_low_risk,0.5353459715843201,1024,1024,a46f6e71c3e3725bc060cb3c113a419f12ef917ec7b326822e104e84e10fe159,4cc984a33295c4ac9078ab35f180a526d46d8f74e6252410d8968ead3f5dbd4a,d0f9bc4c3980162be2e5cb8de13cf4b5ada2c47a2c0e9d12aa64ee1e42e1aa67,0.3418032859999584,1,658,512,False,0.2045716643333435,0.2322130243409066,0.3211665590669235
median_L3,00017083_002.png,17083,mixed_high_risk,0.4854897260665893,1024,1024,a46f6e71c3e3725bc060cb3c113a419f12ef917ec7b326822e104e84e10fe159,ed1c4a77e2025782e410ce585f9cd2f57ed691df35c2af354e3bf07ff72715c1,e17b7d21477796fb084856c59407001a33d42958dcb92dd7983f664f038c13c9,0.3152909949999412,0,365,365,False,0.1530278027057647,0.2071795184673932,0.2057281161758773
median_L3,00017138_037.png,17138,mixed_high_risk,0.5514172315597534,1024,1024,a46f6e71c3e3725bc060cb3c113a419f12ef917ec7b326822e104e84e10fe159,a87d137c7e53ec523418bddc8d169a6935d474e7525e71587f1a9203a9150f00,1bb3787eb61396ceca8f4f6756e14e668e7dcfd8114b102536d84a70646752b0,0.3498658949999935,0,804,658,False,0.0809244289994239,0.0504946109552635,0.0251929960158629
median_L3,00017544_003.png,17544,mixed_low_risk,0.4927325546741485,1024,1024,a46f6e71c3e3725bc060cb3c113a419f12ef917ec7b326822e104e84e10fe159,979370cb0acf0bac814555335cbebee8b76ecfc37f4d70dc2813d70ebe706660,e18c0b54cea089aee286e404a068b9f02155e849c74ef3d5e241ac259fbcb417,0.3225730930000736,1,804,365,False,0.2132318168878555,0.1733579227690009,0.1331242006354604
median_L3,00017714_009.png,17714,pure,0.4451566338539123,1024,1024,a46f6e71c3e3725bc060cb3c113a419f12ef917ec7b326822e104e84e10fe159,2652453eafa3d547ae75d248cfff7d669b88a7e8ae3fb1799e61bdfb049cd776,9a0c2d9b25838621bdf811f8abd82eadf90c4c5e8e342300c0dd085ee1f56ee4,0.4697069140001986,0,219,951,False,0.0437278747558593,0.0,0.0
median_L3,00017972_032.png,17972,mixed_low_risk,0.5673162341117859,1024,1024,a46f6e71c3e3725bc060cb3c113a419f12ef917ec7b326822e104e84e10fe159,eeac53c3753ae4dced2c22266e6f6cbd217354c2a304e4f2e1b488cb0fec726f,d18538e94a64bbac1b48a60867ce6356e91950f5f217e8398e7689bd7d54c1aa,0.3382590759999857,0,511,512,False,0.1802413314580917,0.1176972491365094,0.0581419585821307
median_L3,00017981_014.png,17981,pure,0.5371416211128235,1024,1024,a46f6e71c3e3725bc060cb3c113a419f12ef917ec7b326822e104e84e10fe159,a98e8c003eea051ec210ab8f566c056c0312b86694bf86f101059ad7da583ef6,0fee535be596e001035443b447894cb77f66a4ca033737a371df948927b58590,0.3067726900001162,1,365,365,False,0.0853113830089569,0.0873838040615635,0.1463075894311498
median_L3,00018253_054.png,18253,mixed_high_risk,0.560143232345581,1024,1024,a46f6e71c3e3725bc060cb3c113a419f12ef917ec7b326822e104e84e10fe159,aec069cac89c4dd17b76aecadf0c95343009f96864902af089d3e90eef9fe8d2,769b1218e245708504d09eab5664f9fcb441dc6afaaf4e1c05981350df93b78c,0.3235787720000189,0,511,658,False,0.1515649855136871,0.2775339673340802,0.2217745883866996
median_L3,00018253_059.png,18253,mixed_high_risk,0.6226406097412109,1024,1024,a46f6e71c3e3725bc060cb3c113a419f12ef917ec7b326822e104e84e10fe159,f0656c9c712465b5f0e985d8ec2ad5e60fdc861b5b09b8dff68c984a3b94544b,87d2e8aa41741be09645f744c500e1e825b760f30cbbf653f7ec8554f765e780,0.337697075000051,0,511,512,False,0.142857551574707,0.1738600035303116,0.1726953965941758
median_L3,00018393_000.png,18393,mixed_low_risk,0.3126759529113769,1024,1024,a46f6e71c3e3725bc060cb3c113a419f12ef917ec7b326822e104e84e10fe159,61786457dd90b350441ea47606d79d670440927e05e124d9e0a42e505ee55ae0,eed5f0f5580115bbb35d4242045125a17aa6bdd111130d434773e7109419fd14,0.2366068730000279,0,0,951,False,0.0,0.0,0.0
median_L3,00018721_010.png,18721,pure,0.4390213787555694,1024,1024,a46f6e71c3e3725bc060cb3c113a419f12ef917ec7b326822e104e84e10fe159,0176a581acc08811a55516be253eee0dd6c773641ad45ff06e9d8cbc1413ab1b,56612095ba381cf6b0a5fd2663d397706df07aa7a0f705764b7553f83019f25a,0.3367636890000085,0,658,512,False,0.0019047611858695,0.0,0.0
median_L3,00018921_038.png,18921,mixed_low_risk,0.5625289678573608,1024,1024,a46f6e71c3e3725bc060cb3c113a419f12ef917ec7b326822e104e84e10fe159,0f54364fc5caa266de2f57aedd1b99c1a168b42fe178ff9f0a20b7e552da39b0,c7c0e31ea5c227e4cbba98b77e11184301e402fd211a5d08e012c7bab1faf7e4,0.428700956999819,0,219,658,False,0.1281183511018753,0.1021389568485622,0.0480713994322013
median_L3,00019018_007.png,19018,mixed_high_risk,0.4650220870971679,1024,1024,a46f6e71c3e3725bc060cb3c113a419f12ef917ec7b326822e104e84e10fe159,fbebeae3bbc6a10b2cfb55e3aa64e11eea02b0fc21f9a96c2a39dbfd3440ee75,238c61ec019e625eea84dd8142d4673c2b549a35653ef93437d81d68110859c6,0.4620526730000165,0,951,365,False,0.1829355359077453,0.0224576021481407,0.000213364124705
median_L3,00019150_002.png,19150,mixed_low_risk,0.474304586648941,1024,1024,a46f6e71c3e3725bc060cb3c113a419f12ef917ec7b326822e104e84e10fe159,737e775132388bbf6b46874a210b0ea97912a3d2674aeafea0909a702739b04b,1c2243ec0eed55d83eaf0199aa80a33a392c07a5c7cb9221adf0e77c4b3dafdf,0.551926758000036,0,219,365,False,0.0335615463554859,0.0001093006072741,0.0
median_L3,00019363_043.png,19363,pure,0.494100958108902,1024,1024,a46f6e71c3e3725bc060cb3c113a419f12ef917ec7b326822e104e84e10fe159,c5611ed1e4d68fe1c95da5c184cb12aba7551da154c46322d7b00db8ceb2e3d5,35d43f051f9a5a8bb28910de7db5091272838c0ccdb52adc2844290004ca8104,0.4763631949999762,0,951,804,False,0.0606591515243053,0.056706612268767,0.0007305613986472
median_L3,00019625_002.png,19625,mixed_high_risk,0.5347769260406494,1024,1024,a46f6e71c3e3725bc060cb3c113a419f12ef917ec7b326822e104e84e10fe159,acb5bced64e9dbd2c4b835b24f51b7faab83c6467d4cce890238845ba78e2d3b,fc7491ba7933f0602aa3416f332d90a1af09be837bbed71a23e10914a38d888b,0.4385303159999694,1,804,512,False,0.5295210480690002,0.5003773389177765,0.2710599327260674
median_L3,00019634_004.png,19634,mixed_low_risk,0.5106925368309021,1024,1024,a46f6e71c3e3725bc060cb3c113a419f12ef917ec7b326822e104e84e10fe159,5d98359eb8d4dc8721b5ae61869631bfffece5a49203648ea33be85c6ac1cf57,890273784b0d7ebc9e84d01591710bab52d2fb720e5fe6d42830db6a26bbdd70,0.6614106269998956,0,219,804,False,0.0485961288213729,0.0421998449759984,0.0013896150353595
median_L3,00019646_006.png,19646,mixed_high_risk,0.4889828264713287,1024,1024,a46f6e71c3e3725bc060cb3c113a419f12ef917ec7b326822e104e84e10fe159,702f55eeabf84c2c8b3c43b5dc619a229b431a4f6d07d10efe8a29b6db8d8964,111627b5166002b029d239f763ec931f8d5ac6e7e39e936b08f0043fa246ec6c,0.4368063749998327,1,804,657,False,0.2024970203638076,0.2269474139640533,0.2334375128510918
median_L3,00019706_012.png,19706,mixed_high_risk,0.583602249622345,1024,1024,a46f6e71c3e3725bc060cb3c113a419f12ef917ec7b326822e104e84e10fe159,438250e8c8090c17ca17d5bb1aa61548cdc2e4c9a605d993d51ca9223859b7c0,9da5f45d314d5f94e77a752a14514573511bc6bbca7ca11f45d581d24e26a263,0.4624033269999472,0,511,511,False,0.0851559489965438,0.1188909233586188,0.1396689538091532
median_L3,00019750_012.png,19750,mixed_high_risk,0.5215650200843811,1024,1024,a46f6e71c3e3725bc060cb3c113a419f12ef917ec7b326822e104e84e10fe159,e38ae5b68e3fdf36e15648b509e7440a40241d5ff1342347335d696c57cb90a1,b0d7e76d0b0f64a42ecb765a7692cdb8da76f88b01ab8f73742bc54a5d404865,0.5270592039998974,1,365,365,False,0.6479044556617737,0.5337384400183487,0.3221641059169663
median_L3,00019750_029.png,19750,mixed_high_risk,0.6420097351074219,1024,1024,a46f6e71c3e3725bc060cb3c113a419f12ef917ec7b326822e104e84e10fe159,fc242d891586b07d57b50af59a86e3add2db97c9efaa8991f76fb49ac478b909,430e2156697559fea0e4d915f04480a8a14a8f9fed1070a681d912df7e95e8b7,0.3353246910000962,0,658,511,False,0.1483727842569351,0.1629512731275844,0.2840227787006843
median_L3,00019769_014.png,19769,mixed_low_risk,0.5002244710922241,1024,1024,a46f6e71c3e3725bc060cb3c113a419f12ef917ec7b326822e104e84e10fe159,92ec4dce82f5ee585cb8f61f62d65021bfbc78ff0e95d53e468614344bbb3ea8,35f7d7855d23a198fae784c6f7e6ad534b4d93e80fb2569b2e214a9437c5f796,0.3273447240001133,0,951,219,False,0.0195797216147184,0.0160336101420077,0.0006717803400429
median_L3,00020113_030.png,20113,mixed_high_risk,0.4478689134120941,1024,1024,a46f6e71c3e3725bc060cb3c113a419f12ef917ec7b326822e104e84e10fe159,985ae63d603cf07ae85fa39383da775fce302e7544e174d1ebb08821ef01b51e,4526a07f550d7aec12aab581a02c2051b282681acf3b2dcf89ce9eecbb8e4acd,0.3197658479998608,0,512,658,False,0.0010265536839142,0.0,0.0
median_L3,00020184_013.png,20184,mixed_high_risk,0.6640325784683228,1024,1024,a46f6e71c3e3725bc060cb3c113a419f12ef917ec7b326822e104e84e10fe159,df527090cf93f069067d8903cfcbc509384ae79b578ba0e66fe16daa6bf22993,fb30024fa1cc7e1382ab9ef48553a2946b8a551dd932736952120dc18f4fa5b1,0.3236083000001599,0,511,657,False,0.0844338238239288,0.0891222184045111,0.036556276696067
median_L3,00020259_002.png,20259,mixed_low_risk,0.5502582788467407,1024,1024,a46f6e71c3e3725bc060cb3c113a419f12ef917ec7b326822e104e84e10fe159,13f3dbb14474377b7de87539bfe6748c386eedf2992190e771da2d029142b49f,35a3434186c9836b4045b6c240f1153f578361804a06228ee0d340086d6372b6,0.3605226719998882,0,804,512,False,0.1177994981408119,0.1609315313478025,0.1595620763952176
median_L3,00020405_041.png,20405,mixed_high_risk,0.5475516319274902,1024,1024,a46f6e71c3e3725bc060cb3c113a419f12ef917ec7b326822e104e84e10fe159,233e1176250e1de739910d9028ca0fd28f5b282067f4860b691d73e9af41ee8f,367a27c96de36919e15d6612f9456e62ca61d58a1d7af8fb2562fb1ec2b8a451,0.340393825999854,0,512,365,False,0.1756520420312881,0.1704287426282758,0.0788241282769152
median_L3,00020482_011.png,20482,mixed_low_risk,0.3649227619171142,1024,1024,a46f6e71c3e3725bc060cb3c113a419f12ef917ec7b326822e104e84e10fe159,93af485836bfc52f48ff3cd77b6bdcd8000fafaee3b22b05f83daf6bc80d5aef,7b775169238b0be06c61b87d14705c941ffa6d077729b54cb0bbc7bcc1e808be,0.2548379199999999,0,804,365,False,0.0008126060129143,0.0,0.0
median_L3,00020482_032.png,20482,mixed_high_risk,0.5663663744926453,1024,1024,a46f6e71c3e3725bc060cb3c113a419f12ef917ec7b326822e104e84e10fe159,e5c9f3261f499ed75190087a2bfaadacfdad4f7f09588a07a0e3805a7255df4d,2a291003ee83a25df09e1b919bc07047a28fc0dd3381aaa8c1ac647fe2863e18,0.3792330339999807,0,512,365,False,0.1834207773208618,0.2255617963172124,0.2753703880919032
median_L3,00021009_001.png,21009,mixed_high_risk,0.5477031469345093,1024,1024,a46f6e71c3e3725bc060cb3c113a419f12ef917ec7b326822e104e84e10fe159,6332a505aa4ccadb28a0c5c034a4777c941a8f6386f4930abbf06abe0f658089,49bb3861e09873349878f0daa9780dc09cf4321876313f5f50aed491e017d055,0.348940187999915,1,365,366,False,0.5918165445327759,0.2972617087380596,0.1407804580767263
median_L3,00021201_010.png,21201,mixed_high_risk,0.5514332056045532,1024,1024,a46f6e71c3e3725bc060cb3c113a419f12ef917ec7b326822e104e84e10fe159,543798563bdc8b5fefe12b1738c4325c06317768c7a71faae7e11d19566a27b2,12ae5648b28441c5557f014d7cc2effa1df0e1b65e26886403923beb7f11fca0,0.4967157490000318,0,512,365,False,0.0744656026363372,0.0212986953255553,0.0
median_L3,00021703_001.png,21703,mixed_high_risk,0.501862645149231,1024,1024,a46f6e71c3e3725bc060cb3c113a419f12ef917ec7b326822e104e84e10fe159,bdad343e52cbbe82eabedd75e44ceeb574129e47bcb8d82462fd11349042afe7,04656763e6e4184c40ed213f4210a4af25988e94cbe7076f783921419bf2b3f9,0.3381147439999949,0,658,512,False,0.0016991135198622,0.0,0.0
median_L3,00021710_003.png,21710,pure,0.5253066420555115,1024,1024,a46f6e71c3e3725bc060cb3c113a419f12ef917ec7b326822e104e84e10fe159,5510ab29f51eaf184d8d6513a17cace98f7013ff437c8a2e739efdef6e53c466,226770688f5a0bcdd96fca9e56916053d77360c4b5de096c08578f7393c0f093,0.3200877039998886,0,365,658,False,0.0101257609203457,0.0,0.0
median_L3,00021840_016.png,21840,mixed_high_risk,0.5519235134124756,1024,1024,a46f6e71c3e3725bc060cb3c113a419f12ef917ec7b326822e104e84e10fe159,5db010c4d2ec8a15becb155fe61316f5b1a9e55797d03b252627c47ca2ba11f5,6ab3228ed7c7484ac425e352a01d7a6de7dbd965799de9078725b3eea51727e9,0.3132878530000198,1,365,512,False,0.3308778405189514,0.3432881366276408,0.3918290363313779
median_L3,00021926_007.png,21926,pure,0.4943074584007263,1024,1024,a46f6e71c3e3725bc060cb3c113a419f12ef917ec7b326822e104e84e10fe159,f54d9a9c1cb794f422d6a3817efcd2db44dfc4580bd1625875e7baf6fff9831c,72f86b9cc21108af8f51e0defd2f4996b3c60ffe94addd4e763e4a500fd12812,0.3015759480001634,0,658,804,False,0.0021694051101803,0.0,0.0
median_L3,00022369_013.png,22369,mixed_high_risk,0.5989802479743958,1024,1024,a46f6e71c3e3725bc060cb3c113a419f12ef917ec7b326822e104e84e10fe159,da46b1ae3071c833355e25666d9706cd4e9ab894171050475109c5facdd3f240,64f7f9322ac29fa9f9d557fdd4f375fb32c2f9de160d3e7cc92a149a350e9851,0.3290128190001269,0,512,365,False,0.19205904006958,0.2382181496896515,0.1338661058534875
median_L3,00022416_048.png,22416,mixed_high_risk,0.5249947309494019,1024,1024,a46f6e71c3e3725bc060cb3c113a419f12ef917ec7b326822e104e84e10fe159,5d1a3270836c8d19d00f2fd95b09b8529e29f0d711fcd3c3a5545e27c0a19a64,9ac1eec372320e24ef948b13ea4a5ec3be64ed39c93b0cbf13f248582e960b0c,0.3347084460001497,1,658,365,False,0.4523059725761413,0.2632926947579471,0.1112140535767279
median_L3,00022470_006.png,22470,mixed_low_risk,0.4150661528110504,1024,1024,a46f6e71c3e3725bc060cb3c113a419f12ef917ec7b326822e104e84e10fe159,ff96edefe9ece95da59e3c84fe4daa813c003908ed9640d0d250c62f64f1f376,d1e95444d5a84a6a3d4e417f6e42c5528f42d848ee8e25bdb78b0f144b41933d,0.2828676060000816,1,219,658,False,0.5850886106491089,0.1409913007324015,0.0624721097166559
median_L3,00022727_000.png,22727,mixed_low_risk,0.589333713054657,1024,1024,a46f6e71c3e3725bc060cb3c113a419f12ef917ec7b326822e104e84e10fe159,337f7eb3bf7ce7d6b2aedda6f7a12e863261c1ca617303e69c0459fbd54d61be,07e71176504d3f0cfbf8875e0244aba3969f34f1c44fa141a038c2dfa4359554,0.3283387110000149,0,365,658,False,0.448778748512268,0.2921582106125902,0.1904430843337596
median_L3,00022899_014.png,22899,mixed_high_risk,0.5886568427085876,1024,1024,a46f6e71c3e3725bc060cb3c113a419f12ef917ec7b326822e104e84e10fe159,7178a8191ec5973bc581f464739a2f3666f43666b0355f6cb929016e5ed072e1,a354dec911e698f008d31ab120a679cc743f848aedaefa633ae84e1a066a5413,0.3390272229999027,0,512,511,False,0.0539915077388286,0.0,0.0
median_L3,00023026_008.png,23026,mixed_low_risk,0.4386641681194305,1024,1024,a46f6e71c3e3725bc060cb3c113a419f12ef917ec7b326822e104e84e10fe159,ed5defd254ba88422521545afc575a000ed7579d0afe10a5bf0b35681c0c74e8,c0628a013adacb6bdc437a14d5756d44343422d4d40e3a59d90231e3a8c8642d,0.3703705370000989,0,0,951,False,0.0465432852506637,0.002061011589661,0.0
median_L3,00025521_003.png,25521,mixed_high_risk,0.6830299496650696,1024,1024,a46f6e71c3e3725bc060cb3c113a419f12ef917ec7b326822e104e84e10fe159,9a42e844b3ae1c53aedb86fcd47b091da8f1622e1ca697a66d86452041ba4128,63e7ef6143922611b69a054d09924183f99b129c856def05dbc5f2f515a70b94,0.3531146980001267,0,511,512,False,0.0662257745862007,0.0809132823552081,0.034682498875249
median_L3,00025787_027.png,25787,mixed_high_risk,0.5341715216636658,1024,1024,a46f6e71c3e3725bc060cb3c113a419f12ef917ec7b326822e104e84e10fe159,76ef97e97fe7010579c1ba1abef3f057b437f3c8fafd1cfc77d015e9a092a46b,5dbb6364a44e8803564ca3f6f68bd3087a895294c9e7e28d9f8266b580f81df3,0.3543730649998906,0,951,0,False,0.0296890661120414,0.0,0.0
median_L3,00026098_003.png,26098,mixed_high_risk,0.5402618646621704,1024,1024,a46f6e71c3e3725bc060cb3c113a419f12ef917ec7b326822e104e84e10fe159,0a543413df192bf6f5cd05c8135be0ef7b694dddf3cd80f681746ea748f418c2,46844d789d5f9da974eefe5a38667088453fb292b3f95ef527987176000def35,0.3413018850001208,0,511,658,False,0.1097528785467147,0.1064251960555453,0.1249669076997347
median_L3,00026194_010.png,26194,mixed_high_risk,0.6015224456787109,1024,1024,a46f6e71c3e3725bc060cb3c113a419f12ef917ec7b326822e104e84e10fe159,e281cfda50375d1719d85b8b8611029346e0c8022cc1c55bdb9ad0fde4ce9187,7da42d78debd7d173f25599d004d5af26c8644d942945de7cd31a02e6214718c,0.3362124569998741,0,512,511,False,0.014467149041593,0.0,0.0
median_L3,00026538_012.png,26538,pure,0.5163164734840393,1024,1024,a46f6e71c3e3725bc060cb3c113a419f12ef917ec7b326822e104e84e10fe159,d853a5aa4c1a2f12d46434d3c13f5fe63cfff3f07808371dd3286d089059c77b,a416e4d8e8133e2eebefef712f81fced3fdfa8821f862ff0bc19b8627db7a560,0.322749579999936,0,951,658,False,0.1235979571938514,0.1580824053252582,0.2572028293748922
median_L3,00026538_034.png,26538,mixed_high_risk,0.5393145084381104,1024,1024,a46f6e71c3e3725bc060cb3c113a419f12ef917ec7b326822e104e84e10fe159,8f1a5e754f7f6f2dedda11b6ed5932a3d997631b77cbeb4a1667f41808b608c5,7dad6104779f96ec4200ed3220b80025fac7d2b0577b37934043ff78b98f67ee,0.3507245490000059,0,804,365,False,0.0605540499091148,0.0623479688640233,0.0713961877353097
median_L3,00026865_003.png,26865,pure,0.4961097240447998,1024,1024,a46f6e71c3e3725bc060cb3c113a419f12ef917ec7b326822e104e84e10fe159,c613257806ca71015bfe9d9dae5094df1295a6b8d405d0fbdaae819ccf8f6cb2,b5dd8b6c0466ef274745e6831f6dc4a082ba7539830caa503c148e2a783c311c,0.3133618879999176,0,804,0,False,0.0086014633998274,0.0,0.0
median_L3,00026911_000.png,26911,mixed_high_risk,0.5136697888374329,1024,1024,a46f6e71c3e3725bc060cb3c113a419f12ef917ec7b326822e104e84e10fe159,f75d1b165414135c2369d00be6bc3cfef1691ba15f69e96e30ca791d1e3a6862,0653bc1eb8de6e65d0282db8be9d7c1a1b52040c4ff8e2ad67590ddb0639b78d,0.3297674339999048,0,511,658,False,0.0241776276379823,6.41445047402789e-06,0.0
median_L3,00027113_002.png,27113,mixed_low_risk,0.5868728756904602,1024,1024,a46f6e71c3e3725bc060cb3c113a419f12ef917ec7b326822e104e84e10fe159,5bfc89f82a020dbcd7bb91ebb6c3e656c9b27a134e3053a4ffa95e6ecf9c1de5,009d1f3de956d5be75c66dad631d4b2441e4d07110fbc64ad604b81ff11b4596,0.4332607449998704,0,365,658,False,0.0777690634131431,0.0011445321401197,0.0
median_L3,00027357_014.png,27357,mixed_high_risk,0.5189545154571533,1024,1024,a46f6e71c3e3725bc060cb3c113a419f12ef917ec7b326822e104e84e10fe159,5db778fcf53bf8bf027a8be87ff783026a444a5d9456a89f067d71a4a6e7051c,b5f16056ffdcbb5b2826cd2cc89c6cb1ad97aceb767594a0aea144fc3acadf05,0.4640505259999372,0,512,658,False,0.0865927189588546,0.1318865508849774,0.0981286328623411
median_L3,00027441_002.png,27441,mixed_high_risk,0.4910836219787597,1024,1024,a46f6e71c3e3725bc060cb3c113a419f12ef917ec7b326822e104e84e10fe159,e7ab67bebddcc0472c19239fe7b7d3d13d064dfd7986735b4154c40fc3e14fb0,aac2bd5196fd7c48ac525ab532181dec92800f8a79f53bbfee2f56718c207e1d,0.4609950210001443,0,511,219,False,0.169624924659729,0.2678509894202782,0.2406521856594801
median_L3,00027479_013.png,27479,mixed_high_risk,0.5356525182723999,1024,1024,a46f6e71c3e3725bc060cb3c113a419f12ef917ec7b326822e104e84e10fe159,03e4ae13dd35e97c0ec1bc14d02c23c738d028c98fc5d0924df0a38c8db1907e,d99ff15e30f751e6dee95baf2f8b7e713330a83e78d3c574c7243d792c677049,0.4539073409998764,0,219,219,False,0.4117714166641235,0.1479285787916472,0.0470816016833152
median_L3,00027927_008.png,27927,mixed_low_risk,0.572672426700592,1024,1024,a46f6e71c3e3725bc060cb3c113a419f12ef917ec7b326822e104e84e10fe159,8b7a077909db1ba8c8755d470057da26271a706eba433d9c8cf1ccd38090fd80,85fe09d04c69a5d2ee8e96b23e908c9382015e8fef990ca56654de8b86534bfd,0.564608317999955,0,365,512,False,0.0078148348256945,0.0,0.0
median_L3,00028208_005.png,28208,mixed_low_risk,0.574402391910553,1024,1024,a46f6e71c3e3725bc060cb3c113a419f12ef917ec7b326822e104e84e10fe159,ffb4135f074889ae626015625fbcea6bb9e48b2b3a47abf57fea03620ad54658,d2f71ffe6d56e6f341f28a88507ef6a89e05a5aee8440304373629a58ce10b7c,0.5123848230000476,1,365,658,False,0.4194901585578918,0.2228116786734656,0.0789620392569968
median_L3,00028285_014.png,28285,mixed_high_risk,0.4477103948593139,1024,1024,a46f6e71c3e3725bc060cb3c113a419f12ef917ec7b326822e104e84e10fe159,69aa42339d627955749da0ef0bbdfcfd28efef5fea991e2d0185d4da22b6b0a8,4ad4a2d0b1cf9720f19e336c2c4aa8c22c335f43673e8bfc2abfdd61fb631f24,0.4267564479998782,0,365,365,False,0.0336775779724121,0.0193896042315284,0.0036852183193646
median_L3,00028383_002.png,28383,mixed_high_risk,0.5422854423522949,1024,1024,a46f6e71c3e3725bc060cb3c113a419f12ef917ec7b326822e104e84e10fe159,7703b52ba23e3af2f93f9412804a061bf163a4d87e3e7626726174d564d396ae,c954683ed137d3db4d92dac57bc47eb29009607022bd9a2595a86d6291eeb206,0.4843166239998027,0,512,804,False,0.0768532529473304,0.0218161860550206,0.0
median_L3,00028518_012.png,28518,mixed_high_risk,0.5873650312423706,1024,1024,a46f6e71c3e3725bc060cb3c113a419f12ef917ec7b326822e104e84e10fe159,7fc7cb8d1526f79c12681f1775bde285c4e4e9925a2d591d1aa53509f3a42236,4577fd320db0f942ec220ceea3a9d2688e67946df7a48096ad1037b4fcd8a0f6,0.474611854999921,1,658,512,False,0.4805530607700348,0.4378259443402241,0.3857772783116351
median_L3,00028640_003.png,28640,mixed_high_risk,0.5559704899787903,1024,1024,a46f6e71c3e3725bc060cb3c113a419f12ef917ec7b326822e104e84e10fe159,e465b80303602c5f971fa3e214d72f22cf300d098e5f089503c842788760b5d6,937633951150648d93e41875a1ebf2159f5c7d3fd8b96b58fb1e8475443877d6,0.3333011610000085,0,512,219,False,0.0502240397036075,0.0648553374659776,0.0071473033657907
median_L3,00028640_008.png,28640,mixed_high_risk,0.5786922574043274,1024,1024,a46f6e71c3e3725bc060cb3c113a419f12ef917ec7b326822e104e84e10fe159,0ad680e293583bcbc727401e18d660df8be51d137ed336e79cbe0a0547344138,0d389ef7c2a4cb0067708835113f3d7ef067e97d107fd9c22e2db85e63198b73,0.3243644499998481,0,658,657,False,0.082094594836235,0.0947505511872475,0.009506270790418
median_L3,00029039_020.png,29039,mixed_low_risk,0.5360845327377319,1024,1024,a46f6e71c3e3725bc060cb3c113a419f12ef917ec7b326822e104e84e10fe159,1353de69af74fa00e4099adba1ccc19a189f7afbfbee3afec3ec75c50a5c49b9,e9a5d080674077dd0d92455be10c68b46d3e925a6a712e967ad0c36ec4ff61df,0.3461615810001603,1,512,512,False,0.4993828535079956,0.1872505201602404,0.1123817297663537
median_L3,00029404_004.png,29404,mixed_high_risk,0.588164746761322,1024,1024,a46f6e71c3e3725bc060cb3c113a419f12ef917ec7b326822e104e84e10fe159,146873d64b7fa00483c2fa30ac165e7e3e96cb2c3fcd8cc8f4af31f5a0c6021e,632a0b252cf572ec3d732eaa6923172049d732700d2119a0563ab1f7794a1e54,0.3660884360001546,0,365,365,False,0.0532331690192222,0.0135246542053053,0.0
median_L3,00029431_000.png,29431,mixed_low_risk,0.4573152065277099,1024,1024,a46f6e71c3e3725bc060cb3c113a419f12ef917ec7b326822e104e84e10fe159,3b0c77e03228d7fbfd0540441a7cf0bc685a262143066e68aa79237f5ae489b0,b3c8ed8459e4e0748e3fc6637f76ad7ee2b4039b12903a0ef32a3fe509dac823,0.3059946549999495,0,511,658,False,0.2265345156192779,0.2236013999004317,0.1989369819485528
median_L3,00029532_014.png,29532,mixed_low_risk,0.4949865341186523,1024,1024,a46f6e71c3e3725bc060cb3c113a419f12ef917ec7b326822e104e84e10fe159,a9ceb840fdc016af7f61fc7a329be1c9feb1307189947df9c1d5343c25ce4b5f,2d066fde45e8014c2614eefca3afd7e02d45bcd798216577228454c8888e8077,0.3390786069999194,0,365,512,False,0.0715065822005271,0.0479226030251495,0.0
median_L3,00029617_006.png,29617,mixed_high_risk,0.4079941511154175,1024,1024,a46f6e71c3e3725bc060cb3c113a419f12ef917ec7b326822e104e84e10fe159,3b665682282e53480271a936d2bddd1dfd8fe272917cc7d4a25fe9016e7152d0,d3fed484d1cfb7a4d6ad134da5af44bd20e7300abbf6e8fdd55d11c603e6b1d2,0.3010006500001054,0,511,951,False,0.0670352578163147,0.0827473749227918,0.0469109401955146
median_L3,00029861_013.png,29861,mixed_low_risk,0.5508298873901367,1024,1024,a46f6e71c3e3725bc060cb3c113a419f12ef917ec7b326822e104e84e10fe159,9e8c7a4f434c1f5040a01c95f497e991362d3ca0c731e6ae1c71e5cbe206b2b7,2bfdcd3370779346e4978669f9e65fe00e3664e163f34a1c73deb59d9ec059dd,0.3807365399998161,0,511,804,False,0.4011715352535248,0.1922342585980745,0.0796154360051987
median_L3,00030323_028.png,30323,pure,0.5310198068618774,1024,1024,a46f6e71c3e3725bc060cb3c113a419f12ef917ec7b326822e104e84e10fe159,e0a9f1edb6d7e5cc4a748ab6d7086e0743f320c74eb50bb4f6232bf6a199280e,538b99b519eb48a9b60b1497461bba8521ecf61bee77fc76fb5da53311833fb0,0.3247257250000075,0,219,219,False,0.0850750431418418,0.0,0.0
median_L3,00030408_013.png,30408,mixed_high_risk,0.5456410646438599,1024,1024,a46f6e71c3e3725bc060cb3c113a419f12ef917ec7b326822e104e84e10fe159,71f4059d6b83bc1a6735c63994afc99e2f91fe1eae62a07820d3af863bdc2825,30a35a1cd09876d258636e07f5cbfaa3d5a6290730790b5ac824d2662282ae8c,0.3438864869999634,0,658,365,False,0.0052243475802242,0.0,0.0
median_L3,00030573_002.png,30573,mixed_low_risk,0.4019512236118316,1024,1024,a46f6e71c3e3725bc060cb3c113a419f12ef917ec7b326822e104e84e10fe159,06494644a0e28ae4c3796cec0c8b68167d1b06510f9f4d4c23b92ef65d921022,d88a1e074ac7898fc443e95d7f47e706a76fcea363dfe865ed8f6ebab63cbaba,0.2964443250000386,0,365,658,False,4.21553551177567e-07,0.0,0.0
median_L3,00030636_004.png,30636,mixed_high_risk,0.5392834544181824,1024,1024,a46f6e71c3e3725bc060cb3c113a419f12ef917ec7b326822e104e84e10fe159,aa1cd701e9fc39540773d21d5570b0fbd37ab6bdc043fcace10633d9bbc8bba5,bf793b9fe6b07a9d9113ae0447ad139d36057460d5243bb45ff1ed6a1a15f837,0.3375459039998532,0,511,365,False,0.0097420988604426,0.0,0.0
clahe_dwt_L1,00000032_037.png,32,mixed_low_risk,0.6075989007949829,1024,1024,1a5f4e0780a7a2a11a58cbc7a97e7db9d3ba18580e492a6b251c69dad8b4d093,ba35b892826664fd41e15305e74f40bcca551cdb4f5317086bc4a721809710e2,4b472bf6af614622fbd1696d6cf0998e30927142e78da0c1e723423de6401c66,0.3447450090000075,0,804,219,False,0.1515533179044723,0.1660041212329355,0.1538810781361139
clahe_dwt_L1,00000211_016.png,211,mixed_low_risk,0.7095250487327576,1024,1024,1a5f4e0780a7a2a11a58cbc7a97e7db9d3ba18580e492a6b251c69dad8b4d093,10b58c1e939d05354d1acd931216b48c46f5fde36b50ba4441e128bfd16092e3,d73d753dab4bed7b3b2c7f00c25a9cd8e685d4e50123b3c236e152b066225fe3,0.3337670140001592,0,658,658,False,0.0717745199799537,0.0034960878957323,0.0
clahe_dwt_L1,00000468_041.png,468,pure,0.6774983406066895,1024,1024,1a5f4e0780a7a2a11a58cbc7a97e7db9d3ba18580e492a6b251c69dad8b4d093,c09ec38db5dc3722a8a2b6cb4c266539dbb08f3c4478ab287926253c9ac4c050,e834881904a2d4480ee3302b208691b1108c10e10a89a67656874365ad0a56e1,0.320943269000054,0,658,219,False,0.0133480411022901,0.0,0.0
clahe_dwt_L1,00001039_005.png,1039,mixed_low_risk,0.5192635655403137,1024,1024,1a5f4e0780a7a2a11a58cbc7a97e7db9d3ba18580e492a6b251c69dad8b4d093,c9005414ed86d4d8464c476b2bde31ba7c1a0bbeda4bdb4b9111ea1fe6963655,aab0c214cd76c1648f7838b14ab775de0ede59c62f2f7bcd06b18d5bd151e091,0.3164829629999985,1,658,512,False,0.1756253391504287,0.233185507488913,0.2491816224891413
clahe_dwt_L1,00001900_026.png,1900,mixed_high_risk,0.5679225325584412,1024,1024,1a5f4e0780a7a2a11a58cbc7a97e7db9d3ba18580e492a6b251c69dad8b4d093,90eef3f3730bfc9ee4d6a7bfddf9083db056e330817b83cf44f1fc0b67b1ced1,e0bd72ce2a56e4c785477db5fdac7f1174534304447496989ff3153437d31e12,0.3266592490001585,1,658,511,False,0.1613973826169967,0.172416610912211,0.1718371115694278
clahe_dwt_L1,00002224_007.png,2224,pure,0.6606912612915039,1024,1024,1a5f4e0780a7a2a11a58cbc7a97e7db9d3ba18580e492a6b251c69dad8b4d093,37d227ce25d9476a876d549044b8b924f05f5b4fcf3e8963b8c530363e695dea,e188580820260129266b8d5a5deab6929b78f6192523046efa915ade9f2fcad3,0.3156328019999819,0,512,511,False,0.0099606364965438,0.0,0.0
clahe_dwt_L1,00003149_007.png,3149,mixed_high_risk,0.679868757724762,1024,1024,1a5f4e0780a7a2a11a58cbc7a97e7db9d3ba18580e492a6b251c69dad8b4d093,43e934da7aebe594de60b63d1a81c16cf11ce74124942c74a9688ba0cbc8cb95,ae325222ca8f9a1506530e20da07b7eb5d8f25142518ed303e99e556c3dd4b45,0.3435139020000406,0,365,365,False,0.1443280726671219,0.1811353026207882,0.2432151025842351
clahe_dwt_L1,00003333_002.png,3333,mixed_low_risk,0.5588635206222534,1024,1024,1a5f4e0780a7a2a11a58cbc7a97e7db9d3ba18580e492a6b251c69dad8b4d093,a7a8151be66d4c1f2d3b44eafa9ce5c2b3ce72b02569dcd4104a7a4ad0df0aa4,6afe3988021042fce99f215b15f9abb69fa4d408ab63f4437c4728dc44e4a96b,0.3160670320000918,0,658,658,False,0.2407989203929901,0.1835404287779027,0.0920848004200973
clahe_dwt_L1,00003973_008.png,3973,mixed_low_risk,0.598972737789154,1024,1024,1a5f4e0780a7a2a11a58cbc7a97e7db9d3ba18580e492a6b251c69dad8b4d093,deec4d20a80de30c5f0a0e6877f46673a03025c6d06367ea3f1d4636b06a87d6,8cc96ad7744e52958461801a38190b80df53c43e499727da7c30938178a741c3,0.3188081060000058,0,365,219,False,0.0921168848872184,0.1173799866820025,0.0553659804298207
clahe_dwt_L1,00005066_030.png,5066,mixed_high_risk,0.6884153485298157,1024,1024,1a5f4e0780a7a2a11a58cbc7a97e7db9d3ba18580e492a6b251c69dad8b4d093,46cfb185da94e20a2b848b1423ff067b5aef12e75c8043d4e26fe0ba3e1817a6,ed6e8a6d4e861bbd4ddab896d0dee1df8d166763de316874ba82b677b87bdb87,0.3330248790000496,0,658,365,False,0.0725127756595611,0.0961344695675934,0.0757449121734108
clahe_dwt_L1,00006096_010.png,6096,mixed_high_risk,0.5819649696350098,1024,1024,1a5f4e0780a7a2a11a58cbc7a97e7db9d3ba18580e492a6b251c69dad8b4d093,1e20b26471fe09520eeb60ad220e3b6dd1f3d56f599ff693105c01011431e965,dcf96c7d819c506ddeca14965c346fca781e8e792675e0bd72fec29493e89a47,0.3105099990000326,0,365,512,False,0.1002983152866363,0.1380940386721884,0.0772958819328731
clahe_dwt_L1,00006304_060.png,6304,mixed_high_risk,0.7273098230361938,1024,1024,1a5f4e0780a7a2a11a58cbc7a97e7db9d3ba18580e492a6b251c69dad8b4d093,d814d3ecd86430bbb8e656cf4f2f2eaa3ce9af7bda1a7fd8f3418cc5d8ffda8a,707746fc60dc8adfdec303bbd0df477a22f9ef1fa05be44ba6db860921bf3320,0.3322080719999576,0,219,511,False,0.0744728595018386,0.1322461285459778,0.0
clahe_dwt_L1,00006836_002.png,6836,mixed_high_risk,0.6120811104774475,1024,1024,1a5f4e0780a7a2a11a58cbc7a97e7db9d3ba18580e492a6b251c69dad8b4d093,a61776a328a2a2fc2cdb109ceadfed01e8b21e766ecb898d03a5402961dd683a,edce6d9908bb9537c36f023671f5f2d501d7bea4ee17837f2e88c448c299f854,0.3296926240000175,1,658,512,False,0.2602798640727997,0.2764918531618574,0.3253760411447156
clahe_dwt_L1,00007124_006.png,7124,mixed_high_risk,0.6215503811836243,1024,1024,1a5f4e0780a7a2a11a58cbc7a97e7db9d3ba18580e492a6b251c69dad8b4d093,ef891400ca4f9d2b7734725a3f28216fa12da18e946b967d691f3d0c4a8d013c,b05ed5d5133f064d51e8cc5067758c64c64055d2a986ee7323a0e83c6e3ea854,0.3199694889999591,1,658,365,False,0.3048390448093414,0.3165861740204123,0.3419782710124642
clahe_dwt_L1,00008814_010.png,8814,mixed_high_risk,0.6135267019271851,1024,1024,1a5f4e0780a7a2a11a58cbc7a97e7db9d3ba18580e492a6b251c69dad8b4d093,d9b4420639ccf0d0ff0becfe03086a89d2b8b38a5f98091e29c6e2ec1cd30757,013b8fefc4ac1adc1c21ae8be2d6185e5fe457cd5c0f8dcb9e9c721eaf745b6f,0.330825311000126,0,658,804,False,0.1045743525028228,0.1384976937512057,0.0723716117906989
clahe_dwt_L1,00009431_004.png,9431,mixed_high_risk,0.599433958530426,1024,1024,1a5f4e0780a7a2a11a58cbc7a97e7db9d3ba18580e492a6b251c69dad8b4d093,172dd00fa374bfa4bb22c3dfda7a96fcefb98a27c36d7c3c5a79182cfa08e034,cbaa5d1be5e04fac790ec220b5bf6af8507594048f5d1c2d2568d0ea1f1bf7bf,0.5422867139998289,1,804,512,False,0.1651588082313537,0.2095030435177614,0.1609123474685039
clahe_dwt_L1,00010092_018.png,10092,mixed_high_risk,0.688370943069458,1024,1024,1a5f4e0780a7a2a11a58cbc7a97e7db9d3ba18580e492a6b251c69dad8b4d093,3030a85766fce18bc53767b655add8992400cba7b60c9ca18d6854d7f981849c,60945ed3a8a629a6455976e3fe134add2fc622c556020ab38a0a927cd258f3c9,0.3134857149998424,0,658,365,False,0.0567017719149589,0.0780777026137769,0.0353718543511879
clahe_dwt_L1,00010120_010.png,10120,mixed_low_risk,0.4819053411483764,1024,1024,1a5f4e0780a7a2a11a58cbc7a97e7db9d3ba18580e492a6b251c69dad8b4d093,ed0856a9d8aab0ce86424a34e152f85129f12e282021909648596e7794e57aca,c6428e5d4be45739d192ae1e51b8ccd0fa8fa0abb541174e2848e30b51a38214,0.2971901429998524,0,365,219,False,0.3514336347579956,0.2080246213042374,0.031437551779311
clahe_dwt_L1,00010230_001.png,10230,pure,0.4926946461200714,1024,1024,1a5f4e0780a7a2a11a58cbc7a97e7db9d3ba18580e492a6b251c69dad8b4d093,31e11695ed02a38fcead40d261be6578fff0a862ab053db9f0cb1a745da31926,59efaf3c09471aff5d61704ccd31b8f167411c09e061d2b5ae228c11eec0f2a7,0.2827664200001436,0,658,512,False,0.0324304029345512,0.012579990234124,0.0
clahe_dwt_L1,00010277_000.png,10277,mixed_high_risk,0.4697391390800476,1024,1024,1a5f4e0780a7a2a11a58cbc7a97e7db9d3ba18580e492a6b251c69dad8b4d093,1d84d210d4bfedcfc950c1bc1843e442a8f1a4bf3faabf783ec0b53516d98d53,ee199c6e5e9ac0cac28932d4fc45407756d1f30d75bd043b8fff00c115dab2d5,0.2987321809998775,0,511,658,False,0.0025291785132139,0.0,0.0
clahe_dwt_L1,00010805_049.png,10805,pure,0.6438058018684387,1024,1024,1a5f4e0780a7a2a11a58cbc7a97e7db9d3ba18580e492a6b251c69dad8b4d093,a6493a7164ee16016bb65b213ebd8452502e8f16e8308cd7a49e2a87fea6b59d,5de6a986ebde0bfe0fdd468902b3a3c6c741bff18972f4348a3539322e3823ea,0.3066596429998753,1,512,512,False,0.4422899484634399,0.5019694441944662,0.3944809024895359
clahe_dwt_L1,00010828_039.png,10828,mixed_high_risk,0.6460913419723511,1024,1024,1a5f4e0780a7a2a11a58cbc7a97e7db9d3ba18580e492a6b251c69dad8b4d093,4b653d6310d369502811097f2e897d50de94375755f664cc60a6cbb23295e60d,34997501177ee045387a3192235317170aa45ddbb9adfa71be4fa85ee8bcff66,0.4098059189998366,0,365,365,False,0.0771581456065177,0.0559891792974499,0.0241384234281776
clahe_dwt_L1,00011023_004.png,11023,mixed_low_risk,0.626488983631134,1024,1024,1a5f4e0780a7a2a11a58cbc7a97e7db9d3ba18580e492a6b251c69dad8b4d093,5a4f21ac2c4ad8f48cdc4e7c5d49e11894a0185aeed45615c04612168b340180,59dce133ed5fbd637d17b494091a99b693e0dcf2afa7426146629a02e8d05f7b,0.333107401999996,0,658,511,False,0.0696919038891792,0.0607219359445299,0.0078605458759932
clahe_dwt_L1,00011124_000.png,11124,pure,0.6967370510101318,1024,1024,1a5f4e0780a7a2a11a58cbc7a97e7db9d3ba18580e492a6b251c69dad8b4d093,bbe42f59eb006d5bc5938ea5d5eaed75dcd7bca452c82c47d02021cb49888058,9b48ce1812327f8f8756cbd1078c34a21141db475080a8bca236e0358e1469e7,0.3362510819999897,0,512,804,False,0.0167645364999771,0.0,0.0
clahe_dwt_L1,00011237_094.png,11237,mixed_high_risk,0.7886998057365417,1024,1024,1a5f4e0780a7a2a11a58cbc7a97e7db9d3ba18580e492a6b251c69dad8b4d093,856fc834c5f53ef142409a1b8e3717ece7d3d0e735471c8a2bc625c8415c2ccf,79a539b7f8af744235cedeac5874478784033a83b90873cda6f7012b41b7df01,0.357794123000076,0,804,511,False,0.1539478600025177,0.1581215105876064,0.2753110746886184
clahe_dwt_L1,00011269_018.png,11269,mixed_high_risk,0.602307140827179,1024,1024,1a5f4e0780a7a2a11a58cbc7a97e7db9d3ba18580e492a6b251c69dad8b4d093,e99f6be7c0f7deb44cb54ffdf51793d0d3d23fc0e30ea9eab81173c8c27f1f99,7cc539dc9a965381b3737ee7c91c6a403df2bd1c4383b4bb7c9e2320533a953e,0.3592277969999031,0,512,512,False,0.0976856425404548,0.0800996969993158,0.0692231980617807
clahe_dwt_L1,00011366_002.png,11366,mixed_low_risk,0.5701785087585449,1024,1024,1a5f4e0780a7a2a11a58cbc7a97e7db9d3ba18580e492a6b251c69dad8b4d093,ab00de5f26406838a62104e5ddf4120f1faec96df26880d776592c62f8f6a9bf,5186a27684f89c4a7992b5f3e8c6208a446545208c923f842378f2bd9057eafb,0.3552746440000192,0,658,366,False,0.4929985105991363,0.2523601152648277,0.1428854025594595
clahe_dwt_L1,00011925_072.png,11925,mixed_high_risk,0.7125813961029053,1024,1024,1a5f4e0780a7a2a11a58cbc7a97e7db9d3ba18580e492a6b251c69dad8b4d093,86ada8da37dd54cce9ab32e7913b5b4409053698dbd7aa9acc7ead10f37a716d,4eddc60829e7d3ec115d1e794bde5c2b192606fce345356f303592bdb4acae1c,0.3376114700001835,0,658,366,False,0.0547264851629734,0.0,0.0
clahe_dwt_L1,00012021_054.png,12021,mixed_low_risk,0.7267950773239136,1024,1024,1a5f4e0780a7a2a11a58cbc7a97e7db9d3ba18580e492a6b251c69dad8b4d093,7fc9ae45b3540c534c5f258b8bfeb1e22e87abd898ef14f3066dfb8b645354d6,dc3be95d0b791ea625f8f6d5ea73967a94590b78e0bb9595da2623d0db1eaf21,0.4790604229999644,0,219,512,False,0.2037942558526992,0.2403320188271212,0.2505909801810117
clahe_dwt_L1,00012021_081.png,12021,mixed_low_risk,0.7659823298454285,1024,1024,1a5f4e0780a7a2a11a58cbc7a97e7db9d3ba18580e492a6b251c69dad8b4d093,554f111bb7cf6dcbf11c464f3a36ce111456d5884802d74cead317fa4e9d1172,8e91f6fba3291b26e45d342a0861b1de0a34a27028ec9bd7f6c6476dddbcbb93,0.6536287660001108,0,511,365,False,0.0748892277479171,0.1075952206487117,0.0177470486414998
clahe_dwt_L1,00012364_045.png,12364,pure,0.5907022953033447,1024,1024,1a5f4e0780a7a2a11a58cbc7a97e7db9d3ba18580e492a6b251c69dad8b4d093,86477fe4f14f52497dce5b2322e62f395a83f7d320925d2e51d1eaf6aaee5e49,d7f8facb01adafba87947aa3d3cec320dea6b9680e7e80a06d29cac575448f7b,0.430400445000032,1,658,804,False,0.194624975323677,0.2186702710484432,0.2630523447680617
clahe_dwt_L1,00012376_010.png,12376,mixed_high_risk,0.6660000681877136,1024,1024,1a5f4e0780a7a2a11a58cbc7a97e7db9d3ba18580e492a6b251c69dad8b4d093,253ed0cf95be50080e8cbb5c1e896efc1cd353b6665e7ce546d5e6dfbcf4f40a,080f529153f3e9468c3901968f7dd0f88bdd998ac8b269aaaeb6759abc06c2f8,0.48572633699996,0,658,219,False,0.0740798488259315,0.070151689065725,2.3743005706235705e-05
clahe_dwt_L1,00012505_007.png,12505,mixed_high_risk,0.6519626379013062,1024,1024,1a5f4e0780a7a2a11a58cbc7a97e7db9d3ba18580e492a6b251c69dad8b4d093,687a606d6fcbb1b1863e1bd7674669fe87815386c5f1bf9dbe2daa986c414997,b613c10a5434c565dfcc33b99a32058e673d3f01a2c80c0ccbfe3a193dc8644d,0.5542039110000587,0,951,219,False,0.0653555765748024,0.088429294450219,0.0
clahe_dwt_L1,00013106_000.png,13106,mixed_low_risk,0.5476494431495667,1024,1024,1a5f4e0780a7a2a11a58cbc7a97e7db9d3ba18580e492a6b251c69dad8b4d093,d479a7a0d4743be5fe02d0279f168e8067e2d2f6485a12be0fdc7bb06a4e79bd,52c74000c32f9e1b501eeec423559e166d75804b8880f9ae4738ac3c25098463,0.484465517999979,1,804,512,False,0.260311096906662,0.3104012931337409,0.2601819018973528
clahe_dwt_L1,00013310_057.png,13310,mixed_low_risk,0.7655149102210999,1024,1024,1a5f4e0780a7a2a11a58cbc7a97e7db9d3ba18580e492a6b251c69dad8b4d093,21523839dec448d1b7b3db002efcf9e006beedb6e7b9e31c98029a44b725d804,a1a299bd320b3adc2a16c1ba6e19784cbfe0097be842aa64421998fa16c05142,0.4509509659999366,1,512,511,False,0.6964147686958313,0.4294205142585435,0.236818102207048
clahe_dwt_L1,00013391_005.png,13391,mixed_low_risk,0.6451468467712402,1024,1024,1a5f4e0780a7a2a11a58cbc7a97e7db9d3ba18580e492a6b251c69dad8b4d093,cb97e1fd6261add6cf267219911a78eab9026189bf81498412c1536d1868ae00,061530836995aa524d4e926b752a0662594066e63929030b6f4e5469cfb1958e,0.4982217369999944,0,658,511,False,0.0662782564759254,0.0,0.0
clahe_dwt_L1,00013471_029.png,13471,mixed_high_risk,0.6908932328224182,1024,1024,1a5f4e0780a7a2a11a58cbc7a97e7db9d3ba18580e492a6b251c69dad8b4d093,aae3d6cef117cd5876e88f3a0ce5bd19106ff12c99f70a2f8c33b6015ae4140b,5de77d3338726d03db728fa994f228e9925eb613a61987a559a1727c4909ee0a,0.3568760949999614,0,951,365,False,0.2761952877044678,0.366772667019238,0.2436644917796391
clahe_dwt_L1,00013670_151.png,13670,mixed_low_risk,0.6251141428947449,1024,1024,1a5f4e0780a7a2a11a58cbc7a97e7db9d3ba18580e492a6b251c69dad8b4d093,d8cbb7a8e75a24c838ed1eec7143944c0d5f75d2873227914eb68013c60f3997,2a404a6719f3f179bfe874ce8996ba12761e0b9bbfb130557e71cd31d97138c8,0.3334750399999393,1,658,365,False,0.6479160785675049,0.2954334821804701,0.1632957731062287
clahe_dwt_L1,00013922_021.png,13922,pure,0.5988150238990784,1024,1024,1a5f4e0780a7a2a11a58cbc7a97e7db9d3ba18580e492a6b251c69dad8b4d093,5567d0b1d783bd6967ba10751e985203dca300a79bff8c9cf8b90a8f69c2213d,5426cb3b34ed6e574860737e37ea85c389ffa4a476e999bc0adbc5f731aaad46,0.3513053570000011,0,658,512,False,0.0900987014174461,0.0406022322842715,0.0
clahe_dwt_L1,00013922_022.png,13922,pure,0.596339762210846,1024,1024,1a5f4e0780a7a2a11a58cbc7a97e7db9d3ba18580e492a6b251c69dad8b4d093,13fc572fea84e91d2791a70e790ed6e3537f2700c0dafc75e857fea945d71d7d,4dce050490153d1c60afe2d864acb16ff81af5b134d71eb65a5585a24abe93fb,0.3366770810000616,0,657,365,False,0.1606975942850113,0.1636743598251918,0.1287508586007261
clahe_dwt_L1,00013993_083.png,13993,mixed_high_risk,0.7722053527832031,1024,1024,1a5f4e0780a7a2a11a58cbc7a97e7db9d3ba18580e492a6b251c69dad8b4d093,1a533ee18ea1ff1a171d300cfac58829780d986843e1311bfc8c582c4d6526c6,650d1799d05f51afcf19f70756330acec88865d5e195e89b4f90fde9aa7726c8,0.3542516429999978,1,658,512,False,0.261704534292221,0.3312785185623195,0.407824645858817
clahe_dwt_L1,00014203_018.png,14203,mixed_high_risk,0.5950008630752563,1024,1024,1a5f4e0780a7a2a11a58cbc7a97e7db9d3ba18580e492a6b251c69dad8b4d093,3eff4e832822691a0a5d4221affb15efe85014e246493f9bd6f1f82d0a152ffe,dc55a2c921e481ec3d7788b4a56f01c94998dede61d7305aafb21c600e8f653c,0.338790420000123,0,804,219,False,0.066362015902996,0.066434112563128,0.0142309448710187
clahe_dwt_L1,00014251_029.png,14251,pure,0.5922253727912903,1024,1024,1a5f4e0780a7a2a11a58cbc7a97e7db9d3ba18580e492a6b251c69dad8b4d093,eddd2af20650880d76bd970290f2ebe369b44ec3f055e9b92262d226528485b3,54501fc9446bba8170fa6aaa7bce7cc91bc63fa6d93c263e1a592ed8a4d82072,0.5024264409998977,1,658,511,False,0.824528694152832,0.3766316551973922,0.1468308583846432
clahe_dwt_L1,00014617_003.png,14617,pure,0.46843022108078,1024,1024,1a5f4e0780a7a2a11a58cbc7a97e7db9d3ba18580e492a6b251c69dad8b4d093,d43fe3ce7a6d9f5ee2284aa941d5f40a0997456c7d300edadde6594c0220b3a7,21ff635161644ef19f8d9107ccdf67358c32dbb9287231545f127b381c0cd50e,0.2746395269998629,0,365,219,False,0.0033153081312775,0.0,0.0
clahe_dwt_L1,00014738_000.png,14738,mixed_high_risk,0.580606997013092,1024,1024,1a5f4e0780a7a2a11a58cbc7a97e7db9d3ba18580e492a6b251c69dad8b4d093,554d81ae7cfc08ca54543e34333fa7f133c6c0b9c127d9268a60e405a731f1c6,47a636622ed8daf4bde964be8fb70cce0f3b63726d7dc1a7d9882e5c71a08aeb,0.3510439310000492,0,512,804,False,0.1740163415670395,0.1572694480932424,0.0817034280316238
clahe_dwt_L1,00015069_001.png,15069,mixed_low_risk,0.5647369623184204,1024,1024,1a5f4e0780a7a2a11a58cbc7a97e7db9d3ba18580e492a6b251c69dad8b4d093,c3e3ff8f01f81797ecc2275dfd5b8128ef217ab76835e1034b86c1292d1abccb,16487bae45215f3d0b1b595feecb7c37157f3adc7344b1d4258c9149c0c57238,0.2770359889998417,0,511,804,False,0.2568615972995758,0.0613859342503494,0.021118429700165
clahe_dwt_L1,00015732_020.png,15732,mixed_low_risk,0.7203752994537354,1024,1024,1a5f4e0780a7a2a11a58cbc7a97e7db9d3ba18580e492a6b251c69dad8b4d093,4a9ce96171ed5baa8dcda928173e9bd12e3b9d0429619887baa068e19224f63a,3917ee0d60419f1bea3dbdb21c419b2df7d752dcbd3a2b590e49a277f5269d6a,0.3526403650000702,1,804,511,False,0.1379675716161728,0.2086462999764222,0.3148676374918681
clahe_dwt_L1,00015831_011.png,15831,mixed_high_risk,0.4806743860244751,1024,1024,1a5f4e0780a7a2a11a58cbc7a97e7db9d3ba18580e492a6b251c69dad8b4d093,7c4e55d4cba19a17a2846434561bdd8a7cb3d978bb236d4347b8be2726670e44,a799aef542ecfb2e6e83bcb10dd1b5870f5d05b487c079ad9f5b8eadc40ae260,0.3106599679999817,0,951,365,False,0.0584436766803264,0.0,0.0
clahe_dwt_L1,00016094_007.png,16094,mixed_low_risk,0.3885954916477203,1024,1024,1a5f4e0780a7a2a11a58cbc7a97e7db9d3ba18580e492a6b251c69dad8b4d093,e7d86c5c307ea4106ab2d81087a113199eed80c53f80071ef825a362fb322ca8,a1c8390fdedf1e94c1302d0deb813f1fa21efc380ea22c69e96a87f0a6b2337a,0.3273005349999494,0,512,804,False,0.0013333096867427,0.0,0.0
clahe_dwt_L1,00016191_004.png,16191,mixed_high_risk,0.5324029326438904,1024,1024,1a5f4e0780a7a2a11a58cbc7a97e7db9d3ba18580e492a6b251c69dad8b4d093,967a195e18bbcf3eba6f2121610a51fe9f446c1fe76e88c203a29b8719f450fa,3c4f7b5ef0e1070f16838fe1a75149d5efdd3146cf65beb2701bcd78b1694b9f,0.3520835659999193,0,219,219,False,0.0238490048795938,0.0,0.0
clahe_dwt_L1,00016417_008.png,16417,mixed_high_risk,0.3591748178005218,1024,1024,1a5f4e0780a7a2a11a58cbc7a97e7db9d3ba18580e492a6b251c69dad8b4d093,2d1395980c9f368b2f322f4abafc053fe4519c34fe18a7ccdf53541c976c4df2,ae0e2fededf24a766051c7559d8e3857f6ebfa51146c4f3d5abe1a7a5b718441,0.2599381239999729,0,951,951,False,0.0059577319771051,0.0,0.0
clahe_dwt_L1,00016705_006.png,16705,mixed_low_risk,0.6134194731712341,1024,1024,1a5f4e0780a7a2a11a58cbc7a97e7db9d3ba18580e492a6b251c69dad8b4d093,e121c3cd446c9f2193f6123d485be50c7428c305405da1f1b3d9d250ccc5e07e,a6dff43f9bed8ca81872929583505c11032c7a9c17aa53319cb2630ca208c58b,0.3109691489999022,0,804,658,False,0.0601210407912731,0.0797969543147208,0.0516331386545533
clahe_dwt_L1,00016732_040.png,16732,mixed_high_risk,0.6176615357398987,1024,1024,1a5f4e0780a7a2a11a58cbc7a97e7db9d3ba18580e492a6b251c69dad8b4d093,feef68348bc91e55adf52b557c6f642b60865060faa1daeeba01853e0e968bf0,2b48a52baae59fe37f8295390e8f51b603dc26f11397a93aa20a7a742671173f,0.3495100360000833,0,512,366,False,0.0186880975961685,0.0,0.0
clahe_dwt_L1,00016786_001.png,16786,mixed_low_risk,0.6206101775169373,1024,1024,1a5f4e0780a7a2a11a58cbc7a97e7db9d3ba18580e492a6b251c69dad8b4d093,809a448a562f619690893cc6052e3a458a8b0118909c6c868538c8811eef634a,c788405917e588015c7c6cb661c23a97aea87153a0c6022721678c85276712d6,0.3713860590000877,1,658,365,False,0.3689019381999969,0.4989036832094068,0.1956406121328575
clahe_dwt_L1,00016786_009.png,16786,mixed_low_risk,0.5910724401473999,1024,1024,1a5f4e0780a7a2a11a58cbc7a97e7db9d3ba18580e492a6b251c69dad8b4d093,1985f2ae3bba4fc94ca8317203c0a1de04d0e380fddc2ef45c45d7e9edfc8a72,99941dfc11c14b48532909e17d25413e249a9920fffa370d60dd3834b9962f88,0.3057825390001198,1,512,512,False,0.3571557402610779,0.4912088194700431,0.389348184533075
clahe_dwt_L1,00017083_002.png,17083,mixed_high_risk,0.5299590826034546,1024,1024,1a5f4e0780a7a2a11a58cbc7a97e7db9d3ba18580e492a6b251c69dad8b4d093,314a5dea26c48125a7b624ac543699d660307a42fc40541ce6016a15ab67f2b4,8ec83131e5b0a5062b6d0d88720b76cd7b4e97b9711968192ba362f21d404704,0.3119598889998087,0,804,365,False,0.1303793042898178,0.2003953560245144,0.0678871675060801
clahe_dwt_L1,00017138_037.png,17138,mixed_high_risk,0.6990731954574585,1024,1024,1a5f4e0780a7a2a11a58cbc7a97e7db9d3ba18580e492a6b251c69dad8b4d093,29f20c2fe96e9d8c84e50701a1b5a3c88493f9260004ff835d900ae8ca9cdded,dc45830194aeb2adc07c647827ca6858342fa8120f7f949f033edc1f2ba9fdfb,0.5418153989999155,0,804,511,False,0.079566478729248,0.0188653350787551,0.0
clahe_dwt_L1,00017544_003.png,17544,mixed_low_risk,0.5526261329650879,1024,1024,1a5f4e0780a7a2a11a58cbc7a97e7db9d3ba18580e492a6b251c69dad8b4d093,84c613fd8519602db84619d4e8547c206bc88ef25e97d9499b2cd6b94542c426,6e1bf0938e91bb009fa940d93e2ef61b7c680fd1a43a4ce02d65c06da0fb6b29,0.3629422970000178,0,219,0,False,0.1120310947299003,0.0758197453206182,0.0550587051852317
clahe_dwt_L1,00017714_009.png,17714,pure,0.5120147466659546,1024,1024,1a5f4e0780a7a2a11a58cbc7a97e7db9d3ba18580e492a6b251c69dad8b4d093,dec967860759d2e79ead478939fac7afe11da4be7968b142f8f5db6cd4ed1155,d4612d908ad913bf7c9afb365ad9fb00878ddd141c5f7a466afd86698fcb6577,0.3531550850000258,0,658,512,False,0.0881482437252998,0.1110685448223021,0.1434723715013472
clahe_dwt_L1,00017972_032.png,17972,mixed_low_risk,0.7147914171218872,1024,1024,1a5f4e0780a7a2a11a58cbc7a97e7db9d3ba18580e492a6b251c69dad8b4d093,222e70c920929934e8df36e3525a314e325e80881fe90e50745e480ca608d108,2deb6d4080ecebc270b951af6ec0388f18e6bf7c9cec31f42b0b0973d7da74ed,0.3323437069998363,0,804,365,False,0.0688111186027526,0.0048672254962606,0.0
clahe_dwt_L1,00017981_014.png,17981,pure,0.6202400922775269,1024,1024,1a5f4e0780a7a2a11a58cbc7a97e7db9d3ba18580e492a6b251c69dad8b4d093,df05c350d3b002ecba11c7571eddbb9df6ff6f613289aa92ab2d2f73a7f35349,0a04301f183fe62b575b7a2915001210951b51ef83a9f3673950bc0ffd39190f,0.3521512719999009,0,657,365,False,0.0977995470166206,0.1234140351981865,0.1907992889566073
clahe_dwt_L1,00018253_054.png,18253,mixed_high_risk,0.6937482953071594,1024,1024,1a5f4e0780a7a2a11a58cbc7a97e7db9d3ba18580e492a6b251c69dad8b4d093,873192dad54a385cb7e7c2994c102cb845833ea7fedb5e7d9ab5be22102478f7,ab86857304c32f4302feb56642a023e3906fdbef79fb1e4da6e3f89742bd6689,0.3724310699999478,0,512,512,False,0.090471900999546,0.0892669031160201,0.0613885554625324
clahe_dwt_L1,00018253_059.png,18253,mixed_high_risk,0.5594518184661865,1024,1024,1a5f4e0780a7a2a11a58cbc7a97e7db9d3ba18580e492a6b251c69dad8b4d093,04991516782f72a97c1a972676446bd287aa018f7e28d476deeca1178f40f531,b6b6f71c7d4286641e2c119ed82b3452585fdaefa4ba862aafb1632cace673d0,0.3294577050000953,0,511,658,False,0.1494786441326141,0.1584298888626152,0.1850494180375837
clahe_dwt_L1,00018393_000.png,18393,mixed_low_risk,0.3447975814342499,1024,1024,1a5f4e0780a7a2a11a58cbc7a97e7db9d3ba18580e492a6b251c69dad8b4d093,c5761184d0bea6458b5f4f8fe04d1dce92b2fa3091961850d96aa97f50bdb407,bc4b723371123bb8c5974cb4a6648790db361e51ebafd5e0a3475b9f2248d292,0.2550077959999726,0,658,804,False,0.0011295464355498,0.0,0.0
clahe_dwt_L1,00018721_010.png,18721,pure,0.4387471675872803,1024,1024,1a5f4e0780a7a2a11a58cbc7a97e7db9d3ba18580e492a6b251c69dad8b4d093,57e3acdac1eb3faedf6f6e0346934da106da0ea0379c1bd0a5ce94df9fb78599,c4346bad16b818b948bf23be2034317657417c8ea945444685808ad58c30001f,0.4200038710000626,0,658,804,False,0.0105404453352093,0.0,0.0
clahe_dwt_L1,00018921_038.png,18921,mixed_low_risk,0.6674069166183472,1024,1024,1a5f4e0780a7a2a11a58cbc7a97e7db9d3ba18580e492a6b251c69dad8b4d093,e0b5b3edafd6f6df36aff88887fa4ff402859c84b707cba74eadeb07763bd92c,12ea4d2ccb9d33c641deae243e8d9dd078bdfb3790e757dbeb6e77f0b77094d5,0.5938851559999421,0,658,512,False,0.0862089097499847,0.0224776813012107,0.0
clahe_dwt_L1,00019018_007.png,19018,mixed_high_risk,0.6810501217842102,1024,1024,1a5f4e0780a7a2a11a58cbc7a97e7db9d3ba18580e492a6b251c69dad8b4d093,86ac0c6b9a476b4293a9c687a37b43f416d2bab221d81d17224483c30077d360,49f7dc6ff131ce2ab29293ba4bd85e41c313da63dc05704d16772bd99cabd593,0.4831653500000357,1,658,512,False,0.4818786382675171,0.3410287841641696,0.2820960505668884
clahe_dwt_L1,00019150_002.png,19150,mixed_low_risk,0.526151716709137,1024,1024,1a5f4e0780a7a2a11a58cbc7a97e7db9d3ba18580e492a6b251c69dad8b4d093,5b2abd44d67775621c4cec3bb5d1e7a9c06008dac140d9bcecc34948cc2cc71c,71ca23711f2a3b7ae2bcdc555713f8576809c5f27bedc9af515dee7d76d7cb42,0.4724243739999565,0,658,804,False,0.2074459493160247,0.1123977386099102,0.0501251974267113
clahe_dwt_L1,00019363_043.png,19363,pure,0.5021776556968689,1024,1024,1a5f4e0780a7a2a11a58cbc7a97e7db9d3ba18580e492a6b251c69dad8b4d093,f9246331297807831013152647477f765ed84e88bbaebb1b389c63e17e7c0f9c,9e19032a9f34f4f30278ee822bcfa2f8ac83d9979cfaadcb4bb4dca932ab472b,0.620438040999943,1,511,512,False,0.1636296510696411,0.1878659312685617,0.1477217014069441
clahe_dwt_L1,00019625_002.png,19625,mixed_high_risk,0.6884856224060059,1024,1024,1a5f4e0780a7a2a11a58cbc7a97e7db9d3ba18580e492a6b251c69dad8b4d093,3fe7964d92e20b2bc87e55cd32ad135c66aad97c9829428cf8424e86b4fe2dfe,84fea24fc05582a11ad8bb0210e591520d5dbcf4386313c4a478cea2e7706b4e,0.4918925029999172,1,511,658,False,0.4926522076129913,0.4048046530791462,0.115974377837188
clahe_dwt_L1,00019634_004.png,19634,mixed_low_risk,0.5422337651252747,1024,1024,1a5f4e0780a7a2a11a58cbc7a97e7db9d3ba18580e492a6b251c69dad8b4d093,43072ef154a71f025bdf6be91aa87f1a43f24a308a6998b3f9c467fee10e503a,3ca82534a7a538eb32b58241afbe42d6e50775843efbb73d2d3574d0b1837f15,0.5469053150000036,0,365,365,False,0.024049375206232,0.0051871280046427,0.0
clahe_dwt_L1,00019646_006.png,19646,mixed_high_risk,0.5175573825836182,1024,1024,1a5f4e0780a7a2a11a58cbc7a97e7db9d3ba18580e492a6b251c69dad8b4d093,cf75f6b59026113e09d7c83ae24bfd94fa5e9f46ded89e585f53bc9b9cec6977,31c721a91878b593f03ee7aa35ebbf27c52af02c83f6e119695925e4120b6187,0.4669978910001191,1,658,657,False,0.2243231832981109,0.2805792003362813,0.3748945656103145
clahe_dwt_L1,00019706_012.png,19706,mixed_high_risk,0.6157073974609375,1024,1024,1a5f4e0780a7a2a11a58cbc7a97e7db9d3ba18580e492a6b251c69dad8b4d093,e51b30dd53c6f506324358052779ad79b3ea0c9e140a417a896ac0d086ce89fb,6b4bbe5e961d28e2de67cf0f837409c6f162a6cae6ca5f073df3c90da2f68a16,0.3845012460001271,0,512,804,False,0.0166189540177583,0.0,0.0
clahe_dwt_L1,00019750_012.png,19750,mixed_high_risk,0.5466820001602173,1024,1024,1a5f4e0780a7a2a11a58cbc7a97e7db9d3ba18580e492a6b251c69dad8b4d093,9c6f0f1a02bc46b36b4aada93d3bb184644e866dba04193d76ed6ef7404eb2cf,e91cd06ac0c84a759f59fcf6eac41d35fecb469ed3fbbbbd8d752728275eff9e,0.351309485999991,1,804,512,False,0.4073462784290313,0.2099828697651354,0.0801135276312562
clahe_dwt_L1,00019750_029.png,19750,mixed_high_risk,0.6020273566246033,1024,1024,1a5f4e0780a7a2a11a58cbc7a97e7db9d3ba18580e492a6b251c69dad8b4d093,c513bac78392e65c508e412e7ddccde819521848dccbcbfc7ea512b7604acbd0,4b0de710c16ad07ee49020d02160c7dacda31f4883c69ce98e3646735450046f,0.3418054149999534,0,512,658,False,0.0811289399862289,0.1232226022764604,0.0
clahe_dwt_L1,00019769_014.png,19769,mixed_low_risk,0.4891037046909332,1024,1024,1a5f4e0780a7a2a11a58cbc7a97e7db9d3ba18580e492a6b251c69dad8b4d093,c6abbe59ac6cdc0607e9cabb9c363620631662aeafc8e5dac08ae6aa4d0b4cdb,10fc953ca9c22a18f40f49b69a7b78ff3061791ff0005939c47472f9a9d16ccd,0.3253652060000149,0,511,804,False,0.0004528063291218,0.0,0.0
clahe_dwt_L1,00020113_030.png,20113,mixed_high_risk,0.540976881980896,1024,1024,1a5f4e0780a7a2a11a58cbc7a97e7db9d3ba18580e492a6b251c69dad8b4d093,bb20177eff83ff452e6f75fbcc788cfbc0ffd88cea6d2e189475b24d7013e080,f1135bb9323f2f25e92eff5d3ef4bcc7db35bbd790b3f5e967fe971db5b357b7,0.3516037560000313,0,951,365,False,0.0244770888239145,0.021725196505077,0.0
clahe_dwt_L1,00020184_013.png,20184,mixed_high_risk,0.5868656635284424,1024,1024,1a5f4e0780a7a2a11a58cbc7a97e7db9d3ba18580e492a6b251c69dad8b4d093,e97be54678473b76118d693ec936c811e32feb118f493dc75efa60ffa72c30a0,8a9e484f1381f89f22fa8e3e5deef8b41ba62eccbc677524b5a0a69a160b74cb,0.3156541399998787,0,657,658,False,0.0800187587738037,0.076746001165812,0.0199606702052823
clahe_dwt_L1,00020259_002.png,20259,mixed_low_risk,0.5300256013870239,1024,1024,1a5f4e0780a7a2a11a58cbc7a97e7db9d3ba18580e492a6b251c69dad8b4d093,7ba50a199dd23410494f19553c016d6a5549002a777ebabd73c32d6d7d189544,e2db3c4220f3b91578f019d3ff2cb1a7a55597c86d6fe117d98fd704e96bc971,0.3550254720000794,0,658,512,False,0.1838154643774032,0.2394090347852003,0.3291710388247639
clahe_dwt_L1,00020405_041.png,20405,mixed_high_risk,0.5499246120452881,1024,1024,1a5f4e0780a7a2a11a58cbc7a97e7db9d3ba18580e492a6b251c69dad8b4d093,a9b2b4d1612ce960e32df40f26ad664050e4a277eaae0c926799cbd07a4fa483,5779f269bcb831f9e8743a6397a079c7b70e88b591680d3c4da1b5d880fde8d5,0.3301434360000712,1,658,658,False,0.2432177066802978,0.2374521533842169,0.1798504226359396
clahe_dwt_L1,00020482_011.png,20482,mixed_low_risk,0.6659660339355469,1024,1024,1a5f4e0780a7a2a11a58cbc7a97e7db9d3ba18580e492a6b251c69dad8b4d093,f15fa279dbe46774215280a4855c6abae30ea9db5a251495f3644f5c4f80bf60,5d390b217c183dbf089e53502fba96968225006dce58229505d0dfade9f5c1b6,0.3237104170000293,0,804,512,False,0.1522098034620285,0.2110157588479526,0.2172088764762839
clahe_dwt_L1,00020482_032.png,20482,mixed_high_risk,0.7827951908111572,1024,1024,1a5f4e0780a7a2a11a58cbc7a97e7db9d3ba18580e492a6b251c69dad8b4d093,dfdf8cf5aff4bd040dceaf262245482e2ad180862ef2040b2d6e11b1510d0263,083ef141c55ecc092f42e39102299bd08f4371935b57e4b20ffa66cb20af96aa,0.4830138830000123,1,658,511,False,0.2282496243715286,0.3553639010189228,0.4269721798780488
clahe_dwt_L1,00021009_001.png,21009,mixed_high_risk,0.6059268712997437,1024,1024,1a5f4e0780a7a2a11a58cbc7a97e7db9d3ba18580e492a6b251c69dad8b4d093,46d111d9938e4f8b092e5ac5fa4f4a7af7f3a429d0679348f3393239de67e4f2,6623a8943c98e164e90e297f093b2d5c3c622015ecb2b0ffe6029ec1ac4d3c6b,0.3281290149998312,1,512,365,False,0.6889654397964478,0.2235492342107822,0.1079857197617671
clahe_dwt_L1,00021201_010.png,21201,mixed_high_risk,0.551692008972168,1024,1024,1a5f4e0780a7a2a11a58cbc7a97e7db9d3ba18580e492a6b251c69dad8b4d093,c44856464caff58161b7f067696f6c7c110070615563e3c0689570584c89a168,383c3249616a03fb68ac666a5f76df779dc93840b4fbe5ce1d40793ce87edb9f,0.3273421880001024,0,511,219,False,0.1650107055902481,0.1813480479660625,0.0635489393125671
clahe_dwt_L1,00021703_001.png,21703,mixed_high_risk,0.5719501972198486,1024,1024,1a5f4e0780a7a2a11a58cbc7a97e7db9d3ba18580e492a6b251c69dad8b4d093,4a3d92bba7a7ded17b1446c4785fe93b21e7aea2de619ffbfa10544c85d6e6e8,099da81f392a77913ec990f2bdc20087dcc66c28ccaf8f529b1ffd2dd1276ce1,0.3604770250001365,0,804,365,False,0.0001149236850324,0.0,0.0
clahe_dwt_L1,00021710_003.png,21710,pure,0.5646554827690125,1024,1024,1a5f4e0780a7a2a11a58cbc7a97e7db9d3ba18580e492a6b251c69dad8b4d093,5a88a0dd12412f65e70b78168108c8ba93cdaecb4e5c20fcaa252fcba7415f9e,bbdc3a0a54f7bef50052f551d911b373597c7274e6896c05cb9239d5442e1af7,0.3557092339999599,1,657,804,False,0.1155040934681892,0.1606348851410043,0.3083294520461726
clahe_dwt_L1,00021840_016.png,21840,mixed_high_risk,0.5284965634346008,1024,1024,1a5f4e0780a7a2a11a58cbc7a97e7db9d3ba18580e492a6b251c69dad8b4d093,2d30a4471cbb338b18045f4e9c9fc7729b292066a1eda603e6448297d7b37cf2,822e2e02fd1eda5f02c3d31647ff0ba9be7dde09ffe1fcf371f9e383eeb82e05,0.3757830449999346,1,365,512,False,0.1443236321210861,0.2160339971585952,0.2611745235311888
clahe_dwt_L1,00021926_007.png,21926,pure,0.5725562572479248,1024,1024,1a5f4e0780a7a2a11a58cbc7a97e7db9d3ba18580e492a6b251c69dad8b4d093,946e2b56b59b625a4bcc777d648f8a633f8ef320d9306c2d998243c934dd5839,56a4fe3c1259aa5bbd586134bcff1a868dacc130073edd8c550fde67dbae37bd,0.3393653240000276,0,804,365,False,0.0597467646002769,0.0810575497969573,0.1323345242918708
clahe_dwt_L1,00022369_013.png,22369,mixed_high_risk,0.5318867564201355,1024,1024,1a5f4e0780a7a2a11a58cbc7a97e7db9d3ba18580e492a6b251c69dad8b4d093,405f5ad9ea101c8c36f9d902a63821469fe87f393d7b641c63603a8c6644ab50,e5eceea5f70b0748df27829caece2edb98313ca3d5a508730d53fa83a01e33f4,0.3136500170001,1,657,512,False,0.3278915882110595,0.3047024926075886,0.2389729027418728
clahe_dwt_L1,00022416_048.png,22416,mixed_high_risk,0.5439630746841431,1024,1024,1a5f4e0780a7a2a11a58cbc7a97e7db9d3ba18580e492a6b251c69dad8b4d093,a78b5c8035806acc9814307940d50e031f76ba45572032c4c76e26f8d479fa3b,e8cf6c64fcf874c104e6eaa00b75ad1bec40d56e8b7f2d7c0a9b7b7303df6934,0.3933944269999756,0,951,365,False,0.2884710431098938,0.0160067737727984,0.0
clahe_dwt_L1,00022470_006.png,22470,mixed_low_risk,0.6367369294166565,1024,1024,1a5f4e0780a7a2a11a58cbc7a97e7db9d3ba18580e492a6b251c69dad8b4d093,3d514f3832add0c1f45304ff27e8780bc8128a2ea2d0d8feb6572581f2e1f489,4dc6145c97e0c98de55350e6c442d529610ebec39052c327a773f1a0ac6b7861,0.3559356809998917,1,658,658,False,0.6743068099021912,0.1693210766718971,0.0563386038507045
clahe_dwt_L1,00022727_000.png,22727,mixed_low_risk,0.5659983158111572,1024,1024,1a5f4e0780a7a2a11a58cbc7a97e7db9d3ba18580e492a6b251c69dad8b4d093,d88013861b93bd3c3e3ee3ea4928f609853700507934935e3f4bc59960a03a0e,17abd58f4bce167e11e1e9d7f892fca7a360778e91aba47d91c35c270f3049e4,0.3000266320000264,0,365,658,False,0.3290118873119354,0.2209759799798978,0.1121389557433146
clahe_dwt_L1,00022899_014.png,22899,mixed_high_risk,0.6517202258110046,1024,1024,1a5f4e0780a7a2a11a58cbc7a97e7db9d3ba18580e492a6b251c69dad8b4d093,b1b9a94d68b0fdcb4cac118bb06c0ee4d83d052d35e05f5621c5af7a36740d52,66a5e283ed0dfb7e25268acdc7f0c6f9702d41696183bf03c9bd3843209a14c5,0.3325371029998223,0,657,511,False,0.0251875966787338,0.0,0.0
clahe_dwt_L1,00023026_008.png,23026,mixed_low_risk,0.4551717638969421,1024,1024,1a5f4e0780a7a2a11a58cbc7a97e7db9d3ba18580e492a6b251c69dad8b4d093,d004ac940ec894866c022e00a4a2ea62d7b1cd0510b2fc2eabb0624f7123fe30,7adbbf43cabb8f43f6f6de2622726f66c4dbd9001800b9d9fcd75f2a2509ef0f,0.3280496910001602,0,219,511,False,0.2175825238227844,0.0156733826182982,0.0037554690483688
clahe_dwt_L1,00025521_003.png,25521,mixed_high_risk,0.6089099645614624,1024,1024,1a5f4e0780a7a2a11a58cbc7a97e7db9d3ba18580e492a6b251c69dad8b4d093,0a1902ccfd4411071bb5cf5795f1d5c3ade41e865fd764cef8b2463e7c7be430,4290b30b5a4f2ecfdb3a21e2cbe48e8acd2163cba2aa8e747271f45f45afa3af,0.3420002269999713,1,658,658,False,0.1126829013228416,0.147381392483056,0.2072153561147012
clahe_dwt_L1,00025787_027.png,25787,mixed_high_risk,0.6964879035949707,1024,1024,1a5f4e0780a7a2a11a58cbc7a97e7db9d3ba18580e492a6b251c69dad8b4d093,934acbf2835c230367e9503e81d1dbc53491002175f055bd6fb8683def46a2a3,da3c3d839e2cd0c4dc25a4085c782d00e208ea54dcbbfe82beec264bc91d7ea3,0.3832892159998664,0,658,658,False,0.1243719309568405,0.1102107361083766,0.0
clahe_dwt_L1,00026098_003.png,26098,mixed_high_risk,0.7118425965309143,1024,1024,1a5f4e0780a7a2a11a58cbc7a97e7db9d3ba18580e492a6b251c69dad8b4d093,325c68e5d90cca785702e0e107169c4d93fb21f275b660c662f73a0b79a53cd4,cedc030473bad4094bd0d1cb5f214bcce06928c80f492320c972a5d9e588776a,0.5777988550000828,0,511,365,False,0.0319420360028743,0.0001380045493913,0.0
clahe_dwt_L1,00026194_010.png,26194,mixed_high_risk,0.636777937412262,1024,1024,1a5f4e0780a7a2a11a58cbc7a97e7db9d3ba18580e492a6b251c69dad8b4d093,10dec3d7485ecfd805b151c2b31e89c968e43dec85cbee0c9dbf54a0c0d818a7,b8b70ed56d8e56cd68513071e03c5f67c6f1f69b3b8a4fbf1ddc2eb4ffdf3fc9,0.3503140190000522,0,658,658,False,0.0174858290702104,0.0,0.0
clahe_dwt_L1,00026538_012.png,26538,pure,0.5884858965873718,1024,1024,1a5f4e0780a7a2a11a58cbc7a97e7db9d3ba18580e492a6b251c69dad8b4d093,affd0ef5f28d04fc6fc46526afa715ddfbad73d4e754610ff6c150104e63381d,c28ffadaa930ea127f6c309e5911b93a327b715f3d748ee7597a52c974575cfe,0.3729587420000371,0,365,658,False,0.0642028748989105,0.0782599217642998,0.0556243251073243
clahe_dwt_L1,00026538_034.png,26538,mixed_high_risk,0.6956044435501099,1024,1024,1a5f4e0780a7a2a11a58cbc7a97e7db9d3ba18580e492a6b251c69dad8b4d093,637d1e84f908fd9383f5de9eb246d9edeca1e31f3c6f5c5b89bcf448b5b67ae1,204bbb3a7d559503cfe58be4476127c3099208f7c95b1172ece75498def49bb2,0.4488707099999374,1,658,512,False,0.1356353461742401,0.1906476608106391,0.1446638253457423
clahe_dwt_L1,00026865_003.png,26865,pure,0.5246155858039856,1024,1024,1a5f4e0780a7a2a11a58cbc7a97e7db9d3ba18580e492a6b251c69dad8b4d093,3e7a384c2e2ed9586b6c4f1cee366e2cb5b15193c1a3c2471a54d512ee3f3531,591d4b49fef5d378d2baf33ea305b6048665695eb4c9f959ef4435ce2cdb1086,0.5102430070000992,0,512,658,False,0.0598774030804634,0.0701775436825315,0.0422164980175301
clahe_dwt_L1,00026911_000.png,26911,mixed_high_risk,0.5490823984146118,1024,1024,1a5f4e0780a7a2a11a58cbc7a97e7db9d3ba18580e492a6b251c69dad8b4d093,f26a72888b7a23275cce05f05abbf7d1bf690da67f49362d901b4002749890c9,81521524e26f5d2c215c14a69b3295a79b6a01464f4e6624ac62b47c1c22fbf9,0.4387423019998095,0,658,658,False,0.118117019534111,0.1137200287028112,0.0425949774629748
clahe_dwt_L1,00027113_002.png,27113,mixed_low_risk,0.609429657459259,1024,1024,1a5f4e0780a7a2a11a58cbc7a97e7db9d3ba18580e492a6b251c69dad8b4d093,f78b1b6b0b5c1bfe8d7bd18a2b0ec081ccebcacec484f0f4ae084d9100737bad,a41fb45bedeba9f0d5bf22e76c25e0e6cb44d25a260f9dddaa1bea858cb7216d,0.5098558180000055,0,511,511,False,0.0515999495983123,0.0099631837162757,0.0
clahe_dwt_L1,00027357_014.png,27357,mixed_high_risk,0.6123529076576233,1024,1024,1a5f4e0780a7a2a11a58cbc7a97e7db9d3ba18580e492a6b251c69dad8b4d093,7e9cce1becebf9972479df2b3da118ea7d4057f65b5c354febddffd63ae43ca1,3160a96ea41dbba0d0cd1a868090bd2877c71e2ba0464c2c705232ed61dfb6f9,0.4610283710001113,0,804,511,False,0.1182328015565872,0.1469581707609477,0.311056497712121
clahe_dwt_L1,00027441_002.png,27441,mixed_high_risk,0.6559286117553711,1024,1024,1a5f4e0780a7a2a11a58cbc7a97e7db9d3ba18580e492a6b251c69dad8b4d093,42f8564addea4d8fe58f9d581b58b35a7f4475f67cb263c9dc46b8864b41a0f7,34ef0b3b9325e21cb9a0282949e412ba5a87877689b929226c1c13a4fa2dd060,0.5014320959999168,0,658,365,False,0.1044715195894241,0.1513924889630603,0.0
clahe_dwt_L1,00027479_013.png,27479,mixed_high_risk,0.6159610152244568,1024,1024,1a5f4e0780a7a2a11a58cbc7a97e7db9d3ba18580e492a6b251c69dad8b4d093,094b2337fdb7bafb229a4481d477fd132c14f1a83202f0b65954cde65d1eb2bd,1b6b90832a96584913dc0231fad3677893ccf841d66b052e90cb1a9883db55d9,0.505300785999907,1,365,512,False,0.4783084392547607,0.3572933710149238,0.1653041602653453
clahe_dwt_L1,00027927_008.png,27927,mixed_low_risk,0.6135684847831726,1024,1024,1a5f4e0780a7a2a11a58cbc7a97e7db9d3ba18580e492a6b251c69dad8b4d093,5295b3e149af8ee7a80b41f776495e93bb54c38decdc5f62ddf6401ac202b69d,a7287deb14381f7288bf4f0f71bec2369b1c4f7d6f616c43e78d08e71230db19,0.4839697350000733,0,658,804,False,0.0218483749777078,2.420467472951276e-05,0.0
clahe_dwt_L1,00028208_005.png,28208,mixed_low_risk,0.6012164354324341,1024,1024,1a5f4e0780a7a2a11a58cbc7a97e7db9d3ba18580e492a6b251c69dad8b4d093,b7eecd204729f7357af596e51129d20da644ceb2422aafb20f052631a8b3d22a,07a3f1638573ed03b324ce1dbc43b8169747a6290cbea72eef820294432cc219,0.4743977339999219,0,804,951,False,0.3214479088783264,0.1943580587566953,0.0639839342486142
clahe_dwt_L1,00028285_014.png,28285,mixed_high_risk,0.7237342000007629,1024,1024,1a5f4e0780a7a2a11a58cbc7a97e7db9d3ba18580e492a6b251c69dad8b4d093,9186c8c3fc83d50963dcc5e26c4eddf28c6b0b5551a9189a3dc925449fa8f9ca,9302057114ffd2881027fbb31e83512f560b2299a2f3446680b05031614cd4ee,0.3480648990000645,0,365,511,False,0.1183775290846824,0.0794675917915354,0.0308579132731675
clahe_dwt_L1,00028383_002.png,28383,mixed_high_risk,0.6649169325828552,1024,1024,1a5f4e0780a7a2a11a58cbc7a97e7db9d3ba18580e492a6b251c69dad8b4d093,9b161247a37ef56f1863937d8d718ad7968b6589e3bcdb6bb8162a64896c91fb,7f127fbc14f8729326e8c51a48016b3fedef01e1e31a4a778375574f2f3e9804,0.4161980689998472,0,658,365,False,0.2229707837104797,0.2076620763377979,0.0898364401324847
clahe_dwt_L1,00028518_012.png,28518,mixed_high_risk,0.7532212734222412,1024,1024,1a5f4e0780a7a2a11a58cbc7a97e7db9d3ba18580e492a6b251c69dad8b4d093,3da76a27d8cfd3e0d41a174ce4c07079c3c636743c16c3eaa9aa892ee039e5fc,e1623ce8986aa12c8bbd4010a77e6a4b48fe89ff5f6d07c69a7aa393db15b2f9,0.3324549680000928,1,219,511,False,0.3818846046924591,0.259042309036624,0.0585982648207031
clahe_dwt_L1,00028640_003.png,28640,mixed_high_risk,0.713213324546814,1024,1024,1a5f4e0780a7a2a11a58cbc7a97e7db9d3ba18580e492a6b251c69dad8b4d093,5cc198ca2cf2a8891e494f400e92d942e08856724ff1d1ca424e367198862c51,101ec91e2a49659ee8f947da5cc16075466d7f20ac7424c84757e8ae40cc7d64,0.3393866409999191,0,804,512,False,0.0883036702871322,0.2229151493080844,0.1273744008521214
clahe_dwt_L1,00028640_008.png,28640,mixed_high_risk,0.6664770245552063,1024,1024,1a5f4e0780a7a2a11a58cbc7a97e7db9d3ba18580e492a6b251c69dad8b4d093,a223cf1d78abbed7e7892dab630506a3bc8754ae884f3d3aa68f685b12451fe7,6f21043ee72efdd450425007298cf583e7fc2824735cbc0afdb39bcb719b0d79,0.3559967979999783,0,658,365,False,0.0114557724446058,0.0,0.0
clahe_dwt_L1,00029039_020.png,29039,mixed_low_risk,0.5246350169181824,1024,1024,1a5f4e0780a7a2a11a58cbc7a97e7db9d3ba18580e492a6b251c69dad8b4d093,13d857a11ac65c45366699007a77edad18446f6e9796555661ee7810e130e58d,b8d780f54b8393cae4313579306451d3e51dffae42900b11c871b7a69e05680e,0.3537942719999591,1,804,658,False,0.2822448015213012,0.1205087616891211,0.0569134202736599
clahe_dwt_L1,00029404_004.png,29404,mixed_high_risk,0.6585381031036377,1024,1024,1a5f4e0780a7a2a11a58cbc7a97e7db9d3ba18580e492a6b251c69dad8b4d093,c90cadac94f11ab8047c3794bc6450fde98b72a1351666b65955fd4e16e6075f,47cf0a0a8ca6b69aa96a60f47949f05b0e88549a6afc596339cdee792b6435ab,0.335503701999869,0,511,512,False,0.148573949933052,0.2473534598332248,0.1218227556207745
clahe_dwt_L1,00029431_000.png,29431,mixed_low_risk,0.5030267238616943,1024,1024,1a5f4e0780a7a2a11a58cbc7a97e7db9d3ba18580e492a6b251c69dad8b4d093,a1f3ba325aaa8edeede133844becce39cf855caa7cf47baa12da4bc21881d237,31fe48335375bf5d2b0dad80e076bb36f94f0250f9a1878e5662710455513552,0.3705581050001001,0,657,365,False,0.116180308163166,0.0984157116815865,0.0901277973101177
clahe_dwt_L1,00029532_014.png,29532,mixed_low_risk,0.5241206288337708,1024,1024,1a5f4e0780a7a2a11a58cbc7a97e7db9d3ba18580e492a6b251c69dad8b4d093,ffff029a513e14e98327d2bdfbed1fde0edd00960226529f696bd1f1cfbb5dcd,3308baff97d9844f8fe20ad0a4d77ec74e273c96627f5653b374dd7dd9379ad7,0.3625994930000615,0,951,219,False,0.1314292550086975,0.1665384692560314,0.1063003023463782
clahe_dwt_L1,00029617_006.png,29617,mixed_high_risk,0.6410247683525085,1024,1024,1a5f4e0780a7a2a11a58cbc7a97e7db9d3ba18580e492a6b251c69dad8b4d093,24921743150e1d6fb7b252ca0a3ad1bb74cd104326f96e66185282aaeac7a6cd,58fc2cf9174640a2bf04a0b0ea24c111a64e2858586653776b6829c5a2a5fa58,0.3139662700000372,0,512,511,False,0.0654447078704834,0.0697507827754734,0.022199867005405
clahe_dwt_L1,00029861_013.png,29861,mixed_low_risk,0.6364004611968994,1024,1024,1a5f4e0780a7a2a11a58cbc7a97e7db9d3ba18580e492a6b251c69dad8b4d093,26b9a57b4c021ee750479a404479e8b124c559229dc29bf06ac05970f2b49742,0d2b5178cdd70b755e5c7e6a2c0a2b1b75c847425853551eacbff71ea5b30074,0.3610675459999584,1,512,512,False,0.5316097140312195,0.3857453472419951,0.1755117103245551
clahe_dwt_L1,00030323_028.png,30323,pure,0.682660698890686,1024,1024,1a5f4e0780a7a2a11a58cbc7a97e7db9d3ba18580e492a6b251c69dad8b4d093,897afed622eb1dc50d95a0869aa24f7db18129a660c46513dd65e52ff596784f,b169d330c06d01df4705590f377f2f6af8c57daac475c7b1481c6417b44a368c,0.338675184000067,0,658,366,False,0.1757153272628784,0.1264492803812109,0.0991123512865572
clahe_dwt_L1,00030408_013.png,30408,mixed_high_risk,0.712011992931366,1024,1024,1a5f4e0780a7a2a11a58cbc7a97e7db9d3ba18580e492a6b251c69dad8b4d093,6602272cc70c8df9f16a1efcdc89136ac967d8dee8c8c4379ad9e99d0a52cea7,bbbd42bdafb5bf18bf1f48f6532a26db3405c382566c65847e081365bc7fed26,0.7348114829999304,0,658,511,False,0.0125729376450181,0.0,0.0
clahe_dwt_L1,00030573_002.png,30573,mixed_low_risk,0.6167443990707397,1024,1024,1a5f4e0780a7a2a11a58cbc7a97e7db9d3ba18580e492a6b251c69dad8b4d093,f30854c971e9a34d7c88518726aa294e4739f8260ad3dadff9ff27a4b5c9021f,42bdb17ab53469f5f7a3c440870d3bab3d34ba2dc7db50288b6c0d8aa45561c1,0.3230870170000344,1,658,365,False,0.1374635100364685,0.1501615613286803,0.2856001411242204
clahe_dwt_L1,00030636_004.png,30636,mixed_high_risk,0.6846132278442383,1024,1024,1a5f4e0780a7a2a11a58cbc7a97e7db9d3ba18580e492a6b251c69dad8b4d093,40598cfecfbe64090ae74112c8332e4f11a4f4cab1f998a6f4c1a89e4162add6,583b839fc07336dc2691d78125e99c2316124980eb44335c907948c6d1ebd54c,0.3716986919998817,0,365,511,False,0.0704891458153724,0.130877839165132,0.0177533354900057
clahe_dwt_L2,00000032_037.png,32,mixed_low_risk,0.5196448564529419,1024,1024,7b107c75abfc573dcfaed72f819f7c9be3ae43e42fca2c5c5b4c3314291d2e42,ff38d9dcbfa70a910fba2f31297d4d78f4f4d3d5506cb5f0215d9c19015ce981,4142d86530ea7d6309a138d96cec53e00929622657409961eb6899038a1992fd,0.3112125029999788,0,951,219,False,0.0036632288247346,0.0,0.0
clahe_dwt_L2,00000211_016.png,211,mixed_low_risk,0.720467746257782,1024,1024,7b107c75abfc573dcfaed72f819f7c9be3ae43e42fca2c5c5b4c3314291d2e42,df04002a27d6ffd322fb4576b7211f674b1ff2c69c483f2e04e101da9cea67a7,b98ff48a807868a8fa8f47ea3a2b81a1019519433d0162faea8d7dccd5ea4862,0.3500512030000209,0,804,219,False,0.0689532309770584,0.036183185722551,0.0
clahe_dwt_L2,00000468_041.png,468,pure,0.6507338881492615,1024,1024,7b107c75abfc573dcfaed72f819f7c9be3ae43e42fca2c5c5b4c3314291d2e42,e3063c9ea5e64bff11dd104968bec461e8b8803092c7c3b5e662c327db746549,bab22d36ddcd4ce8dc7bc69f7686aa7b6bc3957dc95b59c04119308c15f4626d,0.3227052130000629,0,512,365,False,0.013710212893784,0.0196494954859267,0.0
clahe_dwt_L2,00001039_005.png,1039,mixed_low_risk,0.5174522399902344,1024,1024,7b107c75abfc573dcfaed72f819f7c9be3ae43e42fca2c5c5b4c3314291d2e42,48c4639322679d9a8451856757219d2e07e58758746e56797c0a390c94b7d3ce,423c956d21ccead8357713de70feff21aed0fbebba2bf5fa451781c097e0f003,0.3199013630000991,0,804,512,False,0.1142906248569488,0.1111128058080654,0.0966790630912768
clahe_dwt_L2,00001900_026.png,1900,mixed_high_risk,0.6149914860725403,1024,1024,7b107c75abfc573dcfaed72f819f7c9be3ae43e42fca2c5c5b4c3314291d2e42,161b5960ebff1e9eeb59cfe75121b2c7a3e76dd796309c026a140f0f555a84b4,49515a62fc4ff70e46288405f88e4492eb69dc375430d31e8f1adfd5decfe0db,0.3352012159998594,0,951,365,False,0.1643740087747573,0.2409146830703396,0.0
clahe_dwt_L2,00002224_007.png,2224,pure,0.6243669390678406,1024,1024,7b107c75abfc573dcfaed72f819f7c9be3ae43e42fca2c5c5b4c3314291d2e42,eba771f840456efba5581f12f640f5cea1aaa78c394fdbe9cfbe73abd8dd27c3,6ae55f196932efac0b68c2ca88c772966ba3a8fd5bb55c3208b1237b4d67d1e2,0.3057981150000159,0,804,365,False,0.0005563317099586,0.0,0.0
clahe_dwt_L2,00003149_007.png,3149,mixed_high_risk,0.8082476258277893,1024,1024,7b107c75abfc573dcfaed72f819f7c9be3ae43e42fca2c5c5b4c3314291d2e42,7ecddd79b9c94f5409b979db6a962e4dbff14adb0f6fabc16a4e790eb8de6f9e,16ab8fda0481c70b19791c190b085f4687cd1e74507b73ad8f4a84145f653fa8,0.3340183669999987,0,512,365,False,0.1796316057443618,0.274312906929668,0.0748690996417463
clahe_dwt_L2,00003333_002.png,3333,mixed_low_risk,0.7305785417556763,1024,1024,7b107c75abfc573dcfaed72f819f7c9be3ae43e42fca2c5c5b4c3314291d2e42,35944751041509de04960663c2feb5d1652a05a144bfc777de2a153ff3720254,f344bc9c6f28c4bfa6c2d30c2f8fda1cf8a186dfb4e35348ca1493b070517523,0.3267356629999085,0,511,658,False,0.1397258192300796,0.0970249333583754,0.0706305687192482
clahe_dwt_L2,00003973_008.png,3973,mixed_low_risk,0.5815129280090332,1024,1024,7b107c75abfc573dcfaed72f819f7c9be3ae43e42fca2c5c5b4c3314291d2e42,901d51adfec234f06e4c1f0ad63a741964bcbb0cc5085c2641aee60729a55a35,6324a8b750d719ff5220319b72ef4d74f439ab17c767a11d654e713e43d79c2a,0.3254417210000611,0,512,219,False,0.0473510511219501,0.0,0.0
clahe_dwt_L2,00005066_030.png,5066,mixed_high_risk,0.6113776564598083,1024,1024,7b107c75abfc573dcfaed72f819f7c9be3ae43e42fca2c5c5b4c3314291d2e42,33f0c226f04b45948e9ac7cdb044c13f662587056165529bc634700676906043,53a8d4566cd70c91bf09123b602e45ea04a57f14653de4210f5aa579cc8a43cd,0.3441776549998394,1,658,511,False,0.1822861135005951,0.2560592633381228,0.2179806584692866
clahe_dwt_L2,00006096_010.png,6096,mixed_high_risk,0.4996519088745117,1024,1024,7b107c75abfc573dcfaed72f819f7c9be3ae43e42fca2c5c5b4c3314291d2e42,000e7eeeaeabd0a3a2662fe0d0020e1c2c91647ff7cf098e8b134557d2e3fde9,ae92c0a74c6e96afa4e77afdce797422b399abb5b6b246ecdbe42c445abdc643,0.3126602459999503,0,511,512,False,0.0844547748565673,0.0903185999551267,0.04297466611593
clahe_dwt_L2,00006304_060.png,6304,mixed_high_risk,0.677820086479187,1024,1024,7b107c75abfc573dcfaed72f819f7c9be3ae43e42fca2c5c5b4c3314291d2e42,460f1f60144032c99141f3ff91d183ff4dd5250faebda394ef59078a789dfd92,9893f0536664ca0a6163d33f2f4c6eddf4de0a65202c8527f4248666b404cc97,0.5465242679999847,0,804,658,False,0.1092938482761383,0.1444350535816822,0.2263953164999251
clahe_dwt_L2,00006836_002.png,6836,mixed_high_risk,0.6547388434410095,1024,1024,7b107c75abfc573dcfaed72f819f7c9be3ae43e42fca2c5c5b4c3314291d2e42,9911f428768714b5f92a57660c5be0648c38b0b5f3c03fffdb530e13f64499bc,2b4164e01b0843c106a886cebf25d7181eb696553a1dc9904cc2b9b986892926,0.3616018759998951,1,366,511,False,0.3246436715126037,0.3583617608340363,0.5295453359085451
clahe_dwt_L2,00007124_006.png,7124,mixed_high_risk,0.6747296452522278,1024,1024,7b107c75abfc573dcfaed72f819f7c9be3ae43e42fca2c5c5b4c3314291d2e42,702aa3f1778d8f6544f1e192dbc0f0ba9648e950a7a5021a9afaed3f36b1d127,144d034b91cea96cd85e0240cd2c48c7a62543533c318691af72a2e76354e395,0.318326210999885,1,658,511,False,0.5089167356491089,0.6120819757683466,0.3776276404686564
clahe_dwt_L2,00008814_010.png,8814,mixed_high_risk,0.6455041170120239,1024,1024,7b107c75abfc573dcfaed72f819f7c9be3ae43e42fca2c5c5b4c3314291d2e42,ba771720841ab9bf2e6508487fb622527999de7989ff3f1657662c6bbc2474b0,c99f324499265fa51b5bd595ab774a9dcd18046baf54aeff897f362c1a876d0c,0.3295739489999505,0,511,365,False,0.2058415710926056,0.2358065386849014,0.2007595599790466
clahe_dwt_L2,00009431_004.png,9431,mixed_high_risk,0.4502322673797607,1024,1024,7b107c75abfc573dcfaed72f819f7c9be3ae43e42fca2c5c5b4c3314291d2e42,a54ac2e3f347a85d6dd82b9594943f0634d01852d1dc376960eaaf71eddc6c37,314399776deba617537610576ae9a12325de2647a7d2b50178079cb54d7ce08b,0.3172584789999746,0,951,658,False,0.1067598611116409,0.0204140979411422,0.0
clahe_dwt_L2,00010092_018.png,10092,mixed_high_risk,0.6540565490722656,1024,1024,7b107c75abfc573dcfaed72f819f7c9be3ae43e42fca2c5c5b4c3314291d2e42,6c7c089ef2bf5b4059710e60d4427fdeff54f88e9575ea236e0dcea370cbcfc4,fbaa6721c9e71cd124e28c7fd8f4585afc83926da041077f205f3750fb92f7c8,0.3504473170000892,0,512,365,False,0.0792503580451011,0.1124844129970522,0.1869411861209088
clahe_dwt_L2,00010120_010.png,10120,mixed_low_risk,0.1576278805732727,1024,1024,7b107c75abfc573dcfaed72f819f7c9be3ae43e42fca2c5c5b4c3314291d2e42,a2c8ba3f7957bf9358a13b687748a4aa0b0ade3b45f23016ab080d21cf9c5f8d,b82bfdcd79b2f606525ae7bbaef49b92416a7b10aec3ce96ca2e48f95361ac03,0.2195084009999846,0,804,219,False,0.0497350245714187,0.0079111657554849,0.001229541701411
clahe_dwt_L2,00010230_001.png,10230,pure,0.3786157965660095,1024,1024,7b107c75abfc573dcfaed72f819f7c9be3ae43e42fca2c5c5b4c3314291d2e42,7631bc58f36fd6c027b803db914cdb7ee012b6caeb6a48d0726b80ce08a4e456,a115411d20c852c7ff5927b194257c790447a32f87734b6b708c2b9d837e752d,0.2659245550000833,0,658,512,False,0.0498964339494705,0.0442449536166608,0.0155392216664633
clahe_dwt_L2,00010277_000.png,10277,mixed_high_risk,0.3540033102035522,1024,1024,7b107c75abfc573dcfaed72f819f7c9be3ae43e42fca2c5c5b4c3314291d2e42,4fb1e322b129742d5391f2faa6098fd371b42b5412dc16f48764792368ec02a7,20b0e8632f58b36a07520e39aa41a34514413c3db570bf14a357e735bb5f146a,0.3075263630000791,0,219,804,False,0.0,0.0,0.0
clahe_dwt_L2,00010805_049.png,10805,pure,0.8429067730903625,1024,1024,7b107c75abfc573dcfaed72f819f7c9be3ae43e42fca2c5c5b4c3314291d2e42,fcec7b0fe6371b76df9d8b655de030bee7a4b4fc2c64a5b9e9c5e736e333f204,c561cb37708d37219327566ac6051a996840d781a2dfbff9bebfe543e7e56d91,0.4219449810000242,1,512,658,False,0.445471316576004,0.5752546322850192,0.5753790563786934
clahe_dwt_L2,00010828_039.png,10828,mixed_high_risk,0.7676117420196533,1024,1024,7b107c75abfc573dcfaed72f819f7c9be3ae43e42fca2c5c5b4c3314291d2e42,4a9fad62bdc3778e341c81a63d31d6dc6a62f3c28146e2dc7c6b9162e900c653,a59e7219bf07228952b8693651cccd991fd0742d836de0efd6a21b57744422d7,0.4517120649998105,0,511,366,False,0.0209072288125753,0.0,0.0
clahe_dwt_L2,00011023_004.png,11023,mixed_low_risk,0.717596709728241,1024,1024,7b107c75abfc573dcfaed72f819f7c9be3ae43e42fca2c5c5b4c3314291d2e42,90115974c201340d3e3089d253ced2e3079dd0b4547c56349aa8a1755d147fde,9ede275093989807583a1224a071878c13a10a930c8cabe31445eb1db3981395,0.4671981960000266,0,658,657,False,0.1099395006895065,0.1500835344347503,0.1385035406535278
clahe_dwt_L2,00011124_000.png,11124,pure,0.6012473702430725,1024,1024,7b107c75abfc573dcfaed72f819f7c9be3ae43e42fca2c5c5b4c3314291d2e42,e20e9beaf4c11511b1dc98e559af1bbd0416aeaa854fe6d86d9077e584c95007,ca5c123e645f363fb89a276269660c7b90e87f23a1aaa1ad6070e538d9a38cb7,0.4875996759999452,0,512,804,False,0.0007729160133749,0.0,0.0
clahe_dwt_L2,00011237_094.png,11237,mixed_high_risk,0.8069821000099182,1024,1024,7b107c75abfc573dcfaed72f819f7c9be3ae43e42fca2c5c5b4c3314291d2e42,aca74013186fc46e2d4d3fd246da4c47c740233a3e5144fa62c2b1579f89cc78,6f78b604c67d3b738a1b78e0089ccec23f0e2299dbd88ac3214b411863eae78c,0.4647051760000522,1,658,365,False,0.2476302832365036,0.2867371856652101,0.45126881101042
clahe_dwt_L2,00011269_018.png,11269,mixed_high_risk,0.4718656241893768,1024,1024,7b107c75abfc573dcfaed72f819f7c9be3ae43e42fca2c5c5b4c3314291d2e42,bad14e15ebbe4b0dcf17d24f1835794f305c72ecd8a4e35ac70b84ba1bf454b0,a72c58a5c7b2892cbc582fdd65062e60a768ab7f4e25e31e99e8d86f3098089e,0.4906424240000433,0,365,657,False,0.0677850469946861,0.0434235539060378,0.0
clahe_dwt_L2,00011366_002.png,11366,mixed_low_risk,0.4528660476207733,1024,1024,7b107c75abfc573dcfaed72f819f7c9be3ae43e42fca2c5c5b4c3314291d2e42,001be15c96792a195666663ed6300693faee3e2fc44b1b64f63e7dfed505834c,08ac715ed3fb335266ec5bc1d7a5f1649c88014f59b9f13ef34f8bb9fb6db413,0.4247450129998924,1,658,804,False,0.6047019958496094,0.2339407092784054,0.1425203387016437
clahe_dwt_L2,00011925_072.png,11925,mixed_high_risk,0.6487864851951599,1024,1024,7b107c75abfc573dcfaed72f819f7c9be3ae43e42fca2c5c5b4c3314291d2e42,984bd4acdd3a5015ad6b994e57eeacbf6cdff88c50b9c306b4438ec016d00c54,ffb76f4582fd33510bc43aafe1c1feeb3f2bc89715d98a150499bcf7f319f243,0.4533328170000459,0,804,365,False,0.0214201472699642,0.0,0.0
clahe_dwt_L2,00012021_054.png,12021,mixed_low_risk,0.6802516579627991,1024,1024,7b107c75abfc573dcfaed72f819f7c9be3ae43e42fca2c5c5b4c3314291d2e42,b738b996c46eb7566914ee46dbcaa016ae9c95a636b820061b7c14973e171a95,f812e364259351ac2af75e05f13a7ac19d77ddfa7e50ca5ee3657b29f737a6b1,0.517052066000133,0,512,512,False,0.1907362937927246,0.1907646184529783,0.2391747913652792
clahe_dwt_L2,00012021_081.png,12021,mixed_low_risk,0.7473994493484497,1024,1024,7b107c75abfc573dcfaed72f819f7c9be3ae43e42fca2c5c5b4c3314291d2e42,13fb403f23f5cabdba4b04976a8b583d568e20441a547874e113de88e0fa7573,9fc26266de4c10626e604c25350cfe1c66385f243f8d14862ab004056e95e393,0.3136730609999176,0,512,365,False,0.0186897385865449,0.0095856772926154,0.0004989722660788
clahe_dwt_L2,00012364_045.png,12364,pure,0.4966546297073364,1024,1024,7b107c75abfc573dcfaed72f819f7c9be3ae43e42fca2c5c5b4c3314291d2e42,6c8905a1cce2570e55427655d020cf78c7ca099d50ec1828d2131fa99e960e27,fd849726279ffecd25cb80d7d0edb4745052b7db6f8368f5bdfc6f099c115f2f,0.3067715770000632,0,511,511,False,0.0961335822939872,0.0660693523014841,0.0256272807867554
clahe_dwt_L2,00012376_010.png,12376,mixed_high_risk,0.6306380033493042,1024,1024,7b107c75abfc573dcfaed72f819f7c9be3ae43e42fca2c5c5b4c3314291d2e42,be7ffbea6637585bf298201582cf3831c64f8d2535a50694d96a003d24ce6a2c,d62f0c19e8f71fe3cdeeb9fb02de85dc1e3b89bcf2ed7699f0e8e5e020332792,0.3633357989999695,0,512,512,False,0.1342763453722,0.1786117452274038,0.0913407496414589
clahe_dwt_L2,00012505_007.png,12505,mixed_high_risk,0.5932378768920898,1024,1024,7b107c75abfc573dcfaed72f819f7c9be3ae43e42fca2c5c5b4c3314291d2e42,419d47c44565c2b3082e67e4c9c59d60ca1918e3b30639e7190f758c6a2a7224,084fd84b2eef8330813a2f073d879246812c71d398590a39686995534fc2c715,0.3317504509998343,0,804,511,False,0.0422132797539234,0.0088070715331974,0.0
clahe_dwt_L2,00013106_000.png,13106,mixed_low_risk,0.4238059818744659,1024,1024,7b107c75abfc573dcfaed72f819f7c9be3ae43e42fca2c5c5b4c3314291d2e42,3aa88ba1b70a7045447ba27ddf8d93aa99ca654153d9276b881bb05056dd3318,8499edd6437b4d1b5d4e6e66ad68caf4f4b694d8fc0b4612034409802db33e9f,0.3159095369999249,1,658,804,False,0.1734834909439087,0.1390233217368895,0.1182029008293699
clahe_dwt_L2,00013310_057.png,13310,mixed_low_risk,0.736112654209137,1024,1024,7b107c75abfc573dcfaed72f819f7c9be3ae43e42fca2c5c5b4c3314291d2e42,6fb1308b57c22344e892ac935dbca24007f49a011b2ff7d9e70a8f2f8c141207,7665ee86d68da944f6ff35515519ea3c9c6a9c7a2213b251afe21514050ac761,0.354593406000049,1,512,512,False,0.8143365979194641,0.399846934611966,0.199734357287186
clahe_dwt_L2,00013391_005.png,13391,mixed_low_risk,0.4056099653244018,1024,1024,7b107c75abfc573dcfaed72f819f7c9be3ae43e42fca2c5c5b4c3314291d2e42,43a79e461f2d907829c9a22cbbbeff5c26a1f9e1f8120ee234e23143f097b80a,22c2f7feeab79df0f6336d6466a51f4258f361866b9353b1bc532ffdcd2480de,0.5543445230000543,1,366,512,False,0.2484739869832992,0.256493465336494,0.2060202792135066
clahe_dwt_L2,00013471_029.png,13471,mixed_high_risk,0.60516357421875,1024,1024,7b107c75abfc573dcfaed72f819f7c9be3ae43e42fca2c5c5b4c3314291d2e42,96f86edbeff24199de36ac6266da1c7ff4dfc96a25f70d0d1d1efa3be7cd29f1,0173c50954b58038baa2d96ab0801abc3d46d868dd58708f7186dc0aaaea4b15,0.3890156130000832,1,658,365,False,0.2673243284225464,0.2773030944324359,0.3368359339767295
clahe_dwt_L2,00013670_151.png,13670,mixed_low_risk,0.6332438588142395,1024,1024,7b107c75abfc573dcfaed72f819f7c9be3ae43e42fca2c5c5b4c3314291d2e42,592175a49a0dd687f7e131d58271741a32477b1445549011a649b39c0d4ab249,0e656a0069351d576c9b24a23fdf32c8e785dcc43bf8ca3f285ffe4d329119cb,0.3284201249998659,1,804,365,False,0.598362922668457,0.2637124778041544,0.1424664028737623
clahe_dwt_L2,00013922_021.png,13922,pure,0.6066393852233887,1024,1024,7b107c75abfc573dcfaed72f819f7c9be3ae43e42fca2c5c5b4c3314291d2e42,fcdbfc7f7eae8d262f2573bfecc5fa144c81c0eff9f8eae2c90401ce38bb1c13,e5117c77af711d135f686e16e67445cc943c4793ebcb4e9cdb8aa63afcb13d39,0.3444374929999867,0,658,511,False,0.1449709385633468,0.1778992135267779,0.0377081334431491
clahe_dwt_L2,00013922_022.png,13922,pure,0.7274724245071411,1024,1024,7b107c75abfc573dcfaed72f819f7c9be3ae43e42fca2c5c5b4c3314291d2e42,8c602fc68f003a46cc5d05178dee124390050398c887438de32901f23c89586b,a068e1e84e51198a564243c41d34b6e293f186ed0d53144a6d984388c1eb9bca,0.3535762559999966,0,657,365,False,0.1733986735343933,0.2024609079901894,0.1376319202304866
clahe_dwt_L2,00013993_083.png,13993,mixed_high_risk,0.6352167129516602,1024,1024,7b107c75abfc573dcfaed72f819f7c9be3ae43e42fca2c5c5b4c3314291d2e42,9da620b31fabdb17a16554ea2f8715259d7ed2dcabb90d9c53a8a7939aef23ff,cd90459b716af955cf3f39dcf6f55fe0355ffc9a722e3703cc38830d22104988,0.3162469540000074,1,658,511,False,0.232069581747055,0.3918130943529135,0.3583833995225326
clahe_dwt_L2,00014203_018.png,14203,mixed_high_risk,0.4708282649517059,1024,1024,7b107c75abfc573dcfaed72f819f7c9be3ae43e42fca2c5c5b4c3314291d2e42,72abbfd64c6a4e265774bc4c4f0f14ad92f1351285e2183e975a9bd80f734516,dc0662bb9033d64d8c9818257f625126369e1000cc8adf9439e6624ad1b4454c,0.2724464529999295,0,804,219,False,0.0372348353266716,0.030491656780118,0.0
clahe_dwt_L2,00014251_029.png,14251,pure,0.559201180934906,1024,1024,7b107c75abfc573dcfaed72f819f7c9be3ae43e42fca2c5c5b4c3314291d2e42,6ca502b19b7294bd4e7a2f0a4b12fea01ed1734456774784038b237b3254e2b2,678fb23ce4ee6e905593c18cfd9a410934ad43731990e59a9478c4f7438cdf83,0.3991511439999158,1,512,365,False,0.7764729857444763,0.4102882163283549,0.2128117831703489
clahe_dwt_L2,00014617_003.png,14617,pure,0.229077473282814,1024,1024,7b107c75abfc573dcfaed72f819f7c9be3ae43e42fca2c5c5b4c3314291d2e42,0a58eca5d689388c303ea2e951581a2fadb42f9b6ffd3ca3d8463f2f5174fe72,651fb447ab266c9d717d7e02aa4a65d1e40168d1dece56a8b941699a95f5ebab,0.286164570999972,0,658,365,False,0.0005883675185032,0.0,0.0
clahe_dwt_L2,00014738_000.png,14738,mixed_high_risk,0.5897449254989624,1024,1024,7b107c75abfc573dcfaed72f819f7c9be3ae43e42fca2c5c5b4c3314291d2e42,8090f53df43916e1fff30f529759da2907ccd11380604b79a22d74f5ce80d551,ca171ef6d2be65ea683013fdde758212d20542d4e5a0c670bba1e6844dc2aee5,0.3567612760000429,0,512,657,False,0.0973407700657844,0.0862242915587829,0.0465515486950789
clahe_dwt_L2,00015069_001.png,15069,mixed_low_risk,0.4639273881912231,1024,1024,7b107c75abfc573dcfaed72f819f7c9be3ae43e42fca2c5c5b4c3314291d2e42,4960c1c3c72953f32b41b0048206a27f603e372643da12d297bf7603971f4600,b0df7d5d05eb3b2838fb703f00c90fa692e2aa4f96e7438a31eb2b9d074f7a8e,0.3038176090001343,0,658,804,False,0.2697747647762298,0.1004473231015845,0.0686449022875321
clahe_dwt_L2,00015732_020.png,15732,mixed_low_risk,0.7619078159332275,1024,1024,7b107c75abfc573dcfaed72f819f7c9be3ae43e42fca2c5c5b4c3314291d2e42,7376120568ff46014949d609e74f7153d26eaaecb6b6720d892ae03f5cc2eb8d,6f30dbb0646694cbf91c95ff1415bf8436704beaa9d2405e51a27f2f7fb23d11,0.3419448189999912,0,219,365,False,0.0792497470974922,0.1039076433529645,0.0914201605477817
clahe_dwt_L2,00015831_011.png,15831,mixed_high_risk,0.2505601048469543,1024,1024,7b107c75abfc573dcfaed72f819f7c9be3ae43e42fca2c5c5b4c3314291d2e42,c990c0890c763eaa8e09d75c5cde8b6bc307c744986c5c4d2a6ac62f0006f79a,27c4df7798806a9eb4642470e2aac98594f5c341ae130b1a212bc97362d4c514,0.2854245040000478,0,219,511,False,0.0576097480952739,0.0043891733723482,0.0
clahe_dwt_L2,00016094_007.png,16094,mixed_low_risk,0.1210616156458854,1024,1024,7b107c75abfc573dcfaed72f819f7c9be3ae43e42fca2c5c5b4c3314291d2e42,1cc848f6229e3607c651d6c4f8252bc4ddbe2ae6add992512d71c58ba2a4a828,1bac4a547d2f928ed6be26d80d4b2d9cce9cf2e2f461b50d50d6377a4b95cdee,0.289950048000037,0,804,219,False,0.0010608363663777,0.0,0.0
clahe_dwt_L2,00016191_004.png,16191,mixed_high_risk,0.3626037836074829,1024,1024,7b107c75abfc573dcfaed72f819f7c9be3ae43e42fca2c5c5b4c3314291d2e42,4ca2ec41ffb3fc09021bb66115fc0e2e6e2241a4c95d9b9bc7cc3eaa0b38a62e,51c80eb98ce2b39cea8e24fac9030f1c0b5a243190b38f333346a28b31ea1394,0.2945555320000039,0,951,512,False,0.0,0.0,0.0
clahe_dwt_L2,00016417_008.png,16417,mixed_high_risk,0.3303956687450409,1024,1024,7b107c75abfc573dcfaed72f819f7c9be3ae43e42fca2c5c5b4c3314291d2e42,b898a4f2b432485797933427f7b7b8ca0d00d66605bf9713adca99281f01922e,26df190d01a215c7f766aae9f47b0c4af62f3757998cfa6072046d28c9e73844,0.3134792810001272,0,219,951,False,0.0080450233072042,0.0,0.0
clahe_dwt_L2,00016705_006.png,16705,mixed_low_risk,0.5601474642753601,1024,1024,7b107c75abfc573dcfaed72f819f7c9be3ae43e42fca2c5c5b4c3314291d2e42,be141410bb049159a2cd296132e19cd05cd1129b4a762ed5ece847dabb83a698,8f6ea1d36da35cba555ed8e46fd1aecc789f4c9c3afd5d9b3fa886b900c55c71,0.3470750040000894,0,658,512,False,0.0669326707720756,0.087078834395733,0.0652498411243959
clahe_dwt_L2,00016732_040.png,16732,mixed_high_risk,0.7020933628082275,1024,1024,7b107c75abfc573dcfaed72f819f7c9be3ae43e42fca2c5c5b4c3314291d2e42,7fe4c367a0bf902a6b92f2c8d5d3da5cb44c45f8e4c7932538349ec98d67b32c,b95c95f3e6e943256fb29a2dc4b81c73cd5b5463c26a28ee4acf8a150923388e,0.3134374519997891,0,658,511,False,0.0090411584824323,0.0,0.0
clahe_dwt_L2,00016786_001.png,16786,mixed_low_risk,0.5248935222625732,1024,1024,7b107c75abfc573dcfaed72f819f7c9be3ae43e42fca2c5c5b4c3314291d2e42,8bede271ac89238073755dfa0910fe6e2db8f92ac6f347550f6e52209fccbe75,85a10d739fe993f3ac55d2bfc1ecfd3b71cd6a5070a0542a872f0bcdd36aa42b,0.3414918609998949,1,658,658,False,0.2842651307582855,0.2074402346919668,0.1511878131140011
clahe_dwt_L2,00016786_009.png,16786,mixed_low_risk,0.7115103006362915,1024,1024,7b107c75abfc573dcfaed72f819f7c9be3ae43e42fca2c5c5b4c3314291d2e42,460e3a99d3cff9a24428ffb6e670071052ebb0017fb3cdef424f1798ffe45dff,b7cff23f20cd68b5a3424efb7b7e38632cfb22af083612a2bee14904e8a7841c,0.3340916029999334,1,512,512,False,0.3259412348270416,0.4339235309212214,0.6981507370909629
clahe_dwt_L2,00017083_002.png,17083,mixed_high_risk,0.5797008872032166,1024,1024,7b107c75abfc573dcfaed72f819f7c9be3ae43e42fca2c5c5b4c3314291d2e42,b93466abce2b728c5733c1b666c756bb1f0cbbf7db5822389f3fb20683eafe8c,d3738f2f1ba83eae23028b15aa288519c7cbfb725e7fbe40248f9750776a2aec,0.3763223220000782,0,804,511,False,0.0999181941151619,0.119616895536184,0.1409772465135786
clahe_dwt_L2,00017138_037.png,17138,mixed_high_risk,0.7620424032211304,1024,1024,7b107c75abfc573dcfaed72f819f7c9be3ae43e42fca2c5c5b4c3314291d2e42,8b3c8da782951055e33c21ef076243331350d5ff5a25dc391b4c62721e92b905,21500e472f7952ac959ed01bd1123d21860a2acba5b12cd32aa0e5b560eb3b2a,0.5534288389999347,0,658,365,False,0.038794957101345,0.0173346083630357,0.0
clahe_dwt_L2,00017544_003.png,17544,mixed_low_risk,0.5360045433044434,1024,1024,7b107c75abfc573dcfaed72f819f7c9be3ae43e42fca2c5c5b4c3314291d2e42,ca434f1d427340598712efe562aa1b06dafb2045d1e6503150af80313b8c6c16,564c93d4af38e0080874250441103f2ae5be0ae40b1bbd86c6dbf9fd8994a124,0.4724931199998536,1,658,365,False,0.3853119015693664,0.2207206350715406,0.1613496796506085
clahe_dwt_L2,00017714_009.png,17714,pure,0.3412507474422455,1024,1024,7b107c75abfc573dcfaed72f819f7c9be3ae43e42fca2c5c5b4c3314291d2e42,a05113949257741ca08f47989d230a082a591e99a04acb40da535380c717c3c9,0a920be6d778054c5f01f5c195488c4bab84017d5aaa846555c59bc822fa5eeb,0.4177580850000595,0,804,511,False,0.1276206225156784,0.1867944732810803,0.2133755885076359
clahe_dwt_L2,00017972_032.png,17972,mixed_low_risk,0.6292238831520081,1024,1024,7b107c75abfc573dcfaed72f819f7c9be3ae43e42fca2c5c5b4c3314291d2e42,eeddf4a8241df7dff287d218639b0af6a9dfc7c260ccbed5b59711526460833d,eeeae5159b504d6a9410d0f34e807c9108e47ed5aa79206e7634ee757849a6af,0.4701236870000684,0,951,658,False,0.1158185601234436,0.0496414553765132,0.0020801491969079
clahe_dwt_L2,00017981_014.png,17981,pure,0.6935054659843445,1024,1024,7b107c75abfc573dcfaed72f819f7c9be3ae43e42fca2c5c5b4c3314291d2e42,eb3c19ee4b194e0729bd1e7c571aecdef3d3fd20ff22aba47c7019d6217b5111,871f50bb41223af21b99821d5f569928fd19aa47862d2996bfd0704e52cd29e1,0.4632095059998846,0,511,365,False,0.1172733232378959,0.1750760811190957,0.086742912371134
clahe_dwt_L2,00018253_054.png,18253,mixed_high_risk,0.6451780796051025,1024,1024,7b107c75abfc573dcfaed72f819f7c9be3ae43e42fca2c5c5b4c3314291d2e42,19805aa22295794624557a16de371daea5376811d13cea63061c904191ebb665,8d07563f069b1bab524fac243f0739c4228140b5e7922ab0b5bff413f5fa0594,0.4827103179998175,0,804,658,False,0.0253061018884181,0.0,0.0
clahe_dwt_L2,00018253_059.png,18253,mixed_high_risk,0.470197468996048,1024,1024,7b107c75abfc573dcfaed72f819f7c9be3ae43e42fca2c5c5b4c3314291d2e42,5195cd643612fe5a71ff2078282070968883dce0f27ff9c6f15fb59eaa90aab7,c85ce40948919cb941cf194bcac26b6b947d18913d271a5cc48295f49c56da02,0.5029181419999986,0,658,658,False,0.1860299855470657,0.2630047858863273,0.3466187792022081
clahe_dwt_L2,00018393_000.png,18393,mixed_low_risk,0.2115025073289871,1024,1024,7b107c75abfc573dcfaed72f819f7c9be3ae43e42fca2c5c5b4c3314291d2e42,0a6484e7c0096c85593cb420d1ba64915c4b134fde4b0923641118361a680c15,2dd2d78cf60d6f049dbc005b30e0134768bd744d53c8d8a0c08f4455bfb05635,0.419627089999949,0,658,804,False,0.0005815884214825,0.0,0.0
clahe_dwt_L2,00018721_010.png,18721,pure,0.0309631284326314,1024,1024,7b107c75abfc573dcfaed72f819f7c9be3ae43e42fca2c5c5b4c3314291d2e42,9adcaf31fd844fe2bb0322d80cd6cb2614740bd78afe4e6813d5cd52a63d18a3,6cc3c7be2e9794b605c4733ca8040d3dca4ca9e5629928742f1758ebb8a04e0b,0.3714281110001138,0,658,219,False,0.0047006467357277,0.0,0.0
clahe_dwt_L2,00018921_038.png,18921,mixed_low_risk,0.629229724407196,1024,1024,7b107c75abfc573dcfaed72f819f7c9be3ae43e42fca2c5c5b4c3314291d2e42,4d413f91d7b062aed2ceda10b9e790cc6cc3e87bf0770537fd3096b65cb56834,aee02f3e7b58443cfa72ee3e8be313c39affa6e29e270c4693a3ed909894e15a,0.4758902150001631,0,804,658,False,0.0908350646495819,0.0119627677256969,0.0
clahe_dwt_L2,00019018_007.png,19018,mixed_high_risk,0.7546046376228333,1024,1024,7b107c75abfc573dcfaed72f819f7c9be3ae43e42fca2c5c5b4c3314291d2e42,da5506c0a38548874e9eafef274294290342cb687d4c7ac09b70a15847c43a4c,e66b72e6fde17f8dcd2d24202fde3ca1ce6e4ca07c2dd22c9c70cfd4c00515fb,0.3555392100001882,0,804,657,False,0.54676353931427,0.2628762367945289,0.1733046525741193
clahe_dwt_L2,00019150_002.png,19150,mixed_low_risk,0.3005004525184631,1024,1024,7b107c75abfc573dcfaed72f819f7c9be3ae43e42fca2c5c5b4c3314291d2e42,7b06db725304dcfcb4470674b48c76ba9c670e5a3e5916fadc3b3fca2036e786,472e57c02a00410ffd0476ac3ad2d798a132ae790f508037c35bcb3e99820115,0.2683683980001206,1,658,658,False,0.2128342688083648,0.1195516356202914,0.0578946296007009
clahe_dwt_L2,00019363_043.png,19363,pure,0.365889310836792,1024,1024,7b107c75abfc573dcfaed72f819f7c9be3ae43e42fca2c5c5b4c3314291d2e42,00506d89e0c09cda907ae02db8aa359ec56b852697ad90bc78a2bb980fcb05db,63be8140d242c37a5a3c68512c75d42a317af7aaac3596ee478fa37851d844b2,0.4384760660000211,0,951,365,False,0.0969303101301193,0.1109187267520326,0.0803402376716173
clahe_dwt_L2,00019625_002.png,19625,mixed_high_risk,0.7616955041885376,1024,1024,7b107c75abfc573dcfaed72f819f7c9be3ae43e42fca2c5c5b4c3314291d2e42,b33ddeb2531f3faef026296aaf5a0b975dc9b5452cd311d920b69d2836faceb0,5f362863c4154fb7bd983ba43a5657e92ac759e9612f57ac6b456a3ea7b862fa,0.3202949830001671,1,804,657,False,0.5138624310493469,0.4618977485860421,0.3558056956401945
clahe_dwt_L2,00019634_004.png,19634,mixed_low_risk,0.3438322842121124,1024,1024,7b107c75abfc573dcfaed72f819f7c9be3ae43e42fca2c5c5b4c3314291d2e42,8ef34787423aa4958383af96dc9622b56976b02bad11da3167cb1b1b285854b1,e11f30260d609d2ef933c5179e109357d6d4ce97e39e6137e8fec844b1ee6893,0.3322470820000944,1,804,658,False,0.1239712163805961,0.1759794476557482,0.1986674298125889
clahe_dwt_L2,00019646_006.png,19646,mixed_high_risk,0.5337259769439697,1024,1024,7b107c75abfc573dcfaed72f819f7c9be3ae43e42fca2c5c5b4c3314291d2e42,3b793a4021b7c5dee6ce7d9e76a98a3dd020650ab93b293201a84dbea6e092d6,1e08d01a1f6fd1e6239b0ad058141d88bef95b9119d286670236855e78d84922,0.330045440000049,0,804,512,False,0.196502149105072,0.3036449563482518,0.2404737550471063
clahe_dwt_L2,00019706_012.png,19706,mixed_high_risk,0.537888765335083,1024,1024,7b107c75abfc573dcfaed72f819f7c9be3ae43e42fca2c5c5b4c3314291d2e42,86e0d13828b065d5586a65930ec00cd72161183eeff18ab320d611d2eefee143,81f41bc28375759090837477e3120f06059428653662ff648882c6f34e931b1e,0.321084318999965,0,511,365,False,0.0137700205668807,0.000262711049883,0.0
clahe_dwt_L2,00019750_012.png,19750,mixed_high_risk,0.6710130572319031,1024,1024,7b107c75abfc573dcfaed72f819f7c9be3ae43e42fca2c5c5b4c3314291d2e42,3829719ed5ca197ce035dec74619875015dac8ef5384d833789f54b3cb73e674,b99f2684fe40ef71beba7b7049d93d8a14c98b3339e0a2afbd75cd8d42010aba,0.3474192529999982,1,804,511,False,0.6087521314620972,0.2442430668301249,0.1550672687491271
clahe_dwt_L2,00019750_029.png,19750,mixed_high_risk,0.7116038799285889,1024,1024,7b107c75abfc573dcfaed72f819f7c9be3ae43e42fca2c5c5b4c3314291d2e42,caa67dc9551245c4047065a2a98538b8c0a89caa0bad3bef3d4169b4c49bfe71,e9f7fcbdeba6450342f73cdce6cba549bee0abeaf8608d63e2bcd503f7463a30,0.3351542699999754,0,512,511,False,0.0781454592943191,0.0366930770229899,0.0
clahe_dwt_L2,00019769_014.png,19769,mixed_low_risk,0.1864321678876876,1024,1024,7b107c75abfc573dcfaed72f819f7c9be3ae43e42fca2c5c5b4c3314291d2e42,7a9c3ae1333bb12954bb63469d861a11790e72b6d0d32a8982ea48ea8be80025,dc6db021247d4b2856b62dfeea8e68aefe93bf476b60a21de11467e1099dd1b1,0.3041601309998896,0,804,804,False,0.0216215010732412,0.0089001742464972,0.0
clahe_dwt_L2,00020113_030.png,20113,mixed_high_risk,0.4608387053012848,1024,1024,7b107c75abfc573dcfaed72f819f7c9be3ae43e42fca2c5c5b4c3314291d2e42,095e256c0ba417121d9f6b443434021c7d3369ddb451a755a8bd8cc4762c07d7,6257ba74a3e8fca4f711d1181907611df982af7a15da543c9ad5a3951a50cccf,0.3233517260000553,0,951,511,False,0.0079211872071027,0.0,0.0
clahe_dwt_L2,00020184_013.png,20184,mixed_high_risk,0.5752021670341492,1024,1024,7b107c75abfc573dcfaed72f819f7c9be3ae43e42fca2c5c5b4c3314291d2e42,53eb9a2a7761775db3acb8e3e7f87065b44c7de92e21385416c5fb274a927760,19014e116f96589d998584c581a834be1b7164aa1dd116be4bf20dfd5c37034e,0.3407089229999656,1,366,658,False,0.0957486778497695,0.0952836154536229,0.1010895775654193
clahe_dwt_L2,00020259_002.png,20259,mixed_low_risk,0.3023892641067505,1024,1024,7b107c75abfc573dcfaed72f819f7c9be3ae43e42fca2c5c5b4c3314291d2e42,b3dd20b3fd74efee536feece16d174248fa707942fdd0c566e239988851c634f,71982ab12b0a89ac20c6cb5c6107c66e7948c71558f191e0481a5f8a3f2adbbb,0.3128075879999414,0,511,219,False,0.0027286370750516,0.0,0.0
clahe_dwt_L2,00020405_041.png,20405,mixed_high_risk,0.6400724649429321,1024,1024,7b107c75abfc573dcfaed72f819f7c9be3ae43e42fca2c5c5b4c3314291d2e42,bcfe6c27aaa7cb069520146bc3510f4df2bcbf8e4bb07e83e1ece2819be7976e,357b75314719502c81c6dd846b1bc45cf914b15e19283cc344b88df5d2c320d2,0.3222310160001598,0,512,512,False,0.1446860283613205,0.1378525023202684,0.1122309433788799
clahe_dwt_L2,00020482_011.png,20482,mixed_low_risk,0.540468692779541,1024,1024,7b107c75abfc573dcfaed72f819f7c9be3ae43e42fca2c5c5b4c3314291d2e42,196b5a606078ddb429e10438f21b3d3fbc61aa101cf421dd74e6c3f652d7aa4e,ef4a9cb868fac60383b2524a068d5bb9861d6dca4c166caae3f26ca12342b2ce,0.3171092990000943,0,804,804,False,0.0974532589316368,0.0366043990611464,0.0
clahe_dwt_L2,00020482_032.png,20482,mixed_high_risk,0.6961383819580078,1024,1024,7b107c75abfc573dcfaed72f819f7c9be3ae43e42fca2c5c5b4c3314291d2e42,7a1f7800b31c1991a7f4be4b0fb2d2bb0d63a1c6a6ebdd9c081577be792c3577,ef2bf0d79fb5b9cc9413a10853116436375fb30467994349d6c148cf586fc0d1,0.321855671999856,0,804,365,False,0.0402350760996341,0.012727695077334,0.0016964761766274
clahe_dwt_L2,00021009_001.png,21009,mixed_high_risk,0.5897481441497803,1024,1024,7b107c75abfc573dcfaed72f819f7c9be3ae43e42fca2c5c5b4c3314291d2e42,f8a960b2bb08e67020beba8020e56c677eba6ecd23c5cf7de49490c4e8a42760,adbc6dbfe5975ba9a64119beb961050c044b5691231a7446be45152b94e2af75,0.3322377290000986,1,512,366,False,0.5284662842750549,0.2992501902393866,0.1443913093839458
clahe_dwt_L2,00021201_010.png,21201,mixed_high_risk,0.4928571581840515,1024,1024,7b107c75abfc573dcfaed72f819f7c9be3ae43e42fca2c5c5b4c3314291d2e42,9f309bbc048a25b90a763330d0423ddd6f78b38591d9f88ff5a06aeb9be5f2df,16ad207bc3d00941c7c2af780ad27f944551d37492c3d820cb6caa7d4c863e9f,0.5307523009998931,0,511,658,False,0.0007785469060763,0.0,0.0
clahe_dwt_L2,00021703_001.png,21703,mixed_high_risk,0.6922330856323242,1024,1024,7b107c75abfc573dcfaed72f819f7c9be3ae43e42fca2c5c5b4c3314291d2e42,1c38d754e167f3bf3658abc9ec63d7b97baf7e00a8cd77c9464719e04d51b1dc,f3d8cb2966a9823c0c4da4b322490220036db507489532fea5362fe82b904553,0.3590194660000634,0,804,511,False,0.0043758735992014,0.0,0.0
clahe_dwt_L2,00021710_003.png,21710,pure,0.4993116855621338,1024,1024,7b107c75abfc573dcfaed72f819f7c9be3ae43e42fca2c5c5b4c3314291d2e42,bf51fdab10fae533bed2e13ea4050d4f50adbbfb81c461dc2628ef46656b56ea,25a3c4cad3548e4feb6ebf8cdcbca33c6fbf4d29ccb2bf021f40b0602659897c,0.2681431500000144,0,512,365,False,0.0006391120841726,0.0,0.0
clahe_dwt_L2,00021840_016.png,21840,mixed_high_risk,0.6693105101585388,1024,1024,7b107c75abfc573dcfaed72f819f7c9be3ae43e42fca2c5c5b4c3314291d2e42,25ecc2f372b3e6ce308bcb0121ce388387d7c6f197519308882d7d0e7fdf17ff,07f55fbad30d9cdddb32379b7747834ea9e9dd4faf57875741332bb1084d3fcc,0.3436541839998881,1,365,512,False,0.2751446664333343,0.3979631452071615,0.4509677030972519
clahe_dwt_L2,00021926_007.png,21926,pure,0.7681044936180115,1024,1024,7b107c75abfc573dcfaed72f819f7c9be3ae43e42fca2c5c5b4c3314291d2e42,1475ff70e779d8900f5f4580c1f9765ed2ad681f27eb40d26c529d2c201280e0,49f664d1ad0d1dff51de4226a8ae88aff43db9404400b41d5f5a6fd7d65acf56,0.3279538819999743,0,658,658,False,0.0066211330704391,0.0,0.0
clahe_dwt_L2,00022369_013.png,22369,mixed_high_risk,0.2743004560470581,1024,1024,7b107c75abfc573dcfaed72f819f7c9be3ae43e42fca2c5c5b4c3314291d2e42,e6a801dd29b87a2e5dd50dff64c512857041f6dbc9ef5f71c03da01695b8a372,536fd3132875a78ff949d400d7d504aea99d692a05b9d73444c185e21487b3b7,0.2611498169999322,0,0,951,False,0.0069324937649071,0.0,0.0
clahe_dwt_L2,00022416_048.png,22416,mixed_high_risk,0.6235938668251038,1024,1024,7b107c75abfc573dcfaed72f819f7c9be3ae43e42fca2c5c5b4c3314291d2e42,8c92350ce9eff5767143df932c6587a3f95f7cb49a2c33006085a48b147a9b89,904fdebf7ab0415fe7ea699d05f87581e7b938fe21846b44a59dfbcefb1748c5,0.3361757390000548,1,657,365,False,0.6686789393424988,0.4763305237200089,0.3317999352187822
clahe_dwt_L2,00022470_006.png,22470,mixed_low_risk,0.417772501707077,1024,1024,7b107c75abfc573dcfaed72f819f7c9be3ae43e42fca2c5c5b4c3314291d2e42,c27cddb7c625abd9ea34ff715e2d65de886b9ff2f68aea1b842fb055648bd496,c29dc879b835db1a2578066f50de6808c08888328a2240fae409b82d8a96e704,0.3056218399999579,1,658,658,False,0.6828608512878418,0.2545569541505091,0.1206511447753485
clahe_dwt_L2,00022727_000.png,22727,mixed_low_risk,0.6405067443847656,1024,1024,7b107c75abfc573dcfaed72f819f7c9be3ae43e42fca2c5c5b4c3314291d2e42,c8edb8a1dc32973c12525c544b2be14e9e10c259df9bdfb31f9011910ceaeaf7,25df995a05e2f74a8a937fbc12f116d943737fa4eb20485e969979b837ccddd2,0.3907428590000563,1,512,511,False,0.6834114193916321,0.3863096273111923,0.2328667546310491
clahe_dwt_L2,00022899_014.png,22899,mixed_high_risk,0.6731134653091431,1024,1024,7b107c75abfc573dcfaed72f819f7c9be3ae43e42fca2c5c5b4c3314291d2e42,efd0c30eb4ea47ef23e42c5b3a0376ddb17cfb46f381785831d926838fdfb55e,6cc8ad9d17871bd76f9ae85bd536e208abdb2904e3453762e27b237ca12030f9,0.3705539370000679,0,365,365,False,0.071782998740673,0.0,0.0
clahe_dwt_L2,00023026_008.png,23026,mixed_low_risk,0.29060959815979,1024,1024,7b107c75abfc573dcfaed72f819f7c9be3ae43e42fca2c5c5b4c3314291d2e42,bf788b87410478b14108d9fc712d411711927e518eade2ac45c63b0ad994e4e2,99535a3d55790b0bbc274fc0a241a3135d663e3b2d6a8d308ac99d01281f71e5,0.2843535520000841,0,365,219,False,0.4381545782089233,0.1961065543595105,0.0955805571462256
clahe_dwt_L2,00025521_003.png,25521,mixed_high_risk,0.5146558284759521,1024,1024,7b107c75abfc573dcfaed72f819f7c9be3ae43e42fca2c5c5b4c3314291d2e42,bb3b7913490151acd0b41ed32e20b6bc99efaeec96e21f49957b8948c0baf12f,d36f5c7cee7185a89831f4fd3d00d7e774a8ed7ea3cb0be1d8d61f26be26b389,0.4780105550000826,0,365,658,False,0.0061312657780945,0.0,0.0
clahe_dwt_L2,00025787_027.png,25787,mixed_high_risk,0.728439450263977,1024,1024,7b107c75abfc573dcfaed72f819f7c9be3ae43e42fca2c5c5b4c3314291d2e42,2352f7e45c7b48ff6006fb06644c5d9155aaf083278e264796bec1dd032990f5,318fa709043316eb1734838edd7003f363b2ba0a0a62adb1b6824ac4d0e4e6ac,0.4494765360000201,1,365,365,False,0.2303265035152435,0.2143616328265893,0.2259744700250741
clahe_dwt_L2,00026098_003.png,26098,mixed_high_risk,0.6405585408210754,1024,1024,7b107c75abfc573dcfaed72f819f7c9be3ae43e42fca2c5c5b4c3314291d2e42,c6b13f1cd9b501c2f07b862d599ee91e1ddde6b443e48aa5faf5e15f379eb0ed,800a9ade74f9f218314a416d08cf54c98119551dc59e9f7464a86d7bd80e1184,0.6753364589999364,0,365,511,False,0.085525244474411,0.0512194264829912,0.0
clahe_dwt_L2,00026194_010.png,26194,mixed_high_risk,0.7900823950767517,1024,1024,7b107c75abfc573dcfaed72f819f7c9be3ae43e42fca2c5c5b4c3314291d2e42,82a41861adf8b1bf6bd1595b773723edea2ce69a1dfab09fab474daa42da1eb3,be3bb9f222a8699674ce8787c739165d2459d03d1d8d2ed50a807e19e30b3fa4,0.5252260300001126,0,219,365,False,0.029877508059144,0.0267122067935762,0.0
clahe_dwt_L2,00026538_012.png,26538,pure,0.5308954119682312,1024,1024,7b107c75abfc573dcfaed72f819f7c9be3ae43e42fca2c5c5b4c3314291d2e42,198d26c58c4b4a18ab33f6903fa214028d185006f609953736069e21df6fe392,c2025784cc90e7af413151135a30b92e96c3ab4d010f87e5f21667d955437fee,0.4474519699999746,1,804,511,False,0.137786865234375,0.1405517959396147,0.1877057317519201
clahe_dwt_L2,00026538_034.png,26538,mixed_high_risk,0.7809688448905945,1024,1024,7b107c75abfc573dcfaed72f819f7c9be3ae43e42fca2c5c5b4c3314291d2e42,b34e24cde2c1e92589e00c52262375c67b6ebf5561ef3006cbeace5451e9c3eb,8e0feba4acdecbcc48c0701210fa8812b5928fe929a91e3a5a6fa58c62d647c6,0.4317075989999921,0,658,366,False,0.1027125716209411,0.1274622674963688,0.1029407590337506
clahe_dwt_L2,00026865_003.png,26865,pure,0.5638017058372498,1024,1024,7b107c75abfc573dcfaed72f819f7c9be3ae43e42fca2c5c5b4c3314291d2e42,f8a93d90a14d84ab8d681de98f1fcc3d9db3b4683c4e8c8a49f9a78d3ae45625,bfb57c9c6c40710965cd02ab4bbbeedd1c58eafbc9e20eac426eb5353109c09a,0.4976231299999654,0,951,804,False,0.0371220260858535,0.0397158594188879,0.0127885824512568
clahe_dwt_L2,00026911_000.png,26911,mixed_high_risk,0.7448123097419739,1024,1024,7b107c75abfc573dcfaed72f819f7c9be3ae43e42fca2c5c5b4c3314291d2e42,bac64758882d0b22af2ed8d62de46ea1f081194926d0da4b2413f476b3e07dab,33736d3b7c60302318495be2b39996638aaf169a1ca315d1e7690a8f04728486,0.5188608820001264,1,658,512,False,0.2234061807394027,0.2773480991679344,0.4463823685276972
clahe_dwt_L2,00027113_002.png,27113,mixed_low_risk,0.4508466124534607,1024,1024,7b107c75abfc573dcfaed72f819f7c9be3ae43e42fca2c5c5b4c3314291d2e42,6c2d1f01679be4327b42c0d9755b7b5c537a81398186a3ac9f60b1f7f0c808f4,37dd703ff5a85ee0ae5d414c52d4c58b46574f1b7e1bcbcb67d8442c2ac1cde3,0.3261377950000224,0,219,804,False,0.0038515750784426,0.0,0.0
clahe_dwt_L2,00027357_014.png,27357,mixed_high_risk,0.3630377054214477,1024,1024,7b107c75abfc573dcfaed72f819f7c9be3ae43e42fca2c5c5b4c3314291d2e42,e5053e412a42823a5fda3d9eabde007a934925ac032535e0a701ae76a5aa86c1,af96bcb4d1f11c961efa3c6525a9f5ce5353d582483cee9244a309bef2b5b51e,0.3386767389999932,0,804,219,False,0.0090428609400987,0.0,0.0
clahe_dwt_L2,00027441_002.png,27441,mixed_high_risk,0.7206940650939941,1024,1024,7b107c75abfc573dcfaed72f819f7c9be3ae43e42fca2c5c5b4c3314291d2e42,8f797a3c0940e417869f4cf221904c1d73bad6ea385ae5f43807a95154cf860f,948bdc2ec71d88af1df5c2e9e87857732dc0d4d6ba922671997d48a84b024131,0.3540234119998331,0,658,658,False,0.0738735198974609,0.0345887712807864,0.0
clahe_dwt_L2,00027479_013.png,27479,mixed_high_risk,0.551231324672699,1024,1024,7b107c75abfc573dcfaed72f819f7c9be3ae43e42fca2c5c5b4c3314291d2e42,1ac0fe1752d02f8f376ca91745360dd55d8ace8a473584d2633f276b5b7c3522,b1cfd77e9547e25f8b154d6e073e5df7b759ec39643edafa3c9be8644628e72e,0.3327627799999391,1,804,511,False,0.5944870710372925,0.2836205931583482,0.1956381727155366
clahe_dwt_L2,00027927_008.png,27927,mixed_low_risk,0.6863616108894348,1024,1024,7b107c75abfc573dcfaed72f819f7c9be3ae43e42fca2c5c5b4c3314291d2e42,a64744e09ad8c7ec4ba67e3d5102977dbef3b82062867311e63b664f8fe33bdd,78911001bea5e2574367acef83775b7357d53a99015784b4d9a674f16a04da82,0.4502498470001228,0,657,658,False,0.015958547592163,0.0048693498284391,0.0
clahe_dwt_L2,00028208_005.png,28208,mixed_low_risk,0.5042983889579773,1024,1024,7b107c75abfc573dcfaed72f819f7c9be3ae43e42fca2c5c5b4c3314291d2e42,b12fcce5d6bd175315618e60e8c68b867d35bdf9767679c60d34042450dcee54,95f27232fc35a658e0d6bdc3cd9eafc68ba3d3f9d44f1402b2c2d1f08341e011,0.3448964359999991,0,951,804,False,0.2027118057012558,0.0434101426315381,0.0043300189978041
clahe_dwt_L2,00028285_014.png,28285,mixed_high_risk,0.575849711894989,1024,1024,7b107c75abfc573dcfaed72f819f7c9be3ae43e42fca2c5c5b4c3314291d2e42,fe6f0fad7d0912c435352a0a71e2c8871918e54c013fd4ecdf5d04f3235aeff6,c21d20214efdf16f8beb2ec5fbd56f5323002cb77bfd72c2cc5e84910d300f6a,0.3200084590000642,1,804,511,False,0.1753492653369903,0.1599763067709043,0.145979492714517
clahe_dwt_L2,00028383_002.png,28383,mixed_high_risk,0.7935534715652466,1024,1024,7b107c75abfc573dcfaed72f819f7c9be3ae43e42fca2c5c5b4c3314291d2e42,7bc3edbb1abcf3d15a62bfa212b1dac77736a2fbd8e13ef5c707e16101280412,dc3c1a5f351326061a6abf5867a1b412d212d3ce97f88a86e06bff2d41e158a7,0.3396363189999647,0,658,512,False,0.1785166561603546,0.1041541510991747,3.3415439842661016e-05
clahe_dwt_L2,00028518_012.png,28518,mixed_high_risk,0.7301458716392517,1024,1024,7b107c75abfc573dcfaed72f819f7c9be3ae43e42fca2c5c5b4c3314291d2e42,506c21af1ce366d06dc8a224131ed2a68b36f0f40f2e0dff3bd69f3f32879091,96a9f70c9674cf2f944c2565056e4718f843d633b59d8fd5f6d7d3aefac5e051,0.340740581999853,0,219,219,False,0.1463685929775238,0.078330520686958,0.0382054453348694
clahe_dwt_L2,00028640_003.png,28640,mixed_high_risk,0.6879273056983948,1024,1024,7b107c75abfc573dcfaed72f819f7c9be3ae43e42fca2c5c5b4c3314291d2e42,055693a0d08ffc1e4b08b14d79655565eabbcd110bbd523e0cb84dca8672588e,624345663033607c4c35f08ebfdac3e23d97e894791e8cc6bcae1c83428c072c,0.3163049479999245,0,512,511,False,0.0917702466249466,0.109747958197945,0.0583520274968187
clahe_dwt_L2,00028640_008.png,28640,mixed_high_risk,0.5605266094207764,1024,1024,7b107c75abfc573dcfaed72f819f7c9be3ae43e42fca2c5c5b4c3314291d2e42,6a2d4bf3c661d059d5a5607077348a368bd2c2521d8e271e72b4b09fba7699af,3689c83678318889000090ebbf83609e13505b5e01e54d064b2093e0d98e11aa,0.2994399540000358,0,658,657,False,0.0396832674741745,0.0205511381916311,0.0
clahe_dwt_L2,00029039_020.png,29039,mixed_low_risk,0.5665872097015381,1024,1024,7b107c75abfc573dcfaed72f819f7c9be3ae43e42fca2c5c5b4c3314291d2e42,d7a5b24824e1b01bac8d0c92ca1018cbaf6300de39d572699820ed9020121861,a356d776d2368595b3787c91ddcb06ed38e952b620d19145e205092c10b8cd36,0.376003368000056,1,365,512,False,0.7368762493133545,0.4221779245648491,0.2167362764648369
clahe_dwt_L2,00029404_004.png,29404,mixed_high_risk,0.8556578755378723,1024,1024,7b107c75abfc573dcfaed72f819f7c9be3ae43e42fca2c5c5b4c3314291d2e42,8ec443f292350f772c47fa71c185fe143d1ff380778735ce75f0f6e717d43323,f2791a84d9dd4603f24f0986d4677ab754371731f4cda4c561c224d5f4cd3db5,0.3373691749998215,0,512,511,False,0.2118043303489685,0.2976751882187474,0.3788038997813541
clahe_dwt_L2,00029431_000.png,29431,mixed_low_risk,0.3709193468093872,1024,1024,7b107c75abfc573dcfaed72f819f7c9be3ae43e42fca2c5c5b4c3314291d2e42,ec5b9f968ebc8275643cfdad3956bb74581216c9174fc418ae08de0ea876dc75,583b45c0b334926e689add18cdeb6596b1aece30961258bc99e2744e76e0bfda,0.3063237339999887,0,658,365,False,0.1952263712882995,0.0732489202457279,0.0
clahe_dwt_L2,00029532_014.png,29532,mixed_low_risk,0.4585601091384887,1024,1024,7b107c75abfc573dcfaed72f819f7c9be3ae43e42fca2c5c5b4c3314291d2e42,875c67749b9a95d2b73152ccc5d1bd692225dfbfd7966b408ca6e4dfc329ad07,c564c877a359ba10643f761fc2836db42319b34ed6f8b85b93af3c31adbb2bc9,0.269371670000055,0,804,657,False,0.0002931350027211,0.0,0.0
clahe_dwt_L2,00029617_006.png,29617,mixed_high_risk,0.6829952597618103,1024,1024,7b107c75abfc573dcfaed72f819f7c9be3ae43e42fca2c5c5b4c3314291d2e42,ece3b7817e94ef3f82cd165232c515733a1b1e4df341f91398f2344a8194b2af,bc72f53299ff875ca64938a8cf85aae3ddbf423d748c247fbe16a8302341f726,0.3200231159999021,1,804,658,False,0.2347548156976699,0.2567078812347548,0.4146405437460085
clahe_dwt_L2,00029861_013.png,29861,mixed_low_risk,0.7123671770095825,1024,1024,7b107c75abfc573dcfaed72f819f7c9be3ae43e42fca2c5c5b4c3314291d2e42,0467534c277d027cd805056788a0aa344e93eb73cf2af8ed9e1593c306221664,dc076a267dddf20aac12f4620b3c231fa09c785cd028c349f0bd73fdabcc48e2,0.4237828679999893,1,512,219,False,0.5543733239173889,0.4730678976132398,0.2177296519710358
clahe_dwt_L2,00030323_028.png,30323,pure,0.8217084407806396,1024,1024,7b107c75abfc573dcfaed72f819f7c9be3ae43e42fca2c5c5b4c3314291d2e42,87a549cdc543a0a34ce22604a674edf00ce2c51c6546959ddc3e513ddf4454cb,32eb464c7c3ad11251819f1110d6035ee09339add9873d9b27d8f7bbb88b39ce,0.3716376160000436,0,658,365,False,0.2487290799617767,0.2031045892227184,0.1090887788875545
clahe_dwt_L2,00030408_013.png,30408,mixed_high_risk,0.8782492876052856,1024,1024,7b107c75abfc573dcfaed72f819f7c9be3ae43e42fca2c5c5b4c3314291d2e42,5dd276e63908ac935d01c192198734d956824b044bff59de1c14648f637ebfc1,04f9e8dec2aecfc55bec81bda082aa47f506dab004c6b72e9b6bf96b9c68e89e,0.3286373220000769,0,804,512,False,0.0068243229761719,0.0,0.0
clahe_dwt_L2,00030573_002.png,30573,mixed_low_risk,0.6804017424583435,1024,1024,7b107c75abfc573dcfaed72f819f7c9be3ae43e42fca2c5c5b4c3314291d2e42,18a7caf808d329228969fa39dace809c9a0db7f1121b85b7c8f4037ce339f798,a47871fb71f55c03b0bc7d0bb86442ae074ff768e5cfbd42f85f934741ebd0f6,0.5204383380000763,0,511,219,False,0.0488421395421028,0.048091571047225,0.0
clahe_dwt_L2,00030636_004.png,30636,mixed_high_risk,0.6066769361495972,1024,1024,7b107c75abfc573dcfaed72f819f7c9be3ae43e42fca2c5c5b4c3314291d2e42,7b651e139465eb5c1b373b05b1e810146e847c891a2a41ea159eaf3d1483d898,b3b383c1e37ac64e6b013533dad49cd06a51dcf40142851a2319de5f64eccb78,0.3723035740001705,0,365,365,False,0.0379499457776546,0.0,0.0
clahe_dwt_L3,00000032_037.png,32,mixed_low_risk,0.5332045555114746,1024,1024,274de4f1339a1568a39642cfd1e80af9a7a384dbfb0172fab868e865fa053b1f,bba494794d90308fc845a2682827f59fb39a6a4f61d3a4099c02ebe078aab7c3,af5a391bea291c0d680521ae58f6466055c2d501c091c5785a07407adf7751c1,0.3394989930000065,0,219,511,False,0.0303628537803888,0.0,0.0
clahe_dwt_L3,00000211_016.png,211,mixed_low_risk,0.6163632273674011,1024,1024,274de4f1339a1568a39642cfd1e80af9a7a384dbfb0172fab868e865fa053b1f,78a69c49427f238788a4cbb9bbd9a906ed61e3269ebd45ce801dffe6565e1b6b,5350bf70882540c931e138cf48606282a9d5f41c75e25ee716e4fc6d6c3c0979,0.338832119000017,0,951,804,False,0.0447740331292152,0.0167800894419599,0.0012569847154883
clahe_dwt_L3,00000468_041.png,468,pure,0.5583657026290894,1024,1024,274de4f1339a1568a39642cfd1e80af9a7a384dbfb0172fab868e865fa053b1f,ff089ab6dfb0fe008f10bf5053adee9c67d2d39e25d4b58661806f7252ddc227,3c49809ceaa39a25ba306bc076eef15410e16e78139f950617e931a9c4547d7b,0.3270656500001223,0,658,658,False,0.0042407908476889,0.0,0.0
clahe_dwt_L3,00001039_005.png,1039,mixed_low_risk,0.5388801097869873,1024,1024,274de4f1339a1568a39642cfd1e80af9a7a384dbfb0172fab868e865fa053b1f,f90c047d649cbaf3ebe0e15068e9bc1f318fb0c9d00202d7c8aee95d57fe7fee,b17598675a3ccfa6917a142daaf021133888b74727fa2fea69247ab45265d9c0,0.3269340140000167,1,658,511,False,0.2892895042896271,0.3951395597132544,0.5331205588341563
clahe_dwt_L3,00001900_026.png,1900,mixed_high_risk,0.4747126400470733,1024,1024,274de4f1339a1568a39642cfd1e80af9a7a384dbfb0172fab868e865fa053b1f,54eb5de000f5f4500030fd63949acb653c88a9827d20325b55a2b1ac298074b1,b6effcc044f0ab81f51e948014fe1c1511c2bae67d65c62cb1b31490886725a6,0.2825411119999899,0,951,365,False,0.0437112562358379,0.0,0.0
clahe_dwt_L3,00002224_007.png,2224,pure,0.5218688249588013,1024,1024,274de4f1339a1568a39642cfd1e80af9a7a384dbfb0172fab868e865fa053b1f,79f619d030ca508e2dd225f209af0f82a0f3ec4aa7fe836f22adb5a3a916c2d7,2837b80062042bd10ff035f617e7c19d0bf6202374465998c6e679de8f2ad91b,0.3113749469998765,0,804,365,False,0.0065094861201941,0.0,0.0
clahe_dwt_L3,00003149_007.png,3149,mixed_high_risk,0.6102252006530762,1024,1024,274de4f1339a1568a39642cfd1e80af9a7a384dbfb0172fab868e865fa053b1f,08c31b0123b60d670b0c9e1971833eac5816a5e9e79bb1296ca4aad617c8c453,4958beca2c352d9273fe92933dbec33aaa0c665aaf2805553e44ea6051253bbe,0.3286082820000047,0,512,366,False,0.243241474032402,0.2874586748788551,0.3108888002539662
clahe_dwt_L3,00003333_002.png,3333,mixed_low_risk,0.5788862109184265,1024,1024,274de4f1339a1568a39642cfd1e80af9a7a384dbfb0172fab868e865fa053b1f,a130026e390862e54cc636d5684842dc05ba8abd5ad894c55a2204d9bea7ba89,c02c1d1dafd46c83f7300d4f478d902944ba38cb5d669080e4b9d3784a425670,0.3289852599998539,0,512,365,False,0.2600743174552917,0.2548524439620988,0.2537125148327784
clahe_dwt_L3,00003973_008.png,3973,mixed_low_risk,0.6824936270713806,1024,1024,274de4f1339a1568a39642cfd1e80af9a7a384dbfb0172fab868e865fa053b1f,6b67ce85ff2079d5a44e4e362a858019c8a524b0724c21fcf5a035aab8e75cb4,d4be359c4171ec5b80782a053c15f90180c2368e5a8de17a2e3b967e5bd8bfd6,0.3181858599998577,0,512,511,False,0.0334952063858509,0.0142234559333795,2.834011921743484e-05
clahe_dwt_L3,00005066_030.png,5066,mixed_high_risk,0.5784896016120911,1024,1024,274de4f1339a1568a39642cfd1e80af9a7a384dbfb0172fab868e865fa053b1f,11fefc84023f7a6041e7184eac76ced6f29b62f7f1c215bd21d8b4a3eb4ed153,38c0b48b809734963632493b9cd27d1988a3c30366a3c0ef32eb1cf639e5245c,0.3388971239999137,1,658,511,False,0.2085257172584533,0.2573035731129042,0.2027083435643078
clahe_dwt_L3,00006096_010.png,6096,mixed_high_risk,0.531222939491272,1024,1024,274de4f1339a1568a39642cfd1e80af9a7a384dbfb0172fab868e865fa053b1f,b16b8c96d1b13036dadc10af3a9be3792898c03270c3a2a6c9dcd263dbbae383,e6a285555810ae7f86afbbcd891a8948986e8851a406b3a53746c1714c6215f3,0.4314814310000656,0,511,657,False,0.0884903520345687,0.0987047535048473,0.0545006570302233
clahe_dwt_L3,00006304_060.png,6304,mixed_high_risk,0.5497961640357971,1024,1024,274de4f1339a1568a39642cfd1e80af9a7a384dbfb0172fab868e865fa053b1f,a5007bfd453c82fa50903403624b8d70052758bd489c86912eddad1c31c70c75,2311bffb264c4a05543dc4c4473d06b4f1834c9af651998aa63225d4a9b37dd6,0.436792473999958,0,0,512,False,0.0175143256783485,0.0,0.0
clahe_dwt_L3,00006836_002.png,6836,mixed_high_risk,0.5122142434120178,1024,1024,274de4f1339a1568a39642cfd1e80af9a7a384dbfb0172fab868e865fa053b1f,51f215853ac0407b38287334c9da3f6f68878275c3d438016eee79f0e3c40e49,c301df84f1c31ea04a56011427b90ed0a868c4f2a00a14e3f3dfe04d435952a3,0.4530737980001049,1,365,512,False,0.2026461362838745,0.2157672885104962,0.2045848094428646
clahe_dwt_L3,00007124_006.png,7124,mixed_high_risk,0.5642924308776855,1024,1024,274de4f1339a1568a39642cfd1e80af9a7a384dbfb0172fab868e865fa053b1f,e1effbef1ca54f24a4164e3389bbb76a6aab4fcb886a5cd168ac6c79c129f615,9ff19a700a091783d415b7e54908fb9df52ef068de0b8fc68f2d88f6c21f942c,0.4629211859999032,0,512,365,False,0.2751132547855377,0.2215791670746602,0.104401411834039
clahe_dwt_L3,00008814_010.png,8814,mixed_high_risk,0.6383893489837646,1024,1024,274de4f1339a1568a39642cfd1e80af9a7a384dbfb0172fab868e865fa053b1f,63c73fabda914cca9ad5c00244a6a4ee211c5cb17324f865c3f84ccf8922a764,2078b9e7e46740dba049f230133e3012c609bb2e811eba7793a6c053260ea4ff,0.4980151629999909,0,366,511,False,0.2036672532558441,0.2602211479691059,0.2675634264236555
clahe_dwt_L3,00009431_004.png,9431,mixed_high_risk,0.5037170648574829,1024,1024,274de4f1339a1568a39642cfd1e80af9a7a384dbfb0172fab868e865fa053b1f,d3dc666081cdb41320a933c02f46473af375defef11587a3b3ab14a44ca85384,419f0e4f91801b9c65ade17241bc4edcb6d8d8e0ce94f96b1c76a5783ce4d537,0.4915509380000458,0,951,951,False,0.2039915025234222,0.1741310790990366,0.0699020188071282
clahe_dwt_L3,00010092_018.png,10092,mixed_high_risk,0.5041061043739319,1024,1024,274de4f1339a1568a39642cfd1e80af9a7a384dbfb0172fab868e865fa053b1f,9c39d84cdf46cabe855ecd2554553a77726ab21890aa0d5bb516fd32b43e744a,b441f3e7df45dfb4364692250b573504b433771e90b076029464e3e3d40b3846,0.4483074110000871,0,219,219,False,0.0249544084072113,0.0237859193548981,0.002482364099828
clahe_dwt_L3,00010120_010.png,10120,mixed_low_risk,0.5220107436180115,1024,1024,274de4f1339a1568a39642cfd1e80af9a7a384dbfb0172fab868e865fa053b1f,11e8d31a879c3c4c12962777e2dda0a6cf091865e0b4314fa625b3128d57d1c3,72138ac7dc7dab10178ca13230021f129737cf63451e7ad7903322fc097fc371,0.4350486190000993,0,511,804,False,0.3562807142734527,0.115325515327302,0.0578107985168235
clahe_dwt_L3,00010230_001.png,10230,pure,0.4664088785648346,1024,1024,274de4f1339a1568a39642cfd1e80af9a7a384dbfb0172fab868e865fa053b1f,067e997fb26e703923942915825d5806f607854c3512b3ea4edff5dec6d51b15,6d64179a5eaf08f095d9bcc7bfb0dcdb60ea71f0db0185d77c27cfb25d6e2f73,0.5639193030001479,0,512,512,False,0.0058968476951122,0.0,0.0
clahe_dwt_L3,00010277_000.png,10277,mixed_high_risk,0.4354492723941803,1024,1024,274de4f1339a1568a39642cfd1e80af9a7a384dbfb0172fab868e865fa053b1f,c8a156445282f659c243279b5452d64e4f1c74ae77b5970b97adc638dc8c75a8,9b538861206fc57d6d623209952dad70d69c4f22294657c27046f84750b669cd,0.2684982109999509,0,365,804,False,0.0952748358249664,0.0750270402023064,0.0218138857830003
clahe_dwt_L3,00010805_049.png,10805,pure,0.5923586487770081,1024,1024,274de4f1339a1568a39642cfd1e80af9a7a384dbfb0172fab868e865fa053b1f,0f0df7163436ac6769727e6d76aae73305dcd44de3f9dd70a74171365b94ee7c,7967becb6360ba1b55d699eccdbbca2bdc1ad1c0bf1928f04fc2094ed05496ce,0.3170035970001663,1,511,512,False,0.4320841133594513,0.5335875762993367,0.6344497302638394
clahe_dwt_L3,00010828_039.png,10828,mixed_high_risk,0.5740926265716553,1024,1024,274de4f1339a1568a39642cfd1e80af9a7a384dbfb0172fab868e865fa053b1f,9b0eb255f30c4939d6e093cf88e35b97c5be316de804a6caadbebc5d3865533c,793a9261dfb781a932242b89668f58b220ddadcced20aec253bf759aab2a0d27,0.3281942230000823,0,0,0,False,0.0246551986783742,0.0038459036342832,0.0
clahe_dwt_L3,00011023_004.png,11023,mixed_low_risk,0.5540667772293091,1024,1024,274de4f1339a1568a39642cfd1e80af9a7a384dbfb0172fab868e865fa053b1f,637d064089a6e5fd4eae7fd8f02cb47d720d89a3cbfa6331f65be53beed0f765,1887e93e9c779ec86e3cb22359147f2bb2a791346c8f444fe3fd72ca9abb3b61,0.3307286570000087,0,804,512,False,0.0378890559077262,0.0053021171944434,0.0
clahe_dwt_L3,00011124_000.png,11124,pure,0.5729743838310242,1024,1024,274de4f1339a1568a39642cfd1e80af9a7a384dbfb0172fab868e865fa053b1f,da68ef42ab8ab4ef901d6962d3f3ca9409696c6c993d12bf02f31af0e5e13045,0c780dc5907666e4d9f39b82825117d54fd4c5eb755850911c2f9c7d7739fab1,0.3286365909998494,0,804,512,False,0.0190608110278844,0.0137096635991294,0.0003849273449636
clahe_dwt_L3,00011237_094.png,11237,mixed_high_risk,0.6284828782081604,1024,1024,274de4f1339a1568a39642cfd1e80af9a7a384dbfb0172fab868e865fa053b1f,c46f876b9e0ab898576bfe7e9f7e99e4157eb21473e70e7345b9222fd53f6575,735b0f5d63a4787ef3a240ff4d65a974bd349f796ee21ddf811a0e5880ed19d9,0.3321086849998664,0,511,366,False,0.1439280062913894,0.2476540764841797,0.0995595901492
clahe_dwt_L3,00011269_018.png,11269,mixed_high_risk,0.5806993246078491,1024,1024,274de4f1339a1568a39642cfd1e80af9a7a384dbfb0172fab868e865fa053b1f,f4fa7f0b5187160a7653ccb519d5e3aa9c786802aac2cf2f69dadfd91d82e1c7,ad64f954008de9679e161d08c6cb580ccf83d4f19805850fb958d243f535fc43,0.4105006390000199,0,512,511,False,0.1357294023036956,0.1682002072129853,0.0470776854685905
clahe_dwt_L3,00011366_002.png,11366,mixed_low_risk,0.4846022129058838,1024,1024,274de4f1339a1568a39642cfd1e80af9a7a384dbfb0172fab868e865fa053b1f,301b9b0d6348fa9196c89a186defcff5fd224b908e53ebff2ef46c125feca346,c8dbe540000b1c9b98b3365ceba9372b7e5dd1bbb51e7f68924fef54f9c66914,0.310476713999833,0,219,0,False,0.404886245727539,0.0495143020041093,0.0024637518264583
clahe_dwt_L3,00011925_072.png,11925,mixed_high_risk,0.5238192081451416,1024,1024,274de4f1339a1568a39642cfd1e80af9a7a384dbfb0172fab868e865fa053b1f,b209f72a4ac8bd74f1c405f573758d5a560ca3780622ca2c9ae9d31ded71a676,d8ff07fb06434ce3e893e3e36647a5bf334eb04c4f8acf840ffdafaa8a71db05,0.3127755069999693,0,366,804,False,0.2129360884428024,0.2047458921488926,0.1600909467450406
clahe_dwt_L3,00012021_054.png,12021,mixed_low_risk,0.5624055862426758,1024,1024,274de4f1339a1568a39642cfd1e80af9a7a384dbfb0172fab868e865fa053b1f,6a772de0ce7329050a1d1b1d28e01cdde7161a60a7baddc31faaceed9ed75dd9,4148ac75f4250c14773a6f7f22e78357c040a2092774395948e60a1ab753b7f6,0.3197853309998208,0,0,804,False,0.0299524571746587,0.0,0.0
clahe_dwt_L3,00012021_081.png,12021,mixed_low_risk,0.5407335758209229,1024,1024,274de4f1339a1568a39642cfd1e80af9a7a384dbfb0172fab868e865fa053b1f,c819aab3934a4a014bedab8126c499e51bb12990ea0b398bed30de146c11ff77,8467dd0a710f02e2d8087cf2411a167239514bd3395e4d8a2556b003060919a8,0.3542311260000588,0,0,804,False,0.0046762977726757,0.0,0.0
clahe_dwt_L3,00012364_045.png,12364,pure,0.48281991481781,1024,1024,274de4f1339a1568a39642cfd1e80af9a7a384dbfb0172fab868e865fa053b1f,f29c66c3cd86c1d48c133cabba1c20f41a9bd43e217565535facf6e0e540fb3f,907851525de0ccd319b30fbe4eba07a7561cdf6cfbd46649d4ebb8d42ef25279,0.3418303829998876,0,219,511,False,0.0619165413081646,0.0,0.0
clahe_dwt_L3,00012376_010.png,12376,mixed_high_risk,0.6068414449691772,1024,1024,274de4f1339a1568a39642cfd1e80af9a7a384dbfb0172fab868e865fa053b1f,8fa0e739297091c8054536f40570f347564875aa38a2ea15847ca0db2cb16875,6a4e774942ee9e6110bc0bb916c4ee192ec9a7342214d67f273c4994baacb1c4,0.3280356509999365,0,512,511,False,0.1527414470911026,0.1626286054118346,0.0988767558833494
clahe_dwt_L3,00012505_007.png,12505,mixed_high_risk,0.5630780458450317,1024,1024,274de4f1339a1568a39642cfd1e80af9a7a384dbfb0172fab868e865fa053b1f,acdee2f80a21718a7c956b33bfeed6e99f3b53731a1ebd58cd313da544a317d6,029642ac1b05990e9bdb6449d7abf3b67c9e1b6b169c98c5943d9610804d5de4,0.3224100909999379,0,0,804,False,0.055127739906311,0.0,0.0
clahe_dwt_L3,00013106_000.png,13106,mixed_low_risk,0.4379646778106689,1024,1024,274de4f1339a1568a39642cfd1e80af9a7a384dbfb0172fab868e865fa053b1f,9ec444f7cbc326a27527cf6aae8d9c4a016f92e3019e6841681330144e066db9,b86ddff5819d6d32ace84338725fcd9778c223d8f948234a7110730e40e7016d,0.295203655000023,0,511,658,False,0.0080238040536642,0.0,0.0
clahe_dwt_L3,00013310_057.png,13310,mixed_low_risk,0.5398920774459839,1024,1024,274de4f1339a1568a39642cfd1e80af9a7a384dbfb0172fab868e865fa053b1f,90476af82560ad1102a185ba6e282eba024a718a2576498677a581b1c2a07dca,e01a16c600e8477f296af73824426aec5f371fe06bfd1d73b7472791a310ab9a,0.4547806799998852,1,657,512,False,0.7032583951950073,0.5857261348915667,0.4300444588958436
clahe_dwt_L3,00013391_005.png,13391,mixed_low_risk,0.6681705713272095,1024,1024,274de4f1339a1568a39642cfd1e80af9a7a384dbfb0172fab868e865fa053b1f,9f97299707f0a6fc1c5106e5ee947cce9c954decf819db006db689e1aef4cfa5,cabfada66f72d799a6b5e26f1556c8a35a286b7e27b65bfbbeb49fd260bd2fbc,0.3310228880000068,0,658,512,False,0.0802679285407066,0.0106235503350712,0.0
clahe_dwt_L3,00013471_029.png,13471,mixed_high_risk,0.5003318190574646,1024,1024,274de4f1339a1568a39642cfd1e80af9a7a384dbfb0172fab868e865fa053b1f,5852dd9ea19cf286834ec32776e15a2ba4ebb8a1a2576a975dfc5ffcddbbb9a9,c1635223bb5fad8f589e311e41246a1f41cff4c1556699123a3c144b400ce48f,0.3546170189999884,1,658,511,False,0.2304268777370453,0.2802162527453962,0.2705689843256588
clahe_dwt_L3,00013670_151.png,13670,mixed_low_risk,0.5433101058006287,1024,1024,274de4f1339a1568a39642cfd1e80af9a7a384dbfb0172fab868e865fa053b1f,1c3ce3c40d430c6bd5231a6ecb172e35ff1d5242dc940e9ef43baa7c786d8cd6,80cfdac4fc154d1ef0726ecf2803f003fb489c540f2516e8a40d95a8014f2907,0.3210154070000044,0,219,366,False,0.2899039387702942,0.1526327143962387,0.1152368879809167
clahe_dwt_L3,00013922_021.png,13922,pure,0.5379399061203003,1024,1024,274de4f1339a1568a39642cfd1e80af9a7a384dbfb0172fab868e865fa053b1f,f281edd307d05a3aa42c8d0c66e753c460d9b1a1d4e2c22a0999c664eb62f46a,cfd4a10745a13f1fe4647e91106e8870a0e8b1c2a2d59a644f4dfb48057bfaae,0.3709378300000026,0,365,511,False,0.0832079648971557,0.0356879493639771,0.0
clahe_dwt_L3,00013922_022.png,13922,pure,0.5259689688682556,1024,1024,274de4f1339a1568a39642cfd1e80af9a7a384dbfb0172fab868e865fa053b1f,912716dabd2f46a6eced4169a6cc5bbabef2f7e68e965b83b29c986239af98f2,dccb944fbb1fd9a3dbce4f6588e0abc1eafad434c1cc0543867b4443ed36c59c,0.3375117529999443,0,657,365,False,0.1578887552022934,0.1874604807590428,0.2531758478158212
clahe_dwt_L3,00013993_083.png,13993,mixed_high_risk,0.596017599105835,1024,1024,274de4f1339a1568a39642cfd1e80af9a7a384dbfb0172fab868e865fa053b1f,2372e48938fabff74eb3307f212fb5c3fc8dd0500b543e784391197d505be99e,fa7b1d6923e32af68b18fcd006b2b67d02e70705f3bec9111ae310b3a907943b,0.3259965600000214,1,804,365,False,0.1752219796180725,0.1683838944935223,0.1345403685264076
clahe_dwt_L3,00014203_018.png,14203,mixed_high_risk,0.5157925486564636,1024,1024,274de4f1339a1568a39642cfd1e80af9a7a384dbfb0172fab868e865fa053b1f,2b479de6be47a817d6a5d8f6129657173c33ff0903e36f4f024da9d4627783d0,1924d43830593c086d66992a804759a3a267d69d29d9b21e273d5fed5b28ebf6,0.3418096579998746,0,219,0,False,0.0504724979400634,0.037190376598802,0.0
clahe_dwt_L3,00014251_029.png,14251,pure,0.4805721640586853,1024,1024,274de4f1339a1568a39642cfd1e80af9a7a384dbfb0172fab868e865fa053b1f,f5e9431a8479b3a3e425a6a23bbb914ebcb13b9246759d9a7d3a7a938166c4cb,02d1534ad306209c51d2cf2130ac13374ac6e24258ff2a855641b5fb38602e06,0.3114090260000921,1,512,366,False,0.6672648787498474,0.2934237763873458,0.1679215413722537
clahe_dwt_L3,00014617_003.png,14617,pure,0.5700403451919556,1024,1024,274de4f1339a1568a39642cfd1e80af9a7a384dbfb0172fab868e865fa053b1f,e412c6da26e25dad09d9d73095fdcdd2c2c8a5c85d2c411efffc57f376129281,9dce03a1b9aea539186ef04c998f4c88c643cddd8dc8271ac2fd08721a1fba15,0.3246069270001044,0,804,511,False,0.0180724915117025,0.0,0.0
clahe_dwt_L3,00014738_000.png,14738,mixed_high_risk,0.6153603196144104,1024,1024,274de4f1339a1568a39642cfd1e80af9a7a384dbfb0172fab868e865fa053b1f,582a035a9c7fff3248fe332d5aa4b9f27df527b650b2520e61ed2770ac9d5e22,a2a26cb6c5e8e041ddd3568f1b375824d5738aa1a927061a814e6ca2259fe7a9,0.3353716820001864,0,804,512,False,0.0956814959645271,0.0649483579596979,0.0242416843019154
clahe_dwt_L3,00015069_001.png,15069,mixed_low_risk,0.4591926336288452,1024,1024,274de4f1339a1568a39642cfd1e80af9a7a384dbfb0172fab868e865fa053b1f,754478cdaba2cce6020e3682db03b7d9ba343ba7b2f86dd85b339b1dbcb31e22,47c372296cc617d32f115e15ec856c7c8edf257993ca22eefd54c9a430a0af7a,0.3316430590000436,0,365,804,False,0.3366523087024688,0.1055572150862402,0.0392421228294216
clahe_dwt_L3,00015732_020.png,15732,mixed_low_risk,0.5816668272018433,1024,1024,274de4f1339a1568a39642cfd1e80af9a7a384dbfb0172fab868e865fa053b1f,abaa9ea93978e4a0e5e1abd405c3de9a5e72dadf99f48c044e3978d07d642c02,e76b25e9e74279abaeb4075c06846d69528551aa4ceb422da93bdf31760cda33,0.3369306290001077,1,804,511,False,0.1846861243247985,0.2783187291236588,0.3631937682570594
clahe_dwt_L3,00015831_011.png,15831,mixed_high_risk,0.5095506310462952,1024,1024,274de4f1339a1568a39642cfd1e80af9a7a384dbfb0172fab868e865fa053b1f,875353072a83945cff98e698e492b64849635befd053be6de801950a701770fc,7dd4aef3dc2bd9b0a1abfbc9b5a7f8b2e009a0c8196d7a24b7e241b14d116d91,0.4587224069998683,0,512,365,False,0.0303157102316617,0.0,0.0
clahe_dwt_L3,00016094_007.png,16094,mixed_low_risk,0.5999746322631836,1024,1024,274de4f1339a1568a39642cfd1e80af9a7a384dbfb0172fab868e865fa053b1f,84f1166a82985b6e7d098b33d92fd02aa9e9217af50f8eced0dd080a51e215b4,8db1478c3f1f788e8dda260c9a9b4ed0a85733030da85fd108af0017163af8d8,0.6404249700001401,0,512,365,False,0.0060324561782181,0.0,0.0
clahe_dwt_L3,00016191_004.png,16191,mixed_high_risk,0.5305532217025757,1024,1024,274de4f1339a1568a39642cfd1e80af9a7a384dbfb0172fab868e865fa053b1f,1bc0cdec0ec0c763b096d872fa5b57322d3f7e34ad99df5bc53f41fb5c53813a,f146f67a49bc266be3f07166a54219c802ac9bc6d28949398ddbc3b91ede3037,0.4591863619998548,0,658,658,False,0.0542662143707275,0.0332041302110139,0.0
clahe_dwt_L3,00016417_008.png,16417,mixed_high_risk,0.4179675281047821,1024,1024,274de4f1339a1568a39642cfd1e80af9a7a384dbfb0172fab868e865fa053b1f,531af0c56b221aeb7441cdef230870783c2a4b69a8c562576d0e7e7033fa85f3,c7916ad06bbf44f40067399248de3486c7b85c83c6c30bbbc697f15935c2cd05,0.443794182999909,1,219,804,False,0.0806443095207214,0.0811662246632376,0.0712842242503259
clahe_dwt_L3,00016705_006.png,16705,mixed_low_risk,0.5154931545257568,1024,1024,274de4f1339a1568a39642cfd1e80af9a7a384dbfb0172fab868e865fa053b1f,b7f7fa5e47c2e34cfb3d43f2ee28ce66e8e4318eeb469f20d0048267b03d769f,1f021db1951b164b067617355a5289963acd5db6f571f09cdf059840c71ceb6b,0.559271869999975,0,658,512,False,0.0703305155038833,0.1078632262826177,0.1205896843142456
clahe_dwt_L3,00016732_040.png,16732,mixed_high_risk,0.531903088092804,1024,1024,274de4f1339a1568a39642cfd1e80af9a7a384dbfb0172fab868e865fa053b1f,c7b56012b7d34c14f2adc2977aa4b45a3964970d6fb603177d15a79139addf5f,0251714e17b5834728671a453aa09ca88f9c9017509797ad9d19e836b57a6b66,0.4441467480000938,0,366,365,False,0.0495332367718219,0.0512851917627475,0.0094062001733565
clahe_dwt_L3,00016786_001.png,16786,mixed_low_risk,0.5395814180374146,1024,1024,274de4f1339a1568a39642cfd1e80af9a7a384dbfb0172fab868e865fa053b1f,5df16bbcd3b762042f1c6e2f9c8d3a8bfe47bd14e1da289644b7a0f3cd9cbe47,776941870ebfe57d1141ba3cf8de8cd6b3abe174dee82e5fbc070830ab90be04,0.4915300179998212,1,658,512,False,0.3577536642551422,0.410554105018857,0.4357436857614612
clahe_dwt_L3,00016786_009.png,16786,mixed_low_risk,0.614756166934967,1024,1024,274de4f1339a1568a39642cfd1e80af9a7a384dbfb0172fab868e865fa053b1f,9a6d37eb31b3bdee852fc6b4d47884ac34ddb17b8f360f1084b662aeebcb862f,06e838ba57416f22b1b35879fc7a8615e35918249a615d4d53a6b1e5f299645f,0.5052222609999717,1,511,658,False,0.2602963447570801,0.3600911623195745,0.3737894169893194
clahe_dwt_L3,00017083_002.png,17083,mixed_high_risk,0.5245267748832703,1024,1024,274de4f1339a1568a39642cfd1e80af9a7a384dbfb0172fab868e865fa053b1f,ed69ee6e104afb12bcd9b0b7a60caea488d00b87907dacff87d237a6bb41ecdf,997e198ffa5d56207d8d3bc8870d4ab19ef34c1d2e442db31879b095d4b4d335,0.4298418470000342,0,658,804,False,0.019568333402276,0.0,0.0
clahe_dwt_L3,00017138_037.png,17138,mixed_high_risk,0.5202699899673462,1024,1024,274de4f1339a1568a39642cfd1e80af9a7a384dbfb0172fab868e865fa053b1f,bd1884ea1a308844e6ae4bc397fd4e67c3933f180d399f7b2949ad12d769e8f6,91f133a227e14a50e03e4fab1b67f9fa48ff05937b1e0577da9cecc631974423,0.3186745519999476,0,658,365,False,0.0099823540076613,0.0,0.0
clahe_dwt_L3,00017544_003.png,17544,mixed_low_risk,0.5464354753494263,1024,1024,274de4f1339a1568a39642cfd1e80af9a7a384dbfb0172fab868e865fa053b1f,4380e2c71523bea4f3f2a438c151389afd0367e9d782c87c2d2ad757c5bd9ab4,b63455878ddf6279b10b5b1861f85919d8090d127d6ed2ac974e048efcba5fe3,0.337472354999818,0,365,365,False,0.1053688675165176,0.0095089347236896,0.0
clahe_dwt_L3,00017714_009.png,17714,pure,0.4811961650848388,1024,1024,274de4f1339a1568a39642cfd1e80af9a7a384dbfb0172fab868e865fa053b1f,e3a2ebf562c5da149dea9f9799f749f1b23bd7dbed7696555419bd9abde22067,4001f60ad358cdf1323e3a27f545b0afbdb2cec3fb88625473aadb3932ba3a09,0.3068702870000379,0,366,804,False,0.0180945768952369,0.003575828600619,0.0
clahe_dwt_L3,00017972_032.png,17972,mixed_low_risk,0.5530450344085693,1024,1024,274de4f1339a1568a39642cfd1e80af9a7a384dbfb0172fab868e865fa053b1f,1042c88aa855e269a535bb0ac18467358fdbfc8be41c0518435198b5ff781580,6832beacdf213b618d170a25a56357bfb02f3601faa61f77d0ed1d2438bdb99e,0.3875173650001215,0,804,512,False,0.2099715173244476,0.245249824067558,0.1933661231046852
clahe_dwt_L3,00017981_014.png,17981,pure,0.5416172742843628,1024,1024,274de4f1339a1568a39642cfd1e80af9a7a384dbfb0172fab868e865fa053b1f,3add08a22b5d33771d98b6110ad62a4bc2e88f16daf9055f5bb71e05cf54280c,3c90d4d4837b7b4f70231b49d84504af6e7513438606e06760cc70ebc20304b8,0.4706615210000109,0,365,804,False,0.0198003910481929,0.0083415657826282,0.0
clahe_dwt_L3,00018253_054.png,18253,mixed_high_risk,0.5496377944946289,1024,1024,274de4f1339a1568a39642cfd1e80af9a7a384dbfb0172fab868e865fa053b1f,5a0ea1f34d5dbb4dd3d78885bc9a78077e52c3e8f6cb8ca2553e6cf7c19b8569,7891f5a6cb8de9ac6d3e9f4921cabfd5096a94c3df40933aa92c02111979acc4,0.3575063599998884,1,365,511,False,0.117258183658123,0.2101627988463922,0.3626425358301077
clahe_dwt_L3,00018253_059.png,18253,mixed_high_risk,0.4765140116214752,1024,1024,274de4f1339a1568a39642cfd1e80af9a7a384dbfb0172fab868e865fa053b1f,7e08be6f01794eca7fcbd29341ae654f659e1e2e7069180cc20838282b3155fc,8d2f594d38dfd13d709c5aa98da35d6f96e9217dd55f4c4b70205a35cc4df754,0.3518490210001346,0,0,365,False,0.0466008745133876,0.0177852015643913,0.0037085579815912
clahe_dwt_L3,00018393_000.png,18393,mixed_low_risk,0.3898676931858063,1024,1024,274de4f1339a1568a39642cfd1e80af9a7a384dbfb0172fab868e865fa053b1f,d00d0323af3c63ba230b58b3ffb0a60c8061d2fa64a57678ebb8cff145fae800,832b115dc0cf9382b3a334c9b7509f659311ebb8423680d0bf0ef0a6f31a6038,0.2496199409999917,0,219,219,False,0.0,0.0,0.0
clahe_dwt_L3,00018721_010.png,18721,pure,0.4965002536773681,1024,1024,274de4f1339a1568a39642cfd1e80af9a7a384dbfb0172fab868e865fa053b1f,75bb70e92d7bf880bb0ccd44c6a24ab87fd5f2c7ebfa5e6a0879a7865aaffae3,037901e4a5d40ccc5ce2e633a9e6d759ef3a06f1b43d342583d771f3d8f7b28a,0.3384022140000979,0,658,658,False,0.0864671990275383,0.0512362880210131,0.0002001365637729
clahe_dwt_L3,00018921_038.png,18921,mixed_low_risk,0.5509346723556519,1024,1024,274de4f1339a1568a39642cfd1e80af9a7a384dbfb0172fab868e865fa053b1f,e12b2d27125a42caaf625487f31dadf23768c76f1a023fbb2a63f3b8a11583ea,221a9b70146435257e0a083f0601ea471ec9cde4f27273b8c885d183cff40675,0.3650284990001182,0,951,365,False,0.082447350025177,0.0652080683530106,0.0280286944734348
clahe_dwt_L3,00019018_007.png,19018,mixed_high_risk,0.5539607405662537,1024,1024,274de4f1339a1568a39642cfd1e80af9a7a384dbfb0172fab868e865fa053b1f,1ceb6423f398e51c4a1409ae2645c363d6fbc5bcc0ef7b9793c35e8ca0551d42,46c654bcdba868000a85c293162c0f033c55b0e0362201d269250bd31eccd9f0,0.3226324709999062,1,658,511,False,0.5756553411483765,0.2314797114747413,0.1203950658443073
clahe_dwt_L3,00019150_002.png,19150,mixed_low_risk,0.5144088268280029,1024,1024,274de4f1339a1568a39642cfd1e80af9a7a384dbfb0172fab868e865fa053b1f,426aca2588c2828ff42d4c3b283bb7ddc3854d30f4de1eea81df972aff42a56c,5e6aad4c6f30472950a5a5a8c237c760a833eb393f11098ed853e0afeea9140c,0.32233475299995,0,951,804,False,0.256486028432846,0.2718606418878028,0.1119635595034246
clahe_dwt_L3,00019363_043.png,19363,pure,0.5129278302192688,1024,1024,274de4f1339a1568a39642cfd1e80af9a7a384dbfb0172fab868e865fa053b1f,f32dd251a6dae7f62b8161c7c0d6aeb86899468a324d0567f8937c02a49e5abc,3cc46982e3bd0f5f95c27b775fd753bd4f209baa7f514fad774d8a5b813a4ef6,0.2980909230000179,0,512,365,False,0.1885209530591964,0.1963956333521551,0.0
clahe_dwt_L3,00019625_002.png,19625,mixed_high_risk,0.5520369410514832,1024,1024,274de4f1339a1568a39642cfd1e80af9a7a384dbfb0172fab868e865fa053b1f,17142fe19dfd2ed570809b0d7d07ffbee2062be50cd6009cfd5409b87fe3f6b1,38cdb533a7e4154ba0f651e5adb240a0c0f317a11c0c7fa4a2f24faf5d996b37,0.3852637509999113,0,951,512,False,0.284278392791748,0.1006544352461268,0.0494151865833281
clahe_dwt_L3,00019634_004.png,19634,mixed_low_risk,0.4433141350746155,1024,1024,274de4f1339a1568a39642cfd1e80af9a7a384dbfb0172fab868e865fa053b1f,534c549203868eb3e138917381df8c0a4baecf7528e40565377ec27ee29b1e47,4b19e35fc88024ff5ad113d7101e100195f0b330809465c131f7c378af9859f7,0.3244288630000937,0,0,951,False,0.0187924820929765,0.0028820819816105,0.0
clahe_dwt_L3,00019646_006.png,19646,mixed_high_risk,0.5329927206039429,1024,1024,274de4f1339a1568a39642cfd1e80af9a7a384dbfb0172fab868e865fa053b1f,81c30413e4506113be884a33bc491120155491f778ffc40108a5367fb391c6e5,b2d057a79ba94893dfc83c525290f8db8b7099c2612e0f5e3ea23845c5cceebe,0.3395330050000211,0,951,951,False,0.0813108757138252,0.103411401219844,0.0019648599642408
clahe_dwt_L3,00019706_012.png,19706,mixed_high_risk,0.6451184153556824,1024,1024,274de4f1339a1568a39642cfd1e80af9a7a384dbfb0172fab868e865fa053b1f,395d11c8f38d768900e52c34af55a0546a13f08b70171a6cb3c766a703bb27a0,b4c30c81c518114335e7b97bde9105bc4666b3673e480e641a7e58223703e24e,0.3508429669998349,0,512,511,False,0.0280634704977273,0.0168870615517032,0.0
clahe_dwt_L3,00019750_012.png,19750,mixed_high_risk,0.547890841960907,1024,1024,274de4f1339a1568a39642cfd1e80af9a7a384dbfb0172fab868e865fa053b1f,54cbc4fee32b2a81485a88d9fa74b14ec8545ce8372efbc84d0c68eead396123,ca4f719210ee8e58d7633e9ab03798f0624221d8162905879cbb7abfeee3151e,0.3368666880001001,1,804,511,False,0.6996124982833862,0.2206374600049224,0.1336530668249379
clahe_dwt_L3,00019750_029.png,19750,mixed_high_risk,0.5327116250991821,1024,1024,274de4f1339a1568a39642cfd1e80af9a7a384dbfb0172fab868e865fa053b1f,456fd98c41cdb9295fbce66eac13a78d5b61e2fcc4d490c33d9568c40709b41b,472b0c142b0164079eeb88eaad79d9fccaabb43b54ec70ec99e53764474fa2fe,0.3723096789999545,0,511,511,False,0.0570215247571468,7.741366887196374e-05,0.0
clahe_dwt_L3,00019769_014.png,19769,mixed_low_risk,0.5171111226081848,1024,1024,274de4f1339a1568a39642cfd1e80af9a7a384dbfb0172fab868e865fa053b1f,f8e8eaf39b7075017ae0afaeaeb044c8e4ca1020b555aeea63001c92876d5250,f15c4b2aca8334be35dfb8f2014bce490e74ac15dad471ed5d9ceb7b58494df0,0.5527373410000109,0,658,658,False,0.051999058574438,0.0481482812528076,0.0246025583391229
clahe_dwt_L3,00020113_030.png,20113,mixed_high_risk,0.5548027753829956,1024,1024,274de4f1339a1568a39642cfd1e80af9a7a384dbfb0172fab868e865fa053b1f,fd6e1b3e7cb6e9ee4c6de41c6219d7a4c3cf073992bbd5d70e6510836e655fe2,2b6e3d91be7f46d3368a296234e282e163e9964c2125d5726d4ed83682bf6408,0.3228777770000306,1,365,511,False,0.085939273238182,0.1315394952500058,0.2298432201132792
clahe_dwt_L3,00020184_013.png,20184,mixed_high_risk,0.5602969527244568,1024,1024,274de4f1339a1568a39642cfd1e80af9a7a384dbfb0172fab868e865fa053b1f,7526d78d00ca42031766c78a40d3fba570926f84dd31f0e4544104b743832e01,17bcf319b016161c1dea4b2bc95c90e08a64c92408033edc41389690d25dfab2,0.3327527420001388,1,365,658,False,0.1291861087083816,0.1276403616433913,0.1687518374546761
clahe_dwt_L3,00020259_002.png,20259,mixed_low_risk,0.5002703666687012,1024,1024,274de4f1339a1568a39642cfd1e80af9a7a384dbfb0172fab868e865fa053b1f,28878172a1ed1d0db86bdfbc683e53ede4ca0625bc9b3cc042c874524ac129e6,314373fc8d1dbd7cac7e5dcb61b3fd53e31561513abb44a542bfc75d358815ea,0.3451535439999134,0,219,365,False,0.0004565235576592,0.0,0.0
clahe_dwt_L3,00020405_041.png,20405,mixed_high_risk,0.5967442989349365,1024,1024,274de4f1339a1568a39642cfd1e80af9a7a384dbfb0172fab868e865fa053b1f,e8fe9fc391e9a30f154cf0cf796382720404560900af794b04e95a510cfef8ca,df3d4f5331d52632b905644de2c0112c0c7b64c665fe82d51f97b6c9e2e171c3,0.3610259540000697,0,512,511,False,0.2372226119041443,0.270309198197839,0.2800765028949052
clahe_dwt_L3,00020482_011.png,20482,mixed_low_risk,0.4933971464633941,1024,1024,274de4f1339a1568a39642cfd1e80af9a7a384dbfb0172fab868e865fa053b1f,87f4c6ad51a8a2e1c50cc6e04f900d1dbbbd168e55ddd1a5bc0a30d846cd2f9c,8ea0a1ff4d4445cd25ac940941d4b29d379999b65a53f092c88b8a385e7aa810,0.2831968670000151,0,804,512,False,0.0833095461130142,0.0365274781063586,0.0
clahe_dwt_L3,00020482_032.png,20482,mixed_high_risk,0.5433756113052368,1024,1024,274de4f1339a1568a39642cfd1e80af9a7a384dbfb0172fab868e865fa053b1f,a8112e8b0a6278588efbec0f05f294a74c238052a172628d3db7890f0fccc17c,80b2a0e25a8bb3cdfeba60808574cabb398d057ebfcd9c9302b791a5541603d5,0.3361721900000702,0,951,658,False,0.081327810883522,0.0761877956238531,0.0099704882952581
clahe_dwt_L3,00021009_001.png,21009,mixed_high_risk,0.4933733344078064,1024,1024,274de4f1339a1568a39642cfd1e80af9a7a384dbfb0172fab868e865fa053b1f,4ea0d515296ba31d06204493d6c01cd98ab5fdd904ad13373be09f4d575fb17a,58b560dee56d06f73782cf71aaf8e9561bd750d47735ce988fe0d2748de0066f,0.3352545970001301,1,365,511,False,0.5965668559074402,0.3703746964926102,0.2121621352681452
clahe_dwt_L3,00021201_010.png,21201,mixed_high_risk,0.4782341718673706,1024,1024,274de4f1339a1568a39642cfd1e80af9a7a384dbfb0172fab868e865fa053b1f,01d7b092a7894ae3ea5e8f7817ae3b81b3fe1b50b2ee143898b27e437677010d,cfd4b10744bdc1cb73fc2dc38df2dde38a47187550a4f5a3e990e2623e92dd3e,0.4306464539999979,0,365,658,False,0.0268658120185136,0.0,0.0
clahe_dwt_L3,00021703_001.png,21703,mixed_high_risk,0.5134592056274414,1024,1024,274de4f1339a1568a39642cfd1e80af9a7a384dbfb0172fab868e865fa053b1f,68d14a601266c8397861ee9d0e4345fbc3624c828581be1e4ec14dc949966537,089931f545f76a979d9de862c80bbe7761b0dbd9139b3acc507eada846366287,0.5163119460000871,0,511,219,False,0.0043818247504532,0.0,0.0
clahe_dwt_L3,00021710_003.png,21710,pure,0.5390493273735046,1024,1024,274de4f1339a1568a39642cfd1e80af9a7a384dbfb0172fab868e865fa053b1f,c06b1ef4032737dfc48067aa8765be13aaff3527d94c16aa0a0a656ec0e18012,55a238a6ed6068c77426479166e282916d56dd3ae47b529a753c555227fa5eaa,0.4416928890000235,0,658,511,False,0.0230959150940179,0.0,0.0
clahe_dwt_L3,00021840_016.png,21840,mixed_high_risk,0.5752544403076172,1024,1024,274de4f1339a1568a39642cfd1e80af9a7a384dbfb0172fab868e865fa053b1f,1854263204d8cc9f183db822a7fe7c19aab98ff53945f614812a06223a953d3a,7e4385c985919abc2ae1b5ec0a1e4fb079018515f5b50ec5287f73ccb7376261,0.4423408159998416,0,511,658,False,0.145875871181488,0.1652286248188544,0.2027824446118067
clahe_dwt_L3,00021926_007.png,21926,pure,0.5560317039489746,1024,1024,274de4f1339a1568a39642cfd1e80af9a7a384dbfb0172fab868e865fa053b1f,6a372ad642e4dde82821cda453b5824bf393e44c21a5e295714b53dd9a38690e,42f9f0eb2009a2070c9ea94c853b989dae3cd944d16ce269ad920ed99dd992fa,0.6146357469999657,0,657,366,False,0.043188776820898,0.0609243081183518,0.0292987553666681
clahe_dwt_L3,00022369_013.png,22369,mixed_high_risk,0.4540370106697082,1024,1024,274de4f1339a1568a39642cfd1e80af9a7a384dbfb0172fab868e865fa053b1f,2cdb73a0846a5856a74a45ef62be9a643135c4be4a5ae35799969d9c40755355,c63189a3d13a27307ace6e982deb8fafe7ddc49bc99c1fdbb0fa6da04ac2fc93,0.5549230269998588,0,219,658,False,0.0160264242440462,0.0046421919988505,0.0
clahe_dwt_L3,00022416_048.png,22416,mixed_high_risk,0.6099643707275391,1024,1024,274de4f1339a1568a39642cfd1e80af9a7a384dbfb0172fab868e865fa053b1f,2bc07840eb70fc1e402d08965192f1ff98676961e0e7e2c997a4dc3e629ade70,24fbf60f07d766bc6f7ccbb107db2d6021659aad50fedfa0630dceaaaf983e59,0.4819136940000135,1,658,511,False,0.636096715927124,0.4125378328597477,0.3007861326611779
clahe_dwt_L3,00022470_006.png,22470,mixed_low_risk,0.4919937252998352,1024,1024,274de4f1339a1568a39642cfd1e80af9a7a384dbfb0172fab868e865fa053b1f,820897d7c67c9d326943ac13272bca7efb97bf452294bca12cdf3e05e17dda1d,ef5e028f5732f3011027432a21bf5d61c1b8dc39b9c6608a6be7f95cebd0798f,0.4311123770000904,1,219,365,False,0.581615686416626,0.172933451545338,0.0775734490355347
clahe_dwt_L3,00022727_000.png,22727,mixed_low_risk,0.5040050745010376,1024,1024,274de4f1339a1568a39642cfd1e80af9a7a384dbfb0172fab868e865fa053b1f,60dfea56ff858ffaf49fa7fa598a49b0480b506db38b7f3f7e39fa52dbd725a9,8302ddcc1e4b1b2afeed1ec7c9328f8cefe059b039c6311a02a311f73a583321,0.391509563999989,1,658,365,False,0.6144449710845947,0.5348446008748315,0.3897593353501603
clahe_dwt_L3,00022899_014.png,22899,mixed_high_risk,0.534223735332489,1024,1024,274de4f1339a1568a39642cfd1e80af9a7a384dbfb0172fab868e865fa053b1f,48219082b821f8c359496a959d54a9d6569ac64dcbc0724ba5b8c641c513542a,b1c1f493264d94cb02a3e2678a03567687f698bc62728002854d1832b96fc6ea,0.3150885269999435,0,804,219,False,0.025993512943387,0.0,0.0
clahe_dwt_L3,00023026_008.png,23026,mixed_low_risk,0.5279370546340942,1024,1024,274de4f1339a1568a39642cfd1e80af9a7a384dbfb0172fab868e865fa053b1f,2e980a1a160deebb28009a3c90bf4fcafb0ba38dd3377a8ad8cf42b7bc7a296d,1eb082312fc05643d14065606f192dde916aadeed2e6cb71599226ea7d077e9f,0.3722785299999032,0,804,512,False,0.3356659412384033,0.1223726177461709,0.0794396419934958
clahe_dwt_L3,00025521_003.png,25521,mixed_high_risk,0.6733711361885071,1024,1024,274de4f1339a1568a39642cfd1e80af9a7a384dbfb0172fab868e865fa053b1f,2bc4ca86b7ff2bf284d6a575c3bc3b44ddb202262f8f5d1388399c9559be9dd5,9549843157070d98bdda822961353a163de05f813b8f1c69d40e6468cb5bd9b9,0.3382408110001051,0,658,366,False,0.0900740399956703,0.1234900982475592,0.0619462975805585
clahe_dwt_L3,00025787_027.png,25787,mixed_high_risk,0.5446962118148804,1024,1024,274de4f1339a1568a39642cfd1e80af9a7a384dbfb0172fab868e865fa053b1f,997a8c0a59b3dca79ae437ee51d089d9c8f9feded30c7cbff7a3caf47799f969,5c97d0f3dc319163437d5dbe068197bd04f24bb18027dfbf0a0726fba53f733e,0.3173250169998027,0,951,0,False,0.0113410223275423,0.0,0.0
clahe_dwt_L3,00026098_003.png,26098,mixed_high_risk,0.6111315488815308,1024,1024,274de4f1339a1568a39642cfd1e80af9a7a384dbfb0172fab868e865fa053b1f,d8ce199f8d9c88ef9baaf54d2de4acece0956ce31e43b74ea763fa1dd19630cd,0bda3b208164b33fb6bfa3810ad30215050536e213bf98422091bd21c4a15bcd,0.365391106999823,0,804,511,False,0.0810552611947059,0.084674055535693,0.0917978323620717
clahe_dwt_L3,00026194_010.png,26194,mixed_high_risk,0.5295397639274597,1024,1024,274de4f1339a1568a39642cfd1e80af9a7a384dbfb0172fab868e865fa053b1f,e0049184482cb248fdd1923232aefb9817850acfa4a9858db27561057bf50488,3c1172b7698d643eaf6dff19008e9faf64066cf8ee538b70c01c5976e1b2f991,0.3415606879998449,0,951,365,False,0.020418956875801,0.0019443121292166,0.0
clahe_dwt_L3,00026538_012.png,26538,pure,0.5554034113883972,1024,1024,274de4f1339a1568a39642cfd1e80af9a7a384dbfb0172fab868e865fa053b1f,60f80ac7ae2db1233d4704817952342eb6efab4b59dcd54d5e23ab4ef75e9c41,fe197f9db3efc127a74bac24a4fe618a8921628f0b555cf66b822a5bd1af5f43,0.3344279719999576,0,219,219,False,0.009408064186573,0.0,0.0
clahe_dwt_L3,00026538_034.png,26538,mixed_high_risk,0.6346575617790222,1024,1024,274de4f1339a1568a39642cfd1e80af9a7a384dbfb0172fab868e865fa053b1f,0051780ecc2b891676796e0a8c3d3e0da8965068aa3ea45b2e4de4c0ab81e7aa,89fd4fc6d72e3f19693d592239a92f1f262b3d3a1a25aee51f7aa59be8fa21de,0.5568084210001416,1,658,512,False,0.111412763595581,0.1659154161674179,0.1690132178108154
clahe_dwt_L3,00026865_003.png,26865,pure,0.5589479207992554,1024,1024,274de4f1339a1568a39642cfd1e80af9a7a384dbfb0172fab868e865fa053b1f,074e3cb2676fcfe79cb52c585c3ddd7d2043d3d91322e77fe874ed890626d3ca,8553d92fe87b769690d21d94cc4c45202a4ef1f98d3bcdaad2d5f9e6adca93b7,0.3468612159999793,0,951,804,False,0.0757329016923904,0.0928938519735585,0.1145951421886683
clahe_dwt_L3,00026911_000.png,26911,mixed_high_risk,0.5073636770248413,1024,1024,274de4f1339a1568a39642cfd1e80af9a7a384dbfb0172fab868e865fa053b1f,a6755aeeb05c323e0b5b1d509d36f932796c0ead4aaf0a10eab4bada6a8baef4,059a73d31df4abbd222ab395422568fb743773393d1bdc8e508e95fc63bd026f,0.349958689999994,1,658,365,False,0.1939892917871475,0.2123062654710043,0.165290361405503
clahe_dwt_L3,00027113_002.png,27113,mixed_low_risk,0.5140767693519592,1024,1024,274de4f1339a1568a39642cfd1e80af9a7a384dbfb0172fab868e865fa053b1f,27fb9490b121ee4dd661fe3dab46bab7ce5c488d05876c18b34b30adcaf45b57,3c22698fbc5ae25ee01034cdac0a833f6071cc9920f2ab05f56d19e0d94c9468,0.3251230440000654,1,658,366,False,0.2151814550161361,0.1711617665764576,0.1755877128149272
clahe_dwt_L3,00027357_014.png,27357,mixed_high_risk,0.5405619740486145,1024,1024,274de4f1339a1568a39642cfd1e80af9a7a384dbfb0172fab868e865fa053b1f,eefe001b7a2b89bf8cae0c0f9461684cedbf8ab474da19e9c4697c7f73841066,1685549e766c0e3c589e5a3e7b79d2e1014aef212dde9bde044756691acdf652,0.3515334329999859,0,804,219,False,0.091822050511837,0.1111815176996454,0.2216466047031337
clahe_dwt_L3,00027441_002.png,27441,mixed_high_risk,0.527374267578125,1024,1024,274de4f1339a1568a39642cfd1e80af9a7a384dbfb0172fab868e865fa053b1f,0719da9a97347c02ad1b03dde071a94247dd0e14ae586c1f94ec273c3bfafbfb,349f32376f5bcd970889569878baee4f459cefaa98ad8e470ef3ef23615fdeb1,0.3859413249999761,0,804,511,False,0.0447234101593494,0.0072671359667395,0.0
clahe_dwt_L3,00027479_013.png,27479,mixed_high_risk,0.6434330344200134,1024,1024,274de4f1339a1568a39642cfd1e80af9a7a384dbfb0172fab868e865fa053b1f,4eabb8bb300a505d926485897b24d876ae213d976d51bbc5cfd362d02aef882f,7319f4fa94665e114ab3aedd755aaef693af62a8c8270df32b7c18df445734a1,0.3845207640001717,1,658,511,False,0.6876672506332397,0.2716104457637006,0.1567139430906345
clahe_dwt_L3,00027927_008.png,27927,mixed_low_risk,0.586600661277771,1024,1024,274de4f1339a1568a39642cfd1e80af9a7a384dbfb0172fab868e865fa053b1f,05620c3153811fc910234acd10aaf48cc78d843e3f8b7a990af66021966ef734,7aca700972430d33e1cca056a2cf04996b46fefb8357f1c2f82d2ebb562ecf83,0.3520363599998291,0,512,512,False,0.0170486643910408,0.0,0.0
clahe_dwt_L3,00028208_005.png,28208,mixed_low_risk,0.5012762546539307,1024,1024,274de4f1339a1568a39642cfd1e80af9a7a384dbfb0172fab868e865fa053b1f,7ff8122a04d73a63ec5609c0ccc0b0bfa5aa19a125abf755c1cb9c8297aa9d2a,cd0e7dc20e6ed705b021848a1ba67796d0eabdbd035655e988178199bc74cd94,0.3163104720001684,0,219,0,False,0.3584092855453491,0.1824716036476809,0.0819260262600222
clahe_dwt_L3,00028285_014.png,28285,mixed_high_risk,0.5083162188529968,1024,1024,274de4f1339a1568a39642cfd1e80af9a7a384dbfb0172fab868e865fa053b1f,6771e8e66ec0ad08124c4e59973688ab9fe455f4f4cf56ddf020952a34f53395,1e4232d3c46bb2b6e51b471f25c31cbdbfb7527be5cf44aef4c5103feb54a317,0.3311285559998396,0,219,657,False,0.0533586032688617,0.0141655583514163,0.0
clahe_dwt_L3,00028383_002.png,28383,mixed_high_risk,0.5508562922477722,1024,1024,274de4f1339a1568a39642cfd1e80af9a7a384dbfb0172fab868e865fa053b1f,3ad9a9fe5a27f7c0afc6281deceefb3d21544739afab048ff77d4df7c7d295b2,801c9ea2f500b286dd91bb34d98d66f2dc8da0a7db0fe8ff7461c0dce5b014a5,0.3478070749999915,0,804,219,False,0.0672430396080017,0.0184606447865233,0.0
clahe_dwt_L3,00028518_012.png,28518,mixed_high_risk,0.5946980714797974,1024,1024,274de4f1339a1568a39642cfd1e80af9a7a384dbfb0172fab868e865fa053b1f,bd2a1c2d394766b4397affdafdd05cd371142c5fb021f67bf63993f1df052d76,2f08dece9ae03b1abee0f92c5b200b17c7274dbe6f3829b79038321b207f2108,0.439902777000043,0,0,365,False,0.0662168860435485,0.0011262390558105,0.0
clahe_dwt_L3,00028640_003.png,28640,mixed_high_risk,0.5442702770233154,1024,1024,274de4f1339a1568a39642cfd1e80af9a7a384dbfb0172fab868e865fa053b1f,e402c69892f7999f33da85d5453cc545c053efa3428b82095ffc5dad8045fee6,5e37bb5dd72a80e3471b1acfbf4d39a94f5d0f010c86cb120c3068c1e327d25d,0.2962636939998901,0,658,365,False,0.0710681453347206,0.0953034535419828,0.0224277606196335
clahe_dwt_L3,00028640_008.png,28640,mixed_high_risk,0.5295993089675903,1024,1024,274de4f1339a1568a39642cfd1e80af9a7a384dbfb0172fab868e865fa053b1f,e425c5d09e9ecd0f3f772f104b4b9df7a2d95f6c690c6268599131319d19eb0e,277219fe137cadfee92941853d35de2efb6ce60d9b5a4a49781cadaa5d154156,0.3237325759998839,0,511,511,False,0.1229098141193389,0.1819711919600931,0.0726321642138229
clahe_dwt_L3,00029039_020.png,29039,mixed_low_risk,0.5207151770591736,1024,1024,274de4f1339a1568a39642cfd1e80af9a7a384dbfb0172fab868e865fa053b1f,428e35a0c45200b00a6225b08ddf2402182044956b4d641a5173ebdc5483ce7c,be41d50040120a23b13776b0b192601dd5352122e9fde6de3546cb036511dd2c,0.4979058090000308,1,804,366,False,0.4546828866004944,0.189495281427287,0.1426951710633267
clahe_dwt_L3,00029404_004.png,29404,mixed_high_risk,0.5405012965202332,1024,1024,274de4f1339a1568a39642cfd1e80af9a7a384dbfb0172fab868e865fa053b1f,3a748ac9038894f5479b4fa0ea060ab03158e59f626b1f2412067d5628e9768b,2077dba5b2e9907fd3b107331b1361da2a045b930e4794337742ab4e87fddedc,0.3246644299999843,0,0,512,False,0.0557124651968479,0.0,0.0
clahe_dwt_L3,00029431_000.png,29431,mixed_low_risk,0.4190284609794616,1024,1024,274de4f1339a1568a39642cfd1e80af9a7a384dbfb0172fab868e865fa053b1f,47af9377a0c0a78aee808c6982c85bfe3c472c7416b1580ca5b5c37c0da0fcd3,5456337cbdbaeeec9b7566095e5fb29284cedd5daefc719ca878640f61e8eceb,0.2737871889999042,1,365,512,False,0.3107436895370483,0.2623202413761575,0.2001092808068864
clahe_dwt_L3,00029532_014.png,29532,mixed_low_risk,0.4648207128047943,1024,1024,274de4f1339a1568a39642cfd1e80af9a7a384dbfb0172fab868e865fa053b1f,f0b5ba892254faef6e735427ebe23420ab9b049f5fb3c9143ab747fd1e53df99,d406f6a5bfe330dd1762a8218d9442b9810f7a4aba2fdd5415e2b5701e66705a,0.3212472010000056,0,511,658,False,0.054793506860733,0.0418998770770545,0.014685085364104
clahe_dwt_L3,00029617_006.png,29617,mixed_high_risk,0.6247883439064026,1024,1024,274de4f1339a1568a39642cfd1e80af9a7a384dbfb0172fab868e865fa053b1f,505f8d168e59ac7bb777d4939415adcc89252be53e5a3c80ee765e9915a92a4c,5aa7902c01a32caf727c08f5733084e87b12f4a99777bf764dea7b81a435a810,0.3181760330000998,0,658,366,False,0.0576364807784557,0.0251834398127648,0.0
clahe_dwt_L3,00029861_013.png,29861,mixed_low_risk,0.5810811519622803,1024,1024,274de4f1339a1568a39642cfd1e80af9a7a384dbfb0172fab868e865fa053b1f,f4c83d8e358d9ad90773808edad14e4bf1a72f7b60d96db6910dabf5fde2bb3a,cb2193f48a0b78d9b9c1a5fff755e324cdd594d4d54440a5019a70e666ac2326,0.4181688330002089,1,366,219,False,0.4791615009307861,0.3113863330536698,0.2248205203636548
clahe_dwt_L3,00030323_028.png,30323,pure,0.5307038426399231,1024,1024,274de4f1339a1568a39642cfd1e80af9a7a384dbfb0172fab868e865fa053b1f,b22ebd66aae26a7382ca72b6bed31b28b00ff141efffffcbe4baee821426cfab,8310bc5a10a9d93c5471be0626bfa92c7057b15680ab31f898f9f63e744cb733,0.4962874989998909,1,804,365,False,0.2487168163061142,0.2565963940688582,0.2497434595406603
clahe_dwt_L3,00030408_013.png,30408,mixed_high_risk,0.5453436374664307,1024,1024,274de4f1339a1568a39642cfd1e80af9a7a384dbfb0172fab868e865fa053b1f,78dc1bd03b993266a84da3b536499e2504145c562bd0006954638e83c577a736,120ffa06f8f5f0a06596933ac2d61757bd9f4e35f1f8a5bdf2239ef1e034ca55,0.4399768420000782,0,804,365,False,0.006304882466793,0.0,0.0
clahe_dwt_L3,00030573_002.png,30573,mixed_low_risk,0.5130416750907898,1024,1024,274de4f1339a1568a39642cfd1e80af9a7a384dbfb0172fab868e865fa053b1f,432252ef4b855fc2aae26563f1026f450b618102a467cdb1fa30fd2bc907eb58,57f0f5f24708c0aaf445b5d636c23d08517030927d659617ed2f7c3c96e6f5b9,0.5287886240000716,0,512,219,False,0.023935018107295,0.0,0.0
clahe_dwt_L3,00030636_004.png,30636,mixed_high_risk,0.506308376789093,1024,1024,274de4f1339a1568a39642cfd1e80af9a7a384dbfb0172fab868e865fa053b1f,4bfd3d2070fedf1f3a8cf4293457969218f7af56f3e23333fc70eaf392710943,c47195244c7f11732923873fdf6640dad567684033b6d7498ff74dfcb60852b6,0.4571326239999962,0,219,365,False,0.0224032327532768,0.0,0.0
dae_clahe_L1,00000032_037.png,32,mixed_low_risk,0.6329295039176941,1024,1024,993e064cd1faabb8cd87e903a94eb3c47728bfae4d41f240c98433ff9b4caf54,84078dbf47ac6bc4040c2be75b6360d7baa700b0b0718f4438c6c9a14778ffca,21f8d6224ead0bfb233bfc3a165ff314713dcec7556092f5575950f4cb9c2def,0.6593123360000845,0,658,511,False,0.1181280687451362,0.1354809080173205,0.1184336129592131
dae_clahe_L1,00000211_016.png,211,mixed_low_risk,0.630450427532196,1024,1024,993e064cd1faabb8cd87e903a94eb3c47728bfae4d41f240c98433ff9b4caf54,e3e818c753ffbd47797ecb3821a48cf26d0b7d13c1efe866d5785a604a1e4c50,352e3a0079fb91f5fe616ac557dccf4133f6530288e3e919ba386e3477b4d7eb,0.3541104660000655,0,658,658,False,0.050473790615797,0.0064859529768409,0.0
dae_clahe_L1,00000468_041.png,468,pure,0.6872288584709167,1024,1024,993e064cd1faabb8cd87e903a94eb3c47728bfae4d41f240c98433ff9b4caf54,27a5e3b7a980c14020affddf19505b673346a636260982b4c07bcaa90c4b8a8f,154c1ecb6066118a28974b2d20dabfe73b064d5836c0c6d04ada934809b43b30,0.3851227370000742,0,658,658,False,0.0050884964875876,0.0,0.0
dae_clahe_L1,00001039_005.png,1039,mixed_low_risk,0.5083223581314087,1024,1024,993e064cd1faabb8cd87e903a94eb3c47728bfae4d41f240c98433ff9b4caf54,03964b459fe362ea3738c1e44fbe4696ba0e6c058fd17a41e4ec75e79119fc0b,f63a2bf829f3ece4961faa7e05c2699269c50b332ccde8143600a01bbd7e634e,0.3328714169999784,1,658,511,False,0.2925388216972351,0.3021266051569082,0.1997957065423332
dae_clahe_L1,00001900_026.png,1900,mixed_high_risk,0.5320656895637512,1024,1024,993e064cd1faabb8cd87e903a94eb3c47728bfae4d41f240c98433ff9b4caf54,54e275ab1e4118685cf64bbb57784d5957d5d7c835b756fe221a58208a1cd768,1963775825cc36a803ed63cb6c5594f36a722842a0500d7499cc01cbc5a10f6d,0.3543023370000355,0,951,365,False,0.0053177545778453,0.0,0.0
dae_clahe_L1,00002224_007.png,2224,pure,0.6626889109611511,1024,1024,993e064cd1faabb8cd87e903a94eb3c47728bfae4d41f240c98433ff9b4caf54,826fe52e64de260b42f0c5922f5d8281e5435940210651b4f306c8aa0554a8a7,0bfb6d1cceca597f91d726ea9eddf99bc87c2d51f9157fe09146839510946a99,0.3855948310001622,0,512,511,False,0.0289361085742712,0.0001742090240274,0.0
dae_clahe_L1,00003149_007.png,3149,mixed_high_risk,0.6290565729141235,1024,1024,993e064cd1faabb8cd87e903a94eb3c47728bfae4d41f240c98433ff9b4caf54,1950722571714290a8115535fd88d515d86d79332657fb638924482e5979902a,2e835529d4e1468227391bf7c8ae0f80bf909a9e15c16463c48646d01f47bf4d,0.3605797309999161,0,512,365,False,0.2020352333784103,0.3410567999758169,0.398867865192096
dae_clahe_L1,00003333_002.png,3333,mixed_low_risk,0.6256546974182129,1024,1024,993e064cd1faabb8cd87e903a94eb3c47728bfae4d41f240c98433ff9b4caf54,b9faf9e36e8c234531b514349d9ffb32ebd59c3c843f4f05a529cc9af0fd1b1d,8f8a03f6207fc77265435e5d748a25245277f0a15eecad9851a05ad40be8a5f0,0.3572052480001275,0,658,658,False,0.2647488713264465,0.2191638376609475,0.1551970065878949
dae_clahe_L1,00003973_008.png,3973,mixed_low_risk,0.5239686369895935,1024,1024,993e064cd1faabb8cd87e903a94eb3c47728bfae4d41f240c98433ff9b4caf54,0a494886c4597c636de58f892dee955e63e07b32e282aee1725447797b0e66fe,74f85ee743cfa77ccf23425853ae77b84ab42992ac18b199a01fbd7581b6503b,0.3695232190000297,1,365,658,False,0.1303575187921524,0.2231884709301454,0.2660781227179046
dae_clahe_L1,00005066_030.png,5066,mixed_high_risk,0.639836847782135,1024,1024,993e064cd1faabb8cd87e903a94eb3c47728bfae4d41f240c98433ff9b4caf54,97723f4d2a94fbb6a2405a8720eea198082a6487009f458739293b37a6aadca5,ac74335947493dd44e487018f68d316f5fa4cb9e9dc0d6b35db85c0faef9b0c1,0.4086744800001725,1,658,511,False,0.1657334119081497,0.2567275107418473,0.2486290125397324
dae_clahe_L1,00006096_010.png,6096,mixed_high_risk,0.5277169942855835,1024,1024,993e064cd1faabb8cd87e903a94eb3c47728bfae4d41f240c98433ff9b4caf54,50222f78bad20fcad9dda207f3840951be7ca56014c95baf07feb2fe94c3b136,e67b9bd63a08a2a6169dc3d9471f3ab674152897d57f6b8f32c4f19c4aea44ae,0.3533665080001356,0,658,804,False,0.0845669284462928,0.09845731847714,0.1255099928550919
dae_clahe_L1,00006304_060.png,6304,mixed_high_risk,0.5846225023269653,1024,1024,993e064cd1faabb8cd87e903a94eb3c47728bfae4d41f240c98433ff9b4caf54,43ce0cc575905fedb3db94121c8f8639ddfa1bfd3488d9562ae5d09b7bcad0a8,8bb289d9abb054d50ac07edba41413f5436d44721745bd83f4a111c08a90f7c6,0.3544102460000431,0,219,658,False,0.0860970467329025,0.0996599492219087,0.1056232711898711
dae_clahe_L1,00006836_002.png,6836,mixed_high_risk,0.5292893648147583,1024,1024,993e064cd1faabb8cd87e903a94eb3c47728bfae4d41f240c98433ff9b4caf54,78f6cfc2173424fc839e5c8c9108bf57d29fe6f4e05585b09034580fa5543157,3436781e46e9a5354357e90ad3fdd1ba851f31df9e4a5aba4034710c4c4dea8c,0.3651270590000877,0,658,658,False,0.0895153060555458,0.0649293223886915,0.0324938817399542
dae_clahe_L1,00007124_006.png,7124,mixed_high_risk,0.5384290218353271,1024,1024,993e064cd1faabb8cd87e903a94eb3c47728bfae4d41f240c98433ff9b4caf54,7d1ea0f41932b5979bcd12833a1f323e809e556ebd6098af60bee4247bbd5f79,8b33e93a667190027165193dde0ab280ff0820488f55e46a47b91f64114a8ceb,0.3545920279998427,1,658,365,False,0.2289882153272628,0.2183604557436333,0.1320000931792769
dae_clahe_L1,00008814_010.png,8814,mixed_high_risk,0.5382246375083923,1024,1024,993e064cd1faabb8cd87e903a94eb3c47728bfae4d41f240c98433ff9b4caf54,fcb8a1899a5ce2c8921e258285cb1e1f6484ebdd77cd59d79ae91ac165f1ce08,a3dedc6617f3ac67fec253d77672580498239d8d7bd6f0237f2051bc65616f35,0.3657496020000508,0,511,511,False,0.1385326087474823,0.2084050659246352,0.1383669729234412
dae_clahe_L1,00009431_004.png,9431,mixed_high_risk,0.5690276622772217,1024,1024,993e064cd1faabb8cd87e903a94eb3c47728bfae4d41f240c98433ff9b4caf54,181b112d895b1a33f57414e92e7a168cc806c55a86fe8ffcb0bb9baf39720deb,d56412a8cccc2e108de16460afc5557beac62fef8cfccf1ab571e5a454a43ea1,0.3631895500000155,1,658,658,False,0.2170013785362243,0.2783083419678989,0.2213214714991358
dae_clahe_L1,00010092_018.png,10092,mixed_high_risk,0.5678543448448181,1024,1024,993e064cd1faabb8cd87e903a94eb3c47728bfae4d41f240c98433ff9b4caf54,50cf57793b6c84441c827e4754440c38765aaba92583f18def79aabd626780eb,361a473b61cf70c7c7af049edbbe4d8d8b5ac202f27a0805b23fae55484dd6d3,0.369061284000054,0,219,365,False,0.0515951663255691,0.1089956688575662,0.0
dae_clahe_L1,00010120_010.png,10120,mixed_low_risk,0.4873002171516418,1024,1024,993e064cd1faabb8cd87e903a94eb3c47728bfae4d41f240c98433ff9b4caf54,0fb649f01092e31b176a81d450928814841ffcc980737ce795ee0196b0bbc5dd,efaf5bf6ad8b18d943bd811479bbcd080efba0bcff57ed5f9e6e20386c2ec49d,0.3980268400000568,1,366,512,False,0.4456994235515594,0.2736770757196005,0.2148875399319449
dae_clahe_L1,00010230_001.png,10230,pure,0.4655237793922424,1024,1024,993e064cd1faabb8cd87e903a94eb3c47728bfae4d41f240c98433ff9b4caf54,e72cdcd363e8e1804d6a53d06662acde87b9111ee7990efec735710f33e14860,0ec2f2b03df55fc9a045d3c0e03218b85326e0a49f4b24c253793c4a66a35732,0.2923617869998907,0,0,658,False,0.0452882796525955,0.0366512979220615,0.0270228492734886
dae_clahe_L1,00010277_000.png,10277,mixed_high_risk,0.5624021291732788,1024,1024,993e064cd1faabb8cd87e903a94eb3c47728bfae4d41f240c98433ff9b4caf54,0807e1301577918c516b177c26e7f96c042865a9f88351190ad214780a6af7ed,a43cc76544387a79ecfbdcc86b2752379a4eec5985a433dc324ac5987831d83c,0.3971370050001042,0,804,658,False,0.1498226076364517,0.1899522246621488,0.1397879609150286
dae_clahe_L1,00010805_049.png,10805,pure,0.5943687558174133,1024,1024,993e064cd1faabb8cd87e903a94eb3c47728bfae4d41f240c98433ff9b4caf54,652f346f88b2f9f6a74e995706f73617033c6e086ec594f3040204d63a9bc4c5,2e7f8eca21ff05fb8d20a431f7887fa932cd50bcd7c9f0f358caa8d6c81431c6,0.3414626860001135,0,658,512,False,0.3539025783538818,0.3650997861151762,0.2723184809880249
dae_clahe_L1,00010828_039.png,10828,mixed_high_risk,0.6107173562049866,1024,1024,993e064cd1faabb8cd87e903a94eb3c47728bfae4d41f240c98433ff9b4caf54,3ac4d04808dc57824b98ecb53d3ba3f11e6c721d1937bacd1ce2f6d436a701fd,9ad2d66b17dcb0a64559fcbd446aa122e5c8247c26d296a83270281f0e16f9aa,0.3706442800000786,1,804,658,False,0.1645094901323318,0.1558634525227168,0.2723835691715895
dae_clahe_L1,00011023_004.png,11023,mixed_low_risk,0.618185818195343,1024,1024,993e064cd1faabb8cd87e903a94eb3c47728bfae4d41f240c98433ff9b4caf54,274217655b5709050eaffaa611a214b6a6971563777bf472f06ec81881ce36fb,b1a5b787b1c8d53c4c90dc2f0116459bd2e557b09039e72a3d7ba6f2b4bc525d,0.37699914000018,0,658,511,False,0.1024891957640647,0.1262641421597153,0.0280105463753361
dae_clahe_L1,00011124_000.png,11124,pure,0.5475374460220337,1024,1024,993e064cd1faabb8cd87e903a94eb3c47728bfae4d41f240c98433ff9b4caf54,b2c09eee70d2de139a65ecbdbde4519cec82d93a3a879d72fcb743d6081e0bbc,044de43c6c9893027dd622e8c07a3d92e8b59a7cc9bd9c8b4a40affa2111190c,0.427148734000184,0,658,804,False,0.0159045290201902,0.0,0.0
dae_clahe_L1,00011237_094.png,11237,mixed_high_risk,0.6401970982551575,1024,1024,993e064cd1faabb8cd87e903a94eb3c47728bfae4d41f240c98433ff9b4caf54,54148894d65b3b2dacf710d9d8395071ca538d472eafd42b2c4d59e20a0c916e,511ecaa4483abb9a4167f4d15b3c169cbe567a12d7b75d794abd3e0271579de8,0.3888222389998645,1,658,511,False,0.17667818069458,0.2704307158902781,0.3683307843565654
dae_clahe_L1,00011269_018.png,11269,mixed_high_risk,0.5565807819366455,1024,1024,993e064cd1faabb8cd87e903a94eb3c47728bfae4d41f240c98433ff9b4caf54,70f03e3b04701c86f0bef6e5cf4711f63161fb2f94cb943e667f1b8e042de06a,f3c713c23b545cd2c5d1c7c2e5528f3c815ace6069b0581bf2b8de357581cd04,0.3877603619998808,0,804,658,False,0.0718016028404235,0.0792609849578558,0.058541797148436
dae_clahe_L1,00011366_002.png,11366,mixed_low_risk,0.560137152671814,1024,1024,993e064cd1faabb8cd87e903a94eb3c47728bfae4d41f240c98433ff9b4caf54,cee7d35f70c98ca2b8b737928fc479a84af362947ce3424c5f7dea5836228ace,63e86b8164a9fd82e331fb8d4aae45f12b4b894aec8dbbca800828e2a18e5136,0.4917467539999052,0,658,219,False,0.3757572770118713,0.0849503810030125,0.0049433564454191
dae_clahe_L1,00011925_072.png,11925,mixed_high_risk,0.7304093837738037,1024,1024,993e064cd1faabb8cd87e903a94eb3c47728bfae4d41f240c98433ff9b4caf54,c8e7d8f7ef6fd8682a18c8b1e01d742c1d07c540f1802d0a7d41549dd83bda6f,bb70a5d4cce95e49c7e4e75e73b9068a1536e505b61b654bad130d29ab81e77b,0.4680480560000433,0,658,512,False,0.0571426413953304,0.0265154127301565,0.0002466493481694
dae_clahe_L1,00012021_054.png,12021,mixed_low_risk,0.587912380695343,1024,1024,993e064cd1faabb8cd87e903a94eb3c47728bfae4d41f240c98433ff9b4caf54,a180008371cbab349de002676d8176a5e33f55b5b275fa2ad63b436de9d70af2,5fd3544b7a0603c0918f72d39ce8e63f2584ef70f1ab3a8ed805d35916419655,0.4933373250000841,1,804,512,False,0.2200263440608978,0.2361840668867112,0.1705082117431451
dae_clahe_L1,00012021_081.png,12021,mixed_low_risk,0.6784055233001709,1024,1024,993e064cd1faabb8cd87e903a94eb3c47728bfae4d41f240c98433ff9b4caf54,649ea3511c4733d61409bfbbd702519d2a5c9e5950e3a9af60a41a4e0c4dedc3,327ffaf006bda23d1ad97e0b60b672c3de134e2f7f11fcde3d0037c162ab0930,0.5484731600001851,0,658,658,False,0.1187164038419723,0.1900548272279088,0.1579203405290361
dae_clahe_L1,00012364_045.png,12364,pure,0.5783793926239014,1024,1024,993e064cd1faabb8cd87e903a94eb3c47728bfae4d41f240c98433ff9b4caf54,40a55f11572beae7872beb62d4b0a50a9802d653acab94251134d2090dfb667b,86bc12b6d66d57d97d0f9a52356613f68253ed84017acffcf608c686d4011d1b,0.5008750780000355,0,366,511,False,0.1176563948392868,0.1474748284837305,0.0746045694200351
dae_clahe_L1,00012376_010.png,12376,mixed_high_risk,0.5910655856132507,1024,1024,993e064cd1faabb8cd87e903a94eb3c47728bfae4d41f240c98433ff9b4caf54,1d9d5a14928f02e01017cb4099748311957dce01454fa049f169a61fe4193e64,836e589c8681741ec758f9f1832ffcee7321cf686f8f540e12d40e3fb4464096,0.5178499260000535,0,658,512,False,0.1022456511855125,0.1281824775813373,0.0942230104790013
dae_clahe_L1,00012505_007.png,12505,mixed_high_risk,0.5420693755149841,1024,1024,993e064cd1faabb8cd87e903a94eb3c47728bfae4d41f240c98433ff9b4caf54,997f2acce125e554844d247f05239323274148ffd498e4081c7f533fadc7d6a1,6eff5c30244e2fbb32cce68e445b1b347e6678d664bcc26c99726828e513d85f,0.4975408020000031,1,365,512,False,0.1923331469297409,0.3463471965708981,0.3087585706751055
dae_clahe_L1,00013106_000.png,13106,mixed_low_risk,0.4682208895683288,1024,1024,993e064cd1faabb8cd87e903a94eb3c47728bfae4d41f240c98433ff9b4caf54,310a153bcf0f034363f7d2e48bee395f8d7bc7f6823508d8b7895b43142d7c3b,2ce54a8d1fc4f6b14a08c7f54727ece4c0cd05db51ef0b61bba30f688f06cd35,0.475625994999973,0,219,219,False,0.1840293407440185,0.1417315685802369,0.0
dae_clahe_L1,00013310_057.png,13310,mixed_low_risk,0.6201642155647278,1024,1024,993e064cd1faabb8cd87e903a94eb3c47728bfae4d41f240c98433ff9b4caf54,1df76a8d062b15085acf16f6b918e4198cbafbd72452381eb4446290bd1ac3c3,9014f41f648fc60de02877341225c017efc37c1325494e59ebe752109fd317bb,0.3472708340000281,1,511,512,False,0.7984200716018677,0.2143713997811021,0.0993403359328408
dae_clahe_L1,00013391_005.png,13391,mixed_low_risk,0.6138651371002197,1024,1024,993e064cd1faabb8cd87e903a94eb3c47728bfae4d41f240c98433ff9b4caf54,a819ed5a35de11fd763db6817059b2f2604d22709a318bee5c1a0cff66fe5c7d,f43640d2ffb9bc7483f53d65d4a229c3ab74aa4dce4ee3d6565bee6fbe867a88,0.355932158999849,0,658,512,False,0.0382375828921794,0.0,0.0
dae_clahe_L1,00013471_029.png,13471,mixed_high_risk,0.5777531862258911,1024,1024,993e064cd1faabb8cd87e903a94eb3c47728bfae4d41f240c98433ff9b4caf54,215355ee65bce6a561c32721e4eee74fca2cc6fcb3926db92283ccbf5a16bd8b,2bc5a669baf5bd25ba43d9ad9a2e8f2dfb0d620d15d049474d13629c7f264d2f,0.4197824370000944,1,804,658,False,0.2258291840553283,0.4069099893957677,0.1689415458214979
dae_clahe_L1,00013670_151.png,13670,mixed_low_risk,0.6044708490371704,1024,1024,993e064cd1faabb8cd87e903a94eb3c47728bfae4d41f240c98433ff9b4caf54,8d07a12cadc5a2af4262bfd453550d65342e15b5c0a779ee02e0a151c47bb388,19ef500562dfd864cdffa605e1785d58fc2bb711e3e7327c56a3d20187d90d57,0.358250992999956,1,657,512,False,0.669152021408081,0.5073966253892389,0.2391461725232002
dae_clahe_L1,00013922_021.png,13922,pure,0.725472092628479,1024,1024,993e064cd1faabb8cd87e903a94eb3c47728bfae4d41f240c98433ff9b4caf54,ab94782bc26cb3bad6b43d2e860a7b214bfb2c50bd3f99425feae0ca9030130e,bcac2f6d5bc682a8b15b75f6164fc6e8466da7a9a59c0d8c991f716ea113db6d,0.3862307780000265,0,658,512,False,0.0815702676773071,0.0574884985433195,0.002244079695711
dae_clahe_L1,00013922_022.png,13922,pure,0.5982000827789307,1024,1024,993e064cd1faabb8cd87e903a94eb3c47728bfae4d41f240c98433ff9b4caf54,60babc91ccb00019a7b001801bc823c786305dda5092ab3244daa8a20f680d37,1974744ec2a48516bf389e98df1438e6f68a3b7cc217af83853d6730cedfafd8,0.3428340639998168,1,658,512,False,0.2287602126598358,0.2478838228560214,0.4873969897846104
dae_clahe_L1,00013993_083.png,13993,mixed_high_risk,0.6145852208137512,1024,1024,993e064cd1faabb8cd87e903a94eb3c47728bfae4d41f240c98433ff9b4caf54,7aa6e09a6d4215a5cdf8f03d72ff30e1017fca30fcbc309ea92947c143233ceb,ce3cab708122c58b8460f2ecee9dde82727cd3f5736bb3e43a5f5b83c713fdf0,0.4241075589998218,0,512,512,False,0.1746000945568084,0.2458874723394597,0.1378558211918095
dae_clahe_L1,00014203_018.png,14203,mixed_high_risk,0.5133556723594666,1024,1024,993e064cd1faabb8cd87e903a94eb3c47728bfae4d41f240c98433ff9b4caf54,8ddc138331106ff6eec3dbd4fb75aa225e1dcebf458b68a481bd8dd357a72f91,ff1a026fb2490e1045f083e6b1ab8fb5818de698badc4a63b2d9690482c5c58c,0.3629058170001826,0,658,804,False,0.0492797642946243,0.0634432042908284,0.0
dae_clahe_L1,00014251_029.png,14251,pure,0.538983166217804,1024,1024,993e064cd1faabb8cd87e903a94eb3c47728bfae4d41f240c98433ff9b4caf54,1944a2be1a0c03a63e3a15c0e3fda828fb212126f5987b30f382551a4fc728e1,3531a45c065277cdfe43feee6571051c5aa9cedb9519537c3260361bb7eee454,0.3588538700000754,1,512,512,False,0.6246305108070374,0.1465129693551488,0.0553472207169126
dae_clahe_L1,00014617_003.png,14617,pure,0.472925990819931,1024,1024,993e064cd1faabb8cd87e903a94eb3c47728bfae4d41f240c98433ff9b4caf54,c48ea3bf182850df640e0b698017a8e0b31836372f59400556539afed9212fcd,acdb5890ef245d819b2d49de0bf1afa5ca2953e01ebd8ee17311b7e5034d35e8,0.3199960259998988,0,804,512,False,0.0144295254722237,0.0,0.0
dae_clahe_L1,00014738_000.png,14738,mixed_high_risk,0.5777164101600647,1024,1024,993e064cd1faabb8cd87e903a94eb3c47728bfae4d41f240c98433ff9b4caf54,d5b813cb34f9f2c19c6d36f7f364b8b8763fea4d97b15616bfc1f5d5d9cb09aa,5aaf494b70bed0d2cdcc2da8676a3c2cab0780bee386256119dd9b18e1d2150b,0.3473010190000423,0,511,512,False,0.281563401222229,0.1925240461884627,0.1176598133736012
dae_clahe_L1,00015069_001.png,15069,mixed_low_risk,0.5400108695030212,1024,1024,993e064cd1faabb8cd87e903a94eb3c47728bfae4d41f240c98433ff9b4caf54,590057df1862e1dc51dcd373246e29576c4086d53274bdc8519c400dcc26fb6c,1e2164e6af11d3b93421745d081a9451be04cf097bba8ae8f0e6b2b60e24c0fd,0.6792845810000472,1,804,658,False,0.4690522849559784,0.1598643658957337,0.0702290931197406
dae_clahe_L1,00015732_020.png,15732,mixed_low_risk,0.6669626235961914,1024,1024,993e064cd1faabb8cd87e903a94eb3c47728bfae4d41f240c98433ff9b4caf54,37b4d49992a96f6c3cdda96d22740222e12d2cfb586963b0466d8ddc581a9488,bf8a6bba842642debeffad4ff6da5bc625589d5ed9d17dd6c18076cd4f718e74,0.3710742559999289,1,804,511,False,0.0887032076716423,0.1016548333191094,0.2140586422243379
dae_clahe_L1,00015831_011.png,15831,mixed_high_risk,0.4605426788330078,1024,1024,993e064cd1faabb8cd87e903a94eb3c47728bfae4d41f240c98433ff9b4caf54,2a37c2e1b6bc4253c1eb0ed98ec7b6aac10e1aa783af208e64ab6051765334c2,d5dcf1ff0cfbff3268d4280ebdb3da537955c8f0e2291175d00272ddfb1d7339,0.3010157579999486,0,219,219,False,0.157917782664299,0.1962012735535434,0.0525665220894171
dae_clahe_L1,00016094_007.png,16094,mixed_low_risk,0.4538291096687317,1024,1024,993e064cd1faabb8cd87e903a94eb3c47728bfae4d41f240c98433ff9b4caf54,2f2a20ae01ed942327bffdb75e912e8cd56f9d40275179bb0e1a6b4152883f41,eb4c7cd7cca00c0079b4267a1cc09ea88e01f43bcc179bb982c68e9148f15dcb,0.3452710920000754,0,951,804,False,0.0010694819502532,0.0,0.0
dae_clahe_L1,00016191_004.png,16191,mixed_high_risk,0.4359968900680542,1024,1024,993e064cd1faabb8cd87e903a94eb3c47728bfae4d41f240c98433ff9b4caf54,22b7a384b8cbbb0d350b856fc183a75816bf48a7e53653df17b1bd6820f99e75,648745ddea7cb7ee4c3fb08ece01b548b6c092f7a4674c102e9cbc9d35c6101c,0.2938634429999638,0,219,511,False,0.0223541725426912,0.0198306054931941,0.0039116719242902
dae_clahe_L1,00016417_008.png,16417,mixed_high_risk,0.4924982786178589,1024,1024,993e064cd1faabb8cd87e903a94eb3c47728bfae4d41f240c98433ff9b4caf54,0e0bf79dd723ba4650ac869dee75c6ee4981f8eb573f353a6bc332c7c15edfa7,92a4afd364515c4fc4af59e6de89f89335f2c8e5619c1acb387d146bee194b6c,0.3273387990000174,0,219,658,False,0.1431691497564315,0.1552415645582661,0.1055935039055423
dae_clahe_L1,00016705_006.png,16705,mixed_low_risk,0.6195039749145508,1024,1024,993e064cd1faabb8cd87e903a94eb3c47728bfae4d41f240c98433ff9b4caf54,4bf7cf0767da7fcdfe8f48d71181e33e604f7a4cda83cd1c50d5d51bfd0a6131,0c28919f70abc4ce13f757eeb944cfbe66ad7cf79a4d2c56f6c7231d10aac9c6,0.370519725999884,0,511,512,False,0.0279471706598997,0.007235067833039,0.0
dae_clahe_L1,00016732_040.png,16732,mixed_high_risk,0.5708065032958984,1024,1024,993e064cd1faabb8cd87e903a94eb3c47728bfae4d41f240c98433ff9b4caf54,821bb900a6b085b066ce4afc385b06e1e6639a15b1ea756d6342503941fa00fb,502bcf6abd02205633ed2d3c07d901c0a443bba29f1e43ad05d2fb04ea89d499,0.3381519669999306,0,512,804,False,0.051286045461893,0.0362994832191866,0.0
dae_clahe_L1,00016786_001.png,16786,mixed_low_risk,0.5197157859802246,1024,1024,993e064cd1faabb8cd87e903a94eb3c47728bfae4d41f240c98433ff9b4caf54,991219ec4eca45ffb8583f9a7ca35c751680fae44c84bceb4cf5ab069cb764d9,2974637ad14f397ccbb2ebdc95c9070911d024666baf6aa3ac20b46a3dd56d3e,0.401679538000053,1,658,365,False,0.4110864400863647,0.4552881508952991,0.197750677506775
dae_clahe_L1,00016786_009.png,16786,mixed_low_risk,0.5913875699043274,1024,1024,993e064cd1faabb8cd87e903a94eb3c47728bfae4d41f240c98433ff9b4caf54,4f1345f38493b952acf9854a6bb7cc28e3f0c7ab96c2a60b3b434bb5e0fafdd8,52f409a29d128f3fe426e5cd7b88e36c503565d4b94544ce66152d5f1d3e4e13,0.3480235289998745,1,512,658,False,0.3113130629062652,0.515336726162937,0.469820193637621
dae_clahe_L1,00017083_002.png,17083,mixed_high_risk,0.5210569500923157,1024,1024,993e064cd1faabb8cd87e903a94eb3c47728bfae4d41f240c98433ff9b4caf54,d00bb958820e72d4eeed62a810862e40aed97f3e7bfe57e1af08da533e1a7101,ca72994f63fbebf7dac76eb9a65732aceac1bd272b1b5b7dcae4ceb3868135e4,0.3256624660000398,0,658,658,False,0.0889871194958686,0.0328330719574018,0.0
dae_clahe_L1,00017138_037.png,17138,mixed_high_risk,0.5741379857063293,1024,1024,993e064cd1faabb8cd87e903a94eb3c47728bfae4d41f240c98433ff9b4caf54,e4bcc6f0ccce23cd81ad2498829244a57764245953ee189521b41f1e393baef0,cdd6d8312cb0a8cdbb0cd434de80d53fcf5ba5c886c0408dc4713d1f5536ebf9,0.4265491120002025,0,804,658,False,0.0464572682976722,0.0,0.0
dae_clahe_L1,00017544_003.png,17544,mixed_low_risk,0.5359669327735901,1024,1024,993e064cd1faabb8cd87e903a94eb3c47728bfae4d41f240c98433ff9b4caf54,2f2a76ed551fb2db49b77a29d1e28a31af2f19dfed107487b73caeaaa8005f34,1617c0ae64f1a98805d6a3f55f62e399c547e9c59cb2181fd97d5a080edf0e1b,0.347610055999894,0,219,658,False,0.4201435446739197,0.4548972818679181,0.3489643721767199
dae_clahe_L1,00017714_009.png,17714,pure,0.5695089101791382,1024,1024,993e064cd1faabb8cd87e903a94eb3c47728bfae4d41f240c98433ff9b4caf54,8f11e5cc7c3fbcbb8a374be0bdce18000a34ea6e93e7e0133f641afab761c1a3,533d41eb83a968b49426be1ae67dd2b633da159a8f2287bf60c2f8ff6a1c59a6,0.3935076610000578,0,658,657,False,0.0501818545162677,0.0657313096859279,0.0524852351597189
dae_clahe_L1,00017972_032.png,17972,mixed_low_risk,0.5499035120010376,1024,1024,993e064cd1faabb8cd87e903a94eb3c47728bfae4d41f240c98433ff9b4caf54,60f164ce0ccd7e3da9edddc10b268e76b84002a983fa7a00074320407a99790c,f04a3b0a62cccdb0e208a174c10979156d8a28732a67c9bec350dd527e854d6f,0.4147202370002105,0,804,511,False,0.0290593039244413,0.0,0.0
dae_clahe_L1,00017981_014.png,17981,pure,0.5850749611854553,1024,1024,993e064cd1faabb8cd87e903a94eb3c47728bfae4d41f240c98433ff9b4caf54,df0bbf1c2f1cd6671f7fb93538d5f5b1a55b3c78d218ead5359b161c5456f29e,c87a941e706297c574c25997586fb958f39f90013d79663aecb16c62da553657,0.5694133930001044,0,804,804,False,0.0708644911646843,0.0885321935249181,0.1800248295598013
dae_clahe_L1,00018253_054.png,18253,mixed_high_risk,0.6065161824226379,1024,1024,993e064cd1faabb8cd87e903a94eb3c47728bfae4d41f240c98433ff9b4caf54,4a2b104dc3520977f3a8ca2d672b8c21dc05c316c54505aede2d2ae0347073ea,38005ba225d832b382daddfdb326e7bfb3f4924a07b63848c5f44fe2894ef3e4,0.49877742700005,0,658,658,False,0.0824476853013038,0.0964591372522816,0.0071326311483791
dae_clahe_L1,00018253_059.png,18253,mixed_high_risk,0.5858170390129089,1024,1024,993e064cd1faabb8cd87e903a94eb3c47728bfae4d41f240c98433ff9b4caf54,c47786c6bfe63a2908cf31a5e0e3eca8252da4b1b2d02f9e5ac688f728f8e0c1,41532295fc85962bfffe4963b3dca5d5a98b2f1fdd5a26a2f005c8ff467fb319,0.4884469730000091,1,219,658,False,0.2184225618839264,0.328046561693291,0.2698043939654678
dae_clahe_L1,00018393_000.png,18393,mixed_low_risk,0.571635365486145,1024,1024,993e064cd1faabb8cd87e903a94eb3c47728bfae4d41f240c98433ff9b4caf54,d5465a2e56919510c814cf56643d29bd453f9ed93ef412386f40e252df1a8036,469944369bbd54c0615704652b90831a6f6b1214b6dafb5d64af82eed9950737,0.467015597999989,0,804,658,False,0.1178921610116958,0.1617311806586623,0.1951870787065681
dae_clahe_L1,00018721_010.png,18721,pure,0.4701413512229919,1024,1024,993e064cd1faabb8cd87e903a94eb3c47728bfae4d41f240c98433ff9b4caf54,740454f2b4e9f903f9ea9dd385ae91abf9c592a75fbf78cfde5e5a4f7b8af8e4,545d129d7e53d6c14e934c0f60f83af7d00d0d4a5d231f2da94ba6f667c47eba,0.5426468799998929,0,658,658,False,0.0052594728767871,0.0,0.0
dae_clahe_L1,00018921_038.png,18921,mixed_low_risk,0.6516697406768799,1024,1024,993e064cd1faabb8cd87e903a94eb3c47728bfae4d41f240c98433ff9b4caf54,0d7d6f723cd982f3e3a43ed336512b33837830a01f75d684487a68504f83dadb,ab18566ae42d5184240d226c7b116d397acdcb273e35e9b07c55299cf911e883,0.5380231389999608,0,658,511,False,0.1294780224561691,0.0600967545573959,0.0037221045772927
dae_clahe_L1,00019018_007.png,19018,mixed_high_risk,0.6081243753433228,1024,1024,993e064cd1faabb8cd87e903a94eb3c47728bfae4d41f240c98433ff9b4caf54,65beedc8d51ffb65760ecbe6c614ac9cca5b3349126b39a115ba2514a44a350b,c6b4ee16b05e94577c8fc8ca8bafbe2abd1b1f3cbeaa1d302222b35d98a810b6,0.5573844349999035,1,658,658,False,0.539697527885437,0.3166526629225077,0.1801782499161969
dae_clahe_L1,00019150_002.png,19150,mixed_low_risk,0.5794264078140259,1024,1024,993e064cd1faabb8cd87e903a94eb3c47728bfae4d41f240c98433ff9b4caf54,f4028d3b6aca895845ac988d910865de84564162ef0f4fd30e1eb0f13363299b,d69b284e5ebd4cee321befe85281827cb6f2017d250c0e15dae337433325cca3,0.4742637589999958,1,658,658,False,0.3300932645797729,0.2592950179769823,0.1791936901277516
dae_clahe_L1,00019363_043.png,19363,pure,0.503548800945282,1024,1024,993e064cd1faabb8cd87e903a94eb3c47728bfae4d41f240c98433ff9b4caf54,7648633db6089b700ecf0c399d1246d4b15130424cc8f316c6279f4078d9d8b5,b82ba1a8554d755de7f4a48a4553cf2695a84024700f98d0760a400bfa699688,0.3624391480000213,0,365,804,False,0.1257427930831909,0.156655165202844,0.179356861254928
dae_clahe_L1,00019625_002.png,19625,mixed_high_risk,0.6105953454971313,1024,1024,993e064cd1faabb8cd87e903a94eb3c47728bfae4d41f240c98433ff9b4caf54,ef51c71c6fc5979446d47e559b8f9eb62077592366e799c4d4dff1a4d3f53435,b67e33bbeaa75f8b69d87962cb01cf7593f3aa9ebdf597399fb8612eba8e9e30,0.3670420099999774,1,657,512,False,0.7333385944366455,0.6289522217357268,0.4133910422269988
dae_clahe_L1,00019634_004.png,19634,mixed_low_risk,0.4826805293560028,1024,1024,993e064cd1faabb8cd87e903a94eb3c47728bfae4d41f240c98433ff9b4caf54,5d20071ea5a47b4e9fdaadfc91c060d278cfecc3024996268e90f1c487be5da5,ca5f4b89b49e9fcd536becb4cffbf9e49fc2a2ae5ab628579ab11af6ada2ae25,0.3612152470000183,0,511,804,False,0.0967541337013244,0.1274181332717166,0.0438215835526783
dae_clahe_L1,00019646_006.png,19646,mixed_high_risk,0.521813690662384,1024,1024,993e064cd1faabb8cd87e903a94eb3c47728bfae4d41f240c98433ff9b4caf54,a11978929f110cbfe315866ed1591a104c3620f016ca795989a953c127599916,4ab3741148ecf8c1f407da9d9274683aa116ef1e03fa1af6f9bfd07204275553,0.3800333699998646,0,804,365,False,0.0489647351205349,0.0337669354813667,0.0095825728116816
dae_clahe_L1,00019706_012.png,19706,mixed_high_risk,0.5660281181335449,1024,1024,993e064cd1faabb8cd87e903a94eb3c47728bfae4d41f240c98433ff9b4caf54,89ba6c9e0629f9aefa34a51188417a0e49bc5b4726ef604934b3577e2620bfed,da6af87ac9b8339491c10caca94eb26dc2910f987d796fd4df7ffe1d2df997c4,0.3885902249999162,0,512,804,False,0.0081093711778521,0.0,0.0
dae_clahe_L1,00019750_012.png,19750,mixed_high_risk,0.6036825180053711,1024,1024,993e064cd1faabb8cd87e903a94eb3c47728bfae4d41f240c98433ff9b4caf54,96dbdd55dc7b713a1a092cf39a5ff48fad9e83dc8fb5d915e86548598219c134,4298677dce92598b8bd6859acad741aa8acb7e5dfc1996894c94af1abc8c8fb4,0.3857705859998077,1,658,511,False,0.5053654313087463,0.1892985550780268,0.129234375767097
dae_clahe_L1,00019750_029.png,19750,mixed_high_risk,0.5787830352783203,1024,1024,993e064cd1faabb8cd87e903a94eb3c47728bfae4d41f240c98433ff9b4caf54,d58b16b19ab81decdf202b2d914a9c180372c9442372a658a47ac93893e9625a,5b34995a7d777d97fc5af2544d48e39f6d81dff1ba8b6f054518807f8ee90898,0.3773370600001726,0,658,658,False,0.0906581655144691,0.1187040334670097,0.0928142174739329
dae_clahe_L1,00019769_014.png,19769,mixed_low_risk,0.5471652150154114,1024,1024,993e064cd1faabb8cd87e903a94eb3c47728bfae4d41f240c98433ff9b4caf54,fc34cfa374fb6ccb379b72f6d3d0cd4c2c52b9c7f4d9b06836dfb5fe36a1d9ed,1e78e09b0f17e93d112ebca51672971d11ac4f28e1fcf91fa9c18d43039d1206,0.3674000130001786,0,658,658,False,0.0728774666786193,0.0951503320719325,0.0297782941541595
dae_clahe_L1,00020113_030.png,20113,mixed_high_risk,0.5340354442596436,1024,1024,993e064cd1faabb8cd87e903a94eb3c47728bfae4d41f240c98433ff9b4caf54,6c5eed946c86c49734d071bdd35169e3d30071eff0af63e5c756c1edc467c436,03c320d27ad41e836ea33916856d46f53582b61cbb31e22646e96e5e1a83e5fa,0.3701277689999642,0,658,511,False,0.0463004261255264,0.0690833372769864,0.0
dae_clahe_L1,00020184_013.png,20184,mixed_high_risk,0.5434033870697021,1024,1024,993e064cd1faabb8cd87e903a94eb3c47728bfae4d41f240c98433ff9b4caf54,8808ae50e1a33926f79326d0b2ff44a025245dbec1725b4b18f68c962cec30a7,8e7c4f07e37db91989e97eaf23153b8a03a7784f18b8793ee73a2bd9a41fff0e,0.3522578580000299,0,658,658,False,0.0328563787043094,0.0,0.0
dae_clahe_L1,00020259_002.png,20259,mixed_low_risk,0.5640785098075867,1024,1024,993e064cd1faabb8cd87e903a94eb3c47728bfae4d41f240c98433ff9b4caf54,fcdf1034545f0ba776aac801ea51c7563b566fc6fb46aabf63de3a3f3e875c49,2a0ddd7f4569367e3d265284b7ec5e4ef85fe79e7bf5b5ebb26e27f2a152ccc7,0.3520324319999872,1,658,658,False,0.3347311913967132,0.3959610753916044,0.4097530082330589
dae_clahe_L1,00020405_041.png,20405,mixed_high_risk,0.5008300542831421,1024,1024,993e064cd1faabb8cd87e903a94eb3c47728bfae4d41f240c98433ff9b4caf54,5f53242888dbf1dcba0a2e417d8a185a3d5422738a9c2403d20bffa5ca79c658,d0104b456f4203c6567a73aaa71db93557125f6b59432600c27339677e240429,0.3562887519999549,0,658,219,False,0.2040435224771499,0.2534282903654274,0.1591865463792686
dae_clahe_L1,00020482_011.png,20482,mixed_low_risk,0.6108289957046509,1024,1024,993e064cd1faabb8cd87e903a94eb3c47728bfae4d41f240c98433ff9b4caf54,44e8af8a61bf7e1d06d905d6caf079e0d781fb5111695cb3329d0e8060567f24,e54be0d41a9aeb3f36a323ce4ba043926686f2b1ebc3a7e09688bf501145e411,0.3365793160000976,1,658,658,False,0.2161966860294342,0.2751417978663608,0.2751965020926197
dae_clahe_L1,00020482_032.png,20482,mixed_high_risk,0.6935960054397583,1024,1024,993e064cd1faabb8cd87e903a94eb3c47728bfae4d41f240c98433ff9b4caf54,9d48880700951f69d7087a9b4651114085de2efb9d3b9144041ccd5e7a81d8c3,35d18f7fe38e9e0a496ee4c665d9b0f006975c3b426c69cb3a1e336a3a5bcc83,0.3980751490000784,1,512,512,False,0.280350923538208,0.3730749630218886,0.6626272876376123
dae_clahe_L1,00021009_001.png,21009,mixed_high_risk,0.5595662593841553,1024,1024,993e064cd1faabb8cd87e903a94eb3c47728bfae4d41f240c98433ff9b4caf54,c5cd95eaf8534562c9f3e407307bdf7bf5b80dfd2168cd7c35408f64067eedcd,1c5353006541004d978f9ee939c818bf3e45641f5405e0fb301e0f679f09514c,0.6185520670001097,1,511,511,False,0.6381723284721375,0.3621948359101659,0.2344849183004708
dae_clahe_L1,00021201_010.png,21201,mixed_high_risk,0.4894291460514068,1024,1024,993e064cd1faabb8cd87e903a94eb3c47728bfae4d41f240c98433ff9b4caf54,a9ce2579f03b73b24cc22c662f41dee49322e6bf7be849b728282a7f18114de0,a58219edc3cbbde69a5ae666fc88bf61805bb6cd82c42e63d5573fa9013b8a8d,0.3670083859999522,0,804,804,False,0.0659767761826515,0.0048511917605258,0.0
dae_clahe_L1,00021703_001.png,21703,mixed_high_risk,0.5506264567375183,1024,1024,993e064cd1faabb8cd87e903a94eb3c47728bfae4d41f240c98433ff9b4caf54,ca8b9528915a9714b3f84ff8b6be8f60ab46e25f0a576bd9c51e6224bae8de34,d50d55b8533054e28e9a804a69597723bedcc5278621c94d7b3280b73cb72df2,0.4130289989998346,0,658,511,False,0.0001132044271798,0.0,0.0
dae_clahe_L1,00021710_003.png,21710,pure,0.576450765132904,1024,1024,993e064cd1faabb8cd87e903a94eb3c47728bfae4d41f240c98433ff9b4caf54,e3145012101ddb5d7bb99f1cd26c008d058e78a00d781d0727c67b1b884169da,1999cfafdbfde18935528f063b6a70a5968cabbb1ab765af5e43d1820c70d59a,0.3829934190000585,0,219,365,False,0.0657765492796897,0.0885612369060688,0.0533802663570054
dae_clahe_L1,00021840_016.png,21840,mixed_high_risk,0.5190904140472412,1024,1024,993e064cd1faabb8cd87e903a94eb3c47728bfae4d41f240c98433ff9b4caf54,9aef59aa3ba7f0f9787695ff2f76cc9718f1a929599df1feda1a40279feca224,17dd5db7d2df08a2db5b097ff17e8a8f9875fc887fd377666426cb6868fc9aa0,0.3273290370000268,0,804,512,False,0.0044000521302223,0.0,0.0
dae_clahe_L1,00021926_007.png,21926,pure,0.5785483717918396,1024,1024,993e064cd1faabb8cd87e903a94eb3c47728bfae4d41f240c98433ff9b4caf54,40b2accca2c044fc2a7dc7a17310f74214a6663f263788e3301d69a9af40ff1a,505dc353962674726f912f62b1fd4f3335d86b37222e999ab7d33931320a144d,0.3913281630000256,0,512,658,False,0.0371320433914661,0.0,0.0
dae_clahe_L1,00022369_013.png,22369,mixed_high_risk,0.5207272171974182,1024,1024,993e064cd1faabb8cd87e903a94eb3c47728bfae4d41f240c98433ff9b4caf54,1a6a658debfd56c71f410110d8daa4dbeacef49102c224a956f94dbabdbe1980,d3adea3f14c4b0e40c10c8f7a17b4631af7cf6d9b963b97bc58e75b39759b917,0.3695791249999729,1,365,511,False,0.2096588462591171,0.2344898897058823,0.1606143503370344
dae_clahe_L1,00022416_048.png,22416,mixed_high_risk,0.5728368163108826,1024,1024,993e064cd1faabb8cd87e903a94eb3c47728bfae4d41f240c98433ff9b4caf54,0346e2664ed27b3b8d2b19f00e8a11e882e719133fa4a36b7cc31b6a6991c171,1128faaea5a6e7e86a201ec5431d23059b4ff2bb5538c6f29f25ac240f997abd,0.3823553330000777,0,951,365,False,0.4867677092552185,0.3608276326118649,0.2078337283922067
dae_clahe_L1,00022470_006.png,22470,mixed_low_risk,0.5349838137626648,1024,1024,993e064cd1faabb8cd87e903a94eb3c47728bfae4d41f240c98433ff9b4caf54,907f8f7ee8efda6c6c3eb6f4b1333cd7b6ed2c41d9bd8decbec9a3afe0e077f2,b53ac828392b470227b4940f7257e410108287704f7a2200ad98a1b390756cd4,0.339807361000112,1,219,511,False,0.6965468525886536,0.1289902820082468,0.0547135045173561
dae_clahe_L1,00022727_000.png,22727,mixed_low_risk,0.5340845584869385,1024,1024,993e064cd1faabb8cd87e903a94eb3c47728bfae4d41f240c98433ff9b4caf54,12d82bf1059ae35d2b761178f72643583d20f6540fed1c925cd95f110775b684,35467afb78dcd9264a71a840b5f88c79df3afaabb4baeb0c7b8a388802e9afc9,0.3208251929997914,0,365,657,False,0.2883094549179077,0.142916143993556,0.0715036053930606
dae_clahe_L1,00022899_014.png,22899,mixed_high_risk,0.6528658270835876,1024,1024,993e064cd1faabb8cd87e903a94eb3c47728bfae4d41f240c98433ff9b4caf54,e52295ec8b0f793b669edb9890892b8f9d97605fdda8884ec5c0a85a32a7301e,a33254f02b348c930a032ff276cc09f84a865339b15f8e959936a7fb299827f4,0.4261327479998726,0,658,804,False,0.0426560975611209,0.0,0.0
dae_clahe_L1,00023026_008.png,23026,mixed_low_risk,0.4964298605918884,1024,1024,993e064cd1faabb8cd87e903a94eb3c47728bfae4d41f240c98433ff9b4caf54,71fbdddf5f357b26a61b64f341d28aacbcf6bc77086e563704f645c134f1739a,34f6224735a8eaff0292131237ef4295d1ecb98b82e0f7d5e6ce73ec81123839,0.5056020219999482,1,658,658,False,0.5134139657020569,0.1266298962082094,0.0600864726087784
dae_clahe_L1,00025521_003.png,25521,mixed_high_risk,0.563786506652832,1024,1024,993e064cd1faabb8cd87e903a94eb3c47728bfae4d41f240c98433ff9b4caf54,59b75a8b2d3ad3daf29e6432e2b5e57f8af68a35a49aa29b8dda3a887368eb5a,e7b20453d643504590bf064c69795062475711164e12672af778fe56920f7ed7,0.4843046509997748,1,658,658,False,0.1805624514818191,0.3024975514201763,0.2646507346674394
dae_clahe_L1,00025787_027.png,25787,mixed_high_risk,0.586231529712677,1024,1024,993e064cd1faabb8cd87e903a94eb3c47728bfae4d41f240c98433ff9b4caf54,06fe8fbe64dcbe0acba5af9805234d215e3da244fdbc8121118049aa267186dc,9db271a6d39885ead6aeb6558cc8ed9b78817682624a2a3e48a6b0ae7412062a,0.7560322510000788,0,804,219,False,0.1150665208697319,0.0776064019190764,0.0060009366813687
dae_clahe_L1,00026098_003.png,26098,mixed_high_risk,0.6913903951644897,1024,1024,993e064cd1faabb8cd87e903a94eb3c47728bfae4d41f240c98433ff9b4caf54,60fb9bc8782be5c36f1e83f2a53bf0aea443c128522d7a20c2db4890fd8915d0,d9b986bb9cb07e9eb65c1e5db1ed6f8c94455242734e2b19667dd1e39f9c5b3f,0.5444838089999848,0,512,511,False,0.0263566654175519,0.0,0.0
dae_clahe_L1,00026194_010.png,26194,mixed_high_risk,0.5990896224975586,1024,1024,993e064cd1faabb8cd87e903a94eb3c47728bfae4d41f240c98433ff9b4caf54,86c2b28e7392cba1499ea86f498425432d38f3fe820fce3d5cd41ad41c3aa85f,6afa79672b43441abd77b8e7aeacb37025979f29c291d3064fbfd952b29e3110,0.532248700999844,0,512,658,False,0.0236471500247716,0.0017587479389672,0.0
dae_clahe_L1,00026538_012.png,26538,pure,0.6487953662872314,1024,1024,993e064cd1faabb8cd87e903a94eb3c47728bfae4d41f240c98433ff9b4caf54,ae08e4961f5717a68da2be458d1f52c0fb648dc4e01c1c69f3b0b53acf2ed0fd,beffa03d5b50cb66013e9fb3cc6bd25d1578ddbb8df5e76e9e45ed5340e243d5,0.4906626710001092,0,511,658,False,0.093216173350811,0.1371984255983682,0.1505123646601912
dae_clahe_L1,00026538_034.png,26538,mixed_high_risk,0.6027259826660156,1024,1024,993e064cd1faabb8cd87e903a94eb3c47728bfae4d41f240c98433ff9b4caf54,4b1f227eb7e57f3434048e198887beecbede4c6eac03b2701ff668e9bd3bb272,cec26ab66b17b3daefac06f9957fd6753983f42b7af9d603fb7e704ea0043660,0.5693554939998648,0,512,365,False,0.1034116446971893,0.110657105261501,0.067316101447867
dae_clahe_L1,00026865_003.png,26865,pure,0.4975256025791168,1024,1024,993e064cd1faabb8cd87e903a94eb3c47728bfae4d41f240c98433ff9b4caf54,da2fe9ecd1e1aeb5f0e68a84812afe8c5f325eefa9ab754b8690adb19fdefde3,6ad8602f7e07017cb00df99cde3837022a54b1631ca81ba8805943458f6ae279,0.4740899290000016,0,366,658,False,0.0524345450103282,0.0534045059268726,0.0175673114332172
dae_clahe_L1,00026911_000.png,26911,mixed_high_risk,0.5282983183860779,1024,1024,993e064cd1faabb8cd87e903a94eb3c47728bfae4d41f240c98433ff9b4caf54,7d4dc1dd6f94b61e6045725083313af89492b471a73ba9277514193342f630c3,23c975432d22cfad3ab29059240cacf57085f89510ffa5340a071d83c6667eb5,0.3660910610001338,1,658,512,False,0.3038612604141235,0.4237234562225223,0.2213834785161985
dae_clahe_L1,00027113_002.png,27113,mixed_low_risk,0.5417455434799194,1024,1024,993e064cd1faabb8cd87e903a94eb3c47728bfae4d41f240c98433ff9b4caf54,eb848ab68accb4a1149602914788a488f6ac5fb42b2a6611aa83c48eb4d9d63b,9553dfb09eb6fc347cba93ec03fd88d531ef49c2ffd4ae0c4c40ae2e9f08fa0e,0.3448143830000845,0,365,658,False,0.0885112062096595,0.0256333579908819,0.0
dae_clahe_L1,00027357_014.png,27357,mixed_high_risk,0.5625337362289429,1024,1024,993e064cd1faabb8cd87e903a94eb3c47728bfae4d41f240c98433ff9b4caf54,d1c6e2259fdb160c4b347836cce177c83c5fee514f3c772b9030e7f520c0eac1,f73b2be18b9e834e29446b3ca05a5289e3072a2b97c3afacfdff2052a751e317,0.3453114379999533,1,658,512,False,0.1156463474035263,0.1417258400865823,0.3262732540408661
dae_clahe_L1,00027441_002.png,27441,mixed_high_risk,0.6173661351203918,1024,1024,993e064cd1faabb8cd87e903a94eb3c47728bfae4d41f240c98433ff9b4caf54,5c20eef848640fbe29989398e092608504415966ac11305d7d2b2a6bc89005b7,b7f31be507678c8122fa64f4871ac0ec1f67ea5281cccd2e8131a177a27f9ee1,0.3947231009999541,0,658,658,False,0.0255120247602462,0.0,0.0
dae_clahe_L1,00027479_013.png,27479,mixed_high_risk,0.5357547998428345,1024,1024,993e064cd1faabb8cd87e903a94eb3c47728bfae4d41f240c98433ff9b4caf54,3cd00c2cc6e0975dc3b26332a40599827d95c52b127fc2014d67233367ff4d86,255dbde5a90c02aa0391ff237670e10f6ad8b566b88e67978add8315a9e0b62f,0.3487062220001462,1,657,512,False,0.4971712529659271,0.3511637567165579,0.2173439806029939
dae_clahe_L1,00027927_008.png,27927,mixed_low_risk,0.5402889251708984,1024,1024,993e064cd1faabb8cd87e903a94eb3c47728bfae4d41f240c98433ff9b4caf54,a4234488a6cdce07c18d1811799991c5dd1cb87fc695f74e9ed4c6eccf92377d,d100b1a664fb59a6555cbe96be283966a9cf726cccc9b614ef2f965c061e3d94,0.3642269419999593,0,658,512,False,0.040248230099678,0.0,0.0
dae_clahe_L1,00028208_005.png,28208,mixed_low_risk,0.5572874546051025,1024,1024,993e064cd1faabb8cd87e903a94eb3c47728bfae4d41f240c98433ff9b4caf54,f9617d683b16940842dee3bfd14a142b2ec9a80c8989813bf7585820f7ac581a,0fb73ae7df248fa5f886c8c84db0d33dec2c334fdcd2c7e76b6f71a96ce184a5,0.5230027549998795,1,658,658,False,0.5155285000801086,0.4060517948857305,0.2571479129025649
dae_clahe_L1,00028285_014.png,28285,mixed_high_risk,0.6307684779167175,1024,1024,993e064cd1faabb8cd87e903a94eb3c47728bfae4d41f240c98433ff9b4caf54,2d2a3cffc054f17c137d871e9b73e248cb653370eb52f42b8c74925f1a64740a,a7f38af3613f9b7d4308daf5fb1a21ba3fb7ec1c41126cd7b144150b4561382c,0.3612111550000918,0,365,511,False,0.1043527498841285,0.0913259544741762,0.0469850452016238
dae_clahe_L1,00028383_002.png,28383,mixed_high_risk,0.6125433444976807,1024,1024,993e064cd1faabb8cd87e903a94eb3c47728bfae4d41f240c98433ff9b4caf54,be6d910775f6cd35ac8dccf112f0b8a51de97060d06ed8f1e396e4199d9fc1a6,4a4dfa1485f283a426cc69d10f61a2183a9be20bcdb910fe5dfc699527b90395,0.3956991659999858,0,512,658,False,0.1887152045965194,0.0830230746385575,0.0
dae_clahe_L1,00028518_012.png,28518,mixed_high_risk,0.7064374685287476,1024,1024,993e064cd1faabb8cd87e903a94eb3c47728bfae4d41f240c98433ff9b4caf54,145136816a9ef2055887268f632167daf095dfe4f4249f9804c0b8ef4df9c13e,772851bba0a19cfc566d3584b09479b782ea64592c24c6a741001f4fabadbcb4,0.4060872909999489,1,658,512,False,0.4464659094810486,0.420482687291652,0.2296929127705571
dae_clahe_L1,00028640_003.png,28640,mixed_high_risk,0.648085355758667,1024,1024,993e064cd1faabb8cd87e903a94eb3c47728bfae4d41f240c98433ff9b4caf54,5a0cc8a760e1550af73e9939f82f2d6c3d5eeb4cf1747b72fa7d76bd85223d25,fe9f913f5407f48ff271fe91628847ef2c5bdfed5602a8be517ecf4f1fa3f815,0.3884958279998045,0,512,658,False,0.0850853025913238,0.1070995068217523,0.2341518065540098
dae_clahe_L1,00028640_008.png,28640,mixed_high_risk,0.6151570081710815,1024,1024,993e064cd1faabb8cd87e903a94eb3c47728bfae4d41f240c98433ff9b4caf54,c1d099b280d41f278d10b2a4c7f2cb5ebd73744c452979e19f7afe2672f9ba9a,2d86a08dd5baca725472a1e11e63e2fdc6a1b6be491718725744ac17dcc0e424,0.3769350470001882,0,658,804,False,0.0349201224744319,0.0,0.0
dae_clahe_L1,00029039_020.png,29039,mixed_low_risk,0.5387786030769348,1024,1024,993e064cd1faabb8cd87e903a94eb3c47728bfae4d41f240c98433ff9b4caf54,d4919e08e096c23a19df0eabe805e2fb50ceb16509bb0eb2acb5467e7cc82874,517dccd9d99f1b2fed98ab3585ca29199b25ecf688cf9b5151659cb798d001dd,0.3540025049999258,1,511,511,False,0.6288026571273804,0.2506875985870418,0.0948064201395962
dae_clahe_L1,00029404_004.png,29404,mixed_high_risk,0.644440770149231,1024,1024,993e064cd1faabb8cd87e903a94eb3c47728bfae4d41f240c98433ff9b4caf54,23227659abe6436b6bde7cd4c195f114207fdef9248dd38675be500a15133566,6e277d0a1c40cbef1ca28eb48e5bc404dd42b5ff9e5c07428a95d88095c7a9d9,0.3672491879999597,0,511,512,False,0.074646919965744,0.0622787525163706,0.0243327408669594
dae_clahe_L1,00029431_000.png,29431,mixed_low_risk,0.4891956746578216,1024,1024,993e064cd1faabb8cd87e903a94eb3c47728bfae4d41f240c98433ff9b4caf54,2b07efa17461b64842ef64a551680f78332a6767d1d84d29b2ecf26346cc7e35,ab23fc3d8dc801e782078bbc48867497a9ccdb4b90e976f01fb3dd23c56cb7cd,0.3769408260000091,0,657,0,False,0.0729967728257179,0.0092384265327923,0.0
dae_clahe_L1,00029532_014.png,29532,mixed_low_risk,0.5157232284545898,1024,1024,993e064cd1faabb8cd87e903a94eb3c47728bfae4d41f240c98433ff9b4caf54,b7b264be66d3b76b38e87e98f0ab3f9fcc32bd99aaafdbbdbed1229fa1c24d09,ca77b1226de6330fde9f3d1f6e1edb6dfa52ce418f222e1bafce9abb77906f99,0.3743243819999406,1,512,804,False,0.1262232661247253,0.1537250453239469,0.2217150964356939
dae_clahe_L1,00029617_006.png,29617,mixed_high_risk,0.5998356938362122,1024,1024,993e064cd1faabb8cd87e903a94eb3c47728bfae4d41f240c98433ff9b4caf54,9b47d9046b5cd2babd9590fd406b6e1a9652bb9a3de073843305cf8668911cb8,92eb2ba05bdd6bac37c65457e21ed8762cea9b43060f710a8c1b1521ac3a40d4,0.345667222999964,1,658,658,False,0.1954898983240127,0.2124834583149537,0.2982816553212973
dae_clahe_L1,00029861_013.png,29861,mixed_low_risk,0.6035289764404297,1024,1024,993e064cd1faabb8cd87e903a94eb3c47728bfae4d41f240c98433ff9b4caf54,04f25b25c4f053163fbc98187da446c3cfb3318e43a5351df59e81de074ce107,c58eece5ff966c90f4528dd881e637cb31051c73b489cd29e206ef9bb0e7a4e4,0.3774460340000587,1,512,511,False,0.6421219706535339,0.3539710667912492,0.11600234657628
dae_clahe_L1,00030323_028.png,30323,pure,0.6800717115402222,1024,1024,993e064cd1faabb8cd87e903a94eb3c47728bfae4d41f240c98433ff9b4caf54,fb72ff3b4a20d0c7b92bd2b7d56925cca2f8bf85f3c0a4120ce3bd9fa3fa6866,4eade151be1fc875b21c00bbef7363e1262ac91acf74eda73541f58a2c2db9de,0.4192319969999971,0,658,511,False,0.198012426495552,0.1536970517425716,0.1195311435191495
dae_clahe_L1,00030408_013.png,30408,mixed_high_risk,0.6263114809989929,1024,1024,993e064cd1faabb8cd87e903a94eb3c47728bfae4d41f240c98433ff9b4caf54,e8380700c6973a05c124b51ce44f90d5b88973e4d0a6f4ee969498f70513b101,ca00e8b75dd873ab58992e4d1eb01790bc334e78fbc64617e13b2d23620b35c8,0.3623047660000793,0,511,512,False,0.028900945559144,0.0028046522999545,0.0
dae_clahe_L1,00030573_002.png,30573,mixed_low_risk,0.589554488658905,1024,1024,993e064cd1faabb8cd87e903a94eb3c47728bfae4d41f240c98433ff9b4caf54,6d1393916dad35e0ec11511488a3dc67754de20e187c07f05f12156cbc4bf7c8,afd52c849a64688973a404691f94f4062c8de8f3122c785ea1ea535df5a2e715,0.4427288960000624,0,804,658,False,0.0190683286637067,0.0,0.0
dae_clahe_L1,00030636_004.png,30636,mixed_high_risk,0.6135157942771912,1024,1024,993e064cd1faabb8cd87e903a94eb3c47728bfae4d41f240c98433ff9b4caf54,3ce7be334d584e5e83e7312430fdd307b5b9923f5d8c1ed7caf8257f6e529e6c,b9256b3e6e1ae6934eb1141f59b6b4c055bf2bc3580ff7d3fd07f28754f921b5,0.3930459159998918,0,219,511,False,0.0688418745994567,0.1159779775543921,0.072414848419385
dae_clahe_L2,00000032_037.png,32,mixed_low_risk,0.6300338506698608,1024,1024,ebfabace42146511f8ebd3699a3d4a8940efef99f51ac722429c6bbbfddca4cb,e13dd719470800d2fc1921ff465a3e3fa1c4188b5aa4a73f21c814904344d1c7,436af61c7844e3d468086c1a5153ee06d8cde22031b08488f508660487c76582,0.5021143569999822,0,511,512,False,0.0982398316264152,0.1104938595112066,0.1183131519002517
dae_clahe_L2,00000211_016.png,211,mixed_low_risk,0.5966065526008606,1024,1024,ebfabace42146511f8ebd3699a3d4a8940efef99f51ac722429c6bbbfddca4cb,b3e110d21445f6be1e6d3a46e0758db47787ae66978bc40eb7659510bf9d237f,81a271b16e47fae0470acbb6095cb9f682633112ed1e6ef0513b332e2f6ccb01,0.4850327480000942,0,951,804,False,0.0521592274308204,0.0057488527325823,0.0
dae_clahe_L2,00000468_041.png,468,pure,0.6571908593177795,1024,1024,ebfabace42146511f8ebd3699a3d4a8940efef99f51ac722429c6bbbfddca4cb,bf3332854842609a3317d6e4c27f26ccce30599bb5713e4db2d79e6699b62d1e,2fd4de298ef042191bba0c90a1fc26489acca3822ed1ee6228e28c2422ded62d,0.504368083999907,0,657,658,False,0.0065306331962347,0.0,0.0
dae_clahe_L2,00001039_005.png,1039,mixed_low_risk,0.5245496034622192,1024,1024,ebfabace42146511f8ebd3699a3d4a8940efef99f51ac722429c6bbbfddca4cb,2e5981fcb44692a26dd3d0dc2719529e44dde9fa4c9857eeb8a294e1c2ef0c6e,cbf51556dd476f1d35a8f588621062dce8d9860b02ee65b6e4f4fb84a9b4272e,0.3686403940000673,1,658,511,False,0.2305836677551269,0.3581802674098723,0.2608106582364232
dae_clahe_L2,00001900_026.png,1900,mixed_high_risk,0.516659140586853,1024,1024,ebfabace42146511f8ebd3699a3d4a8940efef99f51ac722429c6bbbfddca4cb,4c57627c8624707726d51869a87b59e60e25d90859fdab95312de9a45873fc6a,145e919cc0527884ae039a6a676d438f51b78ee15b93d00ab76ad434cd34c812,0.3481559619999643,0,658,951,False,0.0141801200807094,0.0,0.0
dae_clahe_L2,00002224_007.png,2224,pure,0.5849127173423767,1024,1024,ebfabace42146511f8ebd3699a3d4a8940efef99f51ac722429c6bbbfddca4cb,399255dd613d7ae9b24c4ef7b215d2bb823e125f450471df502e6de51f5b370d,0565ec2c3009fb6e93d6ff282d7ce5299574665b3552a46263ea1413933240a3,0.3534053339999445,0,512,657,False,0.0086290938779711,0.0,0.0
dae_clahe_L2,00003149_007.png,3149,mixed_high_risk,0.6339043974876404,1024,1024,ebfabace42146511f8ebd3699a3d4a8940efef99f51ac722429c6bbbfddca4cb,c9c6ccdb6fa889d9e9d20422e475ffd6eeb1fc596e40023d5eb34dab296936c5,0d63244c42371a52245c6b8e0c6d5fdff76e6daa8bff6e93df569df1f041ecde,0.3759976429998914,0,512,511,False,0.1916249394416809,0.2733444285327244,0.4797711651644236
dae_clahe_L2,00003333_002.png,3333,mixed_low_risk,0.5785151124000549,1024,1024,ebfabace42146511f8ebd3699a3d4a8940efef99f51ac722429c6bbbfddca4cb,27504660215a9853befac6d83d23976faa01b841060320a666e3011135bb953d,96e0c102b0def8e864882a1ecd6113c2515890e1a4a41c0f721819b9f99b94c1,0.3592608509998172,0,658,658,False,0.2853931188583374,0.2753030714253404,0.1847953038967342
dae_clahe_L2,00003973_008.png,3973,mixed_low_risk,0.5206847786903381,1024,1024,ebfabace42146511f8ebd3699a3d4a8940efef99f51ac722429c6bbbfddca4cb,4a3668e6bcaf7ced69b853286f0c2c9d48fa0709a9b426867cc90e46be37695f,8573455d275c9dc7489304af2928badff6f9704681ad82cc71e2e70814a37346,0.3651420219998726,0,511,658,False,0.072351224720478,0.0810762441659484,0.0921295271815298
dae_clahe_L2,00005066_030.png,5066,mixed_high_risk,0.6330918669700623,1024,1024,ebfabace42146511f8ebd3699a3d4a8940efef99f51ac722429c6bbbfddca4cb,30eaef201ea5782a5d8453271999b8413f75c455df28e764f821e109abbc526b,64f60fc7de13899833b5a40cc50d05c69abcde7cb83f36538176aa958b96561c,0.3583303099999284,1,658,511,False,0.1136888861656189,0.1741186995051857,0.227952342737206
dae_clahe_L2,00006096_010.png,6096,mixed_high_risk,0.5394314527511597,1024,1024,ebfabace42146511f8ebd3699a3d4a8940efef99f51ac722429c6bbbfddca4cb,e99165ba57b9559ca04861e0c4af122a2926b3ad0c42b8ac14984fdd81072c48,5bc5ed65e7f0b6587c3ff0e305f1a67afb201aeec3909ee9e7be1aa9540c8580,0.3626397820000875,0,658,804,False,0.072041667997837,0.0924308029070939,0.0
dae_clahe_L2,00006304_060.png,6304,mixed_high_risk,0.5939594507217407,1024,1024,ebfabace42146511f8ebd3699a3d4a8940efef99f51ac722429c6bbbfddca4cb,29ffa5ea00c0f9be20b8612c358b73f582b37084a84a29fee7f691361b5fb1df,11793483a83c645c0f44a271734c5c1f863d5850f95aba06054472824a29890a,0.3870046499998807,1,804,512,False,0.1244369000196456,0.1435563304885136,0.2547498104230941
dae_clahe_L2,00006836_002.png,6836,mixed_high_risk,0.5443544983863831,1024,1024,ebfabace42146511f8ebd3699a3d4a8940efef99f51ac722429c6bbbfddca4cb,8eff6042c430946485ddb1b0a597716c4f0b5f6167fc05fb40aa0d072620c785,c36be590fb2e4beb7af03965de93b56e0daccd671ce225d2a7fd6c18e13187f5,0.4870757639998828,0,658,658,False,0.1529230028390884,0.122455839296613,0.0451137437027707
dae_clahe_L2,00007124_006.png,7124,mixed_high_risk,0.5452477931976318,1024,1024,ebfabace42146511f8ebd3699a3d4a8940efef99f51ac722429c6bbbfddca4cb,7ff0081a76f1c60a1f0027c98a438f875c9a581839254aacadad561a2563ad27,0a44e5d23f73851288c648bb1111a1ba7668b4cf675bfdf69e64c4640db5f73e,0.3662143459998788,0,658,219,False,0.1481967717409134,0.1115344836971313,0.0382459860648288
dae_clahe_L2,00008814_010.png,8814,mixed_high_risk,0.5358005166053772,1024,1024,ebfabace42146511f8ebd3699a3d4a8940efef99f51ac722429c6bbbfddca4cb,aa498e47f3a24e5300e145ae4112345f3e771aefb7b77f6c2901e9ab639d3b9a,a7fe5cef3babab1d361a571ae445d1e9ea5c8f9edb82e305b53676e2e5d34077,0.3544394729999567,0,512,511,False,0.1364947855472564,0.1972789455289829,0.121120984278879
dae_clahe_L2,00009431_004.png,9431,mixed_high_risk,0.5118808746337891,1024,1024,ebfabace42146511f8ebd3699a3d4a8940efef99f51ac722429c6bbbfddca4cb,352e0309f75cdf78b38d888c67b2616d37805d8f16e091f2de183c6be4c33777,482edff50ef9cc13bfef818317978a99bf954a47339a67b7a9ee607ca9507d28,0.3541729730000043,1,658,658,False,0.3025698363780975,0.3266671258113948,0.1705368347129321
dae_clahe_L2,00010092_018.png,10092,mixed_high_risk,0.6305039525032043,1024,1024,ebfabace42146511f8ebd3699a3d4a8940efef99f51ac722429c6bbbfddca4cb,3813abd5c60891e966e6b8c72d38479ea083d2fa972e46a46166767bd909e563,5eb459305fb92407eaba90a57d86ef0fbd98c2401a65bd0f61661c92a2f8147b,0.3642323399999441,1,658,511,False,0.0951564088463783,0.1232902536603757,0.205722294473415
dae_clahe_L2,00010120_010.png,10120,mixed_low_risk,0.4801929593086242,1024,1024,ebfabace42146511f8ebd3699a3d4a8940efef99f51ac722429c6bbbfddca4cb,870a352919d4272ef67ddcf5401e643cc6581e3901428b82ee1bf9cdaf7b0524,b5cc6c18076a91577ab7a40e51c7db2a4cbb2003876836a1645828b42ed0779c,0.3732012830000712,0,219,365,False,0.2567802369594574,0.0494987555790381,0.0105546527470002
dae_clahe_L2,00010230_001.png,10230,pure,0.4780344665050506,1024,1024,ebfabace42146511f8ebd3699a3d4a8940efef99f51ac722429c6bbbfddca4cb,0828aed953679e734a5570d432d3590d47fba8b67b7d9c39831a268691aa945e,e954ff609a5b6f0c3834113f5904ae58a234b17be0cac35d8c33b1fb2f2f29ac,0.2960786260000532,0,0,658,False,0.034047283232212,0.0173595474426437,0.0002685053915882
dae_clahe_L2,00010277_000.png,10277,mixed_high_risk,0.5864099860191345,1024,1024,ebfabace42146511f8ebd3699a3d4a8940efef99f51ac722429c6bbbfddca4cb,67e81826fc2102e8e99221158504cd83bd43e3c6ec867008200d2fa69af8f09c,902f51eb1b9d973213ebd38636ec7ad508e8c03f510f7b112fdd3e3e110e393d,0.3481659890001083,0,511,804,False,0.0993069112300872,0.1007818406446497,0.0527590729665447
dae_clahe_L2,00010805_049.png,10805,pure,0.536440372467041,1024,1024,ebfabace42146511f8ebd3699a3d4a8940efef99f51ac722429c6bbbfddca4cb,7783f107e27c4f0554d5cdef45826a77f0910d769a5d5fd4a860e435e0c9ad4a,9df445710cc00ce472a9b959b0a8ae21a6af7aaf61b6f8f0f79e538d51ff0cf3,0.3527562440001475,0,511,365,False,0.2861368954181671,0.3238257585691432,0.2658498555202701
dae_clahe_L2,00010828_039.png,10828,mixed_high_risk,0.6592581868171692,1024,1024,ebfabace42146511f8ebd3699a3d4a8940efef99f51ac722429c6bbbfddca4cb,cdf1cf2310853b313a591422a5e58a5c93f7da243103eb8d2d39943e90387548,f77bd39078cbe12ab6894ef6f0f7da5fa979878a2b4452484a9b923cbb825647,0.3724389740000333,0,512,658,False,0.1321794539690017,0.1712547461155334,0.17932944359885
dae_clahe_L2,00011023_004.png,11023,mixed_low_risk,0.5944522619247437,1024,1024,ebfabace42146511f8ebd3699a3d4a8940efef99f51ac722429c6bbbfddca4cb,507aeaf97d59845134c45fb5b2cb553418de0c9791553771c207ea4e6cfb4ce2,3dc9861403b0bc4528867a76cd05324d6c4e5418973c300ff7f3c11115a97876,0.4255526940000891,1,366,512,False,0.1727794557809829,0.2088424496737342,0.3069731167997064
dae_clahe_L2,00011124_000.png,11124,pure,0.5435392260551453,1024,1024,ebfabace42146511f8ebd3699a3d4a8940efef99f51ac722429c6bbbfddca4cb,91c6df96ce41fda33fa9310cc1304f4273d0c3503523b02d6566bf6a9d7bc069,ed7e05d3689c3253c18b9c43ad9500ed8d074514480931f1f889d5ea76c23dbd,0.3637470869998651,0,512,804,False,0.0080363899469375,0.0,0.0
dae_clahe_L2,00011237_094.png,11237,mixed_high_risk,0.6621786952018738,1024,1024,ebfabace42146511f8ebd3699a3d4a8940efef99f51ac722429c6bbbfddca4cb,a7d85c81afa0030e71a38b3a1d7c7cad050c61609a5e1d60341c18cface2989f,4ea3ecec86656c496f4bed6a43041c53e1885121d57a552c3463dc8ed8e10ca4,0.400615450000032,0,512,365,False,0.1314674466848373,0.2569037325426107,0.2092251664506904
dae_clahe_L2,00011269_018.png,11269,mixed_high_risk,0.584293782711029,1024,1024,ebfabace42146511f8ebd3699a3d4a8940efef99f51ac722429c6bbbfddca4cb,619d162511c675293b98a79ad70c3ae21d3583ebb15178ceb8b84ca3827d2fa6,7fafab265970727332344341a2c0beaecf3e4ba93fb6d3aa9394ad52192ca033,0.5166900050001004,0,804,658,False,0.036955889314413,0.0122735094645207,0.0
dae_clahe_L2,00011366_002.png,11366,mixed_low_risk,0.5742303133010864,1024,1024,ebfabace42146511f8ebd3699a3d4a8940efef99f51ac722429c6bbbfddca4cb,9edf1ae9b9498d66670f9c89c25ebbc3a71b5418856c362da6201fb1c89a2045,5b2fdbe90a2e5e5ae932263b0e76384046f3b7ac952ff9f1ae1471a49f9af475,0.3880145619998529,1,658,658,False,0.4939152002334595,0.1241144437426381,0.0531552903541578
dae_clahe_L2,00011925_072.png,11925,mixed_high_risk,0.7387106418609619,1024,1024,ebfabace42146511f8ebd3699a3d4a8940efef99f51ac722429c6bbbfddca4cb,b0f28cbb81f817a4bf06ac9e50e138329c0dde2ee44f36750fe8d1f9129fb940,16fb9be77aaadc04ce4e92c46aa3592ef0982e37ea81861373d087a91fcaed20,0.3616559149998011,0,658,365,False,0.0350864455103874,0.0,0.0
dae_clahe_L2,00012021_054.png,12021,mixed_low_risk,0.5599963665008545,1024,1024,ebfabace42146511f8ebd3699a3d4a8940efef99f51ac722429c6bbbfddca4cb,fda02a140d964e0bc34ee5a99eac9bd77c32c30804a5c3a7dc8c215dd0f8264e,c95cf0124e1a8e7fae2ddfd2b2297094c644c041875e1d3caefc8a892a9dcd6f,0.3727167140000347,0,951,512,False,0.1777168661355972,0.2089971186359956,0.1498965425176879
dae_clahe_L2,00012021_081.png,12021,mixed_low_risk,0.6515764594078064,1024,1024,ebfabace42146511f8ebd3699a3d4a8940efef99f51ac722429c6bbbfddca4cb,4e9c7284e1a4f2caeac804ae6e5ed34ba5c49f624df34a18997a091103062c4e,b191e6c92dabe80fb0e441903119ceb2363056e9c108b1d8d65a61ea2a12cd20,0.4920454479999989,0,658,658,False,0.0650681406259536,0.0706826917607287,0.0421710814187239
dae_clahe_L2,00012364_045.png,12364,pure,0.5822510123252869,1024,1024,ebfabace42146511f8ebd3699a3d4a8940efef99f51ac722429c6bbbfddca4cb,a9189a38f4c16301bb28dfdc3f587d6361677e1fb93d2e67d4fae8c2f01c6634,9ae48806869adad9a9a261d5e66a420039b7366911930e52bfaee75ea6855c3f,0.4631600539998999,0,365,511,False,0.1959382444620132,0.2517556660576445,0.2705857436766307
dae_clahe_L2,00012376_010.png,12376,mixed_high_risk,0.5827307105064392,1024,1024,ebfabace42146511f8ebd3699a3d4a8940efef99f51ac722429c6bbbfddca4cb,e44df2839d4779aeb63622436a74faa7f2840bcee127234f7f53408c5e1e785a,7e77752c5c206a56ad22f6a4bcbc378c4481024e202ddbf2d2eaaa4679affaa1,0.5865638350001063,0,511,658,False,0.1047681123018264,0.0911049515707856,0.0438350384980487
dae_clahe_L2,00012505_007.png,12505,mixed_high_risk,0.5772151947021484,1024,1024,ebfabace42146511f8ebd3699a3d4a8940efef99f51ac722429c6bbbfddca4cb,2899dcb2e8637a827657adb7da77e5612850603e3b7d7f9947c16fc9d414242d,8af916ab55f559f884ec80b4f91b7b0f776ccc67fe1e133295188461a2e78a55,0.5109322250000332,0,804,511,False,0.1099544763565063,0.1637953496588425,0.1163428412749377
dae_clahe_L2,00013106_000.png,13106,mixed_low_risk,0.4372261166572571,1024,1024,ebfabace42146511f8ebd3699a3d4a8940efef99f51ac722429c6bbbfddca4cb,155d8bf439de19200a607df5fb73c9870d3450a807e3c42b3ebe0998ccea9018,ea44363d938e4f700967a57314e5e866ecf29d3ea681f8cd0a646f543df2ae69,0.4760850990001017,0,219,219,False,0.1275038719177246,0.0836768979095106,0.022613506916192
dae_clahe_L2,00013310_057.png,13310,mixed_low_risk,0.5675632953643799,1024,1024,ebfabace42146511f8ebd3699a3d4a8940efef99f51ac722429c6bbbfddca4cb,6fb90f04e5c312bc6ce1227a6e48bb0fb1755bf070024e69593050253e1ab343,1462c10acc4daa074400d46b5665b42755a9a167666586862fd1d5e466135f4e,0.5161742800000866,1,512,512,False,0.7642744779586792,0.2077653598141716,0.0929516253967238
dae_clahe_L2,00013391_005.png,13391,mixed_low_risk,0.5514151453971863,1024,1024,ebfabace42146511f8ebd3699a3d4a8940efef99f51ac722429c6bbbfddca4cb,c5d31b393600cab20390ccd69f85bf9e2dadc29dafc162360286a96e8525c7ef,1c9ee092afd84ef8ddbcf6d04307a7718101f5275709be51c935a46d8b6f9a0a,0.6289649059999647,0,658,657,False,0.0012472547823563,0.0,0.0
dae_clahe_L2,00013471_029.png,13471,mixed_high_risk,0.5837780237197876,1024,1024,ebfabace42146511f8ebd3699a3d4a8940efef99f51ac722429c6bbbfddca4cb,fb8d32f4f04b96b18b6b541f58370f6e9ed177d1f1f3becb9c07d13dc7a33855,c76c153f2819ea7ce60f47b9f6a9bbbc3c04f204340bdf42bc1f0bc387266e2c,0.5339568059998783,1,658,658,False,0.1782558113336563,0.1947518958776142,0.1588436721097626
dae_clahe_L2,00013670_151.png,13670,mixed_low_risk,0.6112465262413025,1024,1024,ebfabace42146511f8ebd3699a3d4a8940efef99f51ac722429c6bbbfddca4cb,2996b685e15d1b3d9f807620fa418c935e4f1cfeae1e044397486110e0c5f1af,327426d2a7631edf7798a2592212167d1a1a02c78be5a97a79674d9cd15d8144,0.3962995450001472,1,658,366,False,0.5714695453643799,0.410082855468346,0.2444306554245598
dae_clahe_L2,00013922_021.png,13922,pure,0.6857399940490723,1024,1024,ebfabace42146511f8ebd3699a3d4a8940efef99f51ac722429c6bbbfddca4cb,9007f460f15433d85f028589b0e536b80f4bcf27d3102e0a389e3132488f6939,b8283cd4ba39bc84f574773283bf79c0db2ab956dd048f390fd15d5f49f8ea7c,0.373369485000012,0,365,512,False,0.0535405427217483,0.0036881500062408,0.0
dae_clahe_L2,00013922_022.png,13922,pure,0.6036421060562134,1024,1024,ebfabace42146511f8ebd3699a3d4a8940efef99f51ac722429c6bbbfddca4cb,dc361d4876c560397ab41fb72fa3c7b921753a003cb9d88ed154bcfbf605b33c,7323a3d29acf03192bf20cfebde0f293e3a7c5d10a01984179d1ab1f94dd27a5,0.3953240870000627,0,658,804,False,0.1572553813457489,0.1577932066914887,0.226550908288888
dae_clahe_L2,00013993_083.png,13993,mixed_high_risk,0.5880224108695984,1024,1024,ebfabace42146511f8ebd3699a3d4a8940efef99f51ac722429c6bbbfddca4cb,a0c8cd179077748d79c150f7f7d2f2a7e21c890905d3d5a4fe1a647c884dcc9b,69780874a49d5c5673f2ae61940eef7c3abb76f6e9c4fd7e2af8c9ee8c64ea8d,0.3784158449998358,0,512,219,False,0.1222644448280334,0.1010138907095426,0.0304223764821542
dae_clahe_L2,00014203_018.png,14203,mixed_high_risk,0.5286588072776794,1024,1024,ebfabace42146511f8ebd3699a3d4a8940efef99f51ac722429c6bbbfddca4cb,10b560cac62a6911aa33328c51cae63deedb4c7a712db1e5386621fa2f5025d2,3372facece5ed5aa21ae67615485771c06bdfd1b7750baa70e5571b1d509ca18,0.3889914480000698,0,365,804,False,0.0520924292504787,0.0660156995573706,0.026769927751134
dae_clahe_L2,00014251_029.png,14251,pure,0.525858998298645,1024,1024,ebfabace42146511f8ebd3699a3d4a8940efef99f51ac722429c6bbbfddca4cb,b676aa4ffcfec2cbf8bf9baf414669323abdfe44d75f66e22a34093bada0ee0c,76324fef9891a98b942733dc7136d2ba15e70dde1870a00dc0769c2f6df4e976,0.3901008760001332,1,512,366,False,0.6707237362861633,0.3477107132259228,0.1711984391024839
dae_clahe_L2,00014617_003.png,14617,pure,0.4964887797832489,1024,1024,ebfabace42146511f8ebd3699a3d4a8940efef99f51ac722429c6bbbfddca4cb,43bbe8e407422924895df927e3cf39036cb93ac7f0e6cf3d8782a405d25ed137,7ebc0c5238e4f5ed2e61081be9e41db790bada1a51488c75e79152ea0a30fe49,0.3382562850001704,0,804,512,False,0.0021923768799751,0.0,0.0
dae_clahe_L2,00014738_000.png,14738,mixed_high_risk,0.5313518047332764,1024,1024,ebfabace42146511f8ebd3699a3d4a8940efef99f51ac722429c6bbbfddca4cb,932da0dcd4a5ee5035ea99c942d706c0c1dbe2b1be3746c2a390239b24f1d01f,f1b087419ecc0ffd2667c4c26a2b2c0381b961c5aef78a22add30a8d9d3591a6,0.4817564180000317,0,511,512,False,0.2319279909133911,0.2362902248610846,0.2118146582542051
dae_clahe_L2,00015069_001.png,15069,mixed_low_risk,0.5382391810417175,1024,1024,ebfabace42146511f8ebd3699a3d4a8940efef99f51ac722429c6bbbfddca4cb,a2b3054fe173a25e2fcfc0a670ec4179f667ff38ef07714d3ed93b7013ae2acd,705c7980a33ce4fc0c0283de5278be859e778166ab7dbdee262e444367687060,0.376461547999952,0,804,804,False,0.3413089215755462,0.1300417646381768,0.0934275092240555
dae_clahe_L2,00015732_020.png,15732,mixed_low_risk,0.6566839814186096,1024,1024,ebfabace42146511f8ebd3699a3d4a8940efef99f51ac722429c6bbbfddca4cb,d0da84de7238c4999f9adfd9e4310fefac99d71cbe0c98d342dc7598dae71e60,c86562f4336e5686a9f638bf619ffdcf8a79e033ac99b97157fb2ce07efc8368,0.3978732539999328,0,365,658,False,0.0305440407246351,0.0054226534112916,0.0
dae_clahe_L2,00015831_011.png,15831,mixed_high_risk,0.4681934118270874,1024,1024,ebfabace42146511f8ebd3699a3d4a8940efef99f51ac722429c6bbbfddca4cb,ef9469d647c2734bec1112c8acc0b543622b9050d48bd8f390b0d4c7ac61f1e3,4a7e6386ce5daa672c912b17ffa94d6010ccaa775801120d4e3547cbdbf71f8a,0.3407857730001069,0,0,804,False,0.0026647534687072,0.0,0.0
dae_clahe_L2,00016094_007.png,16094,mixed_low_risk,0.4868465065956116,1024,1024,ebfabace42146511f8ebd3699a3d4a8940efef99f51ac722429c6bbbfddca4cb,97f65b5c0a519cdf56951130c484ca33894f68b1f46bfeb3ffa4060b92ba7185,693db56c11a647a13cec289f9cce71db17e371ac1f39e5a255f1f3e2e2905b27,0.3479522809998343,0,511,804,False,0.0015557128936052,0.0,0.0
dae_clahe_L2,00016191_004.png,16191,mixed_high_risk,0.483511209487915,1024,1024,ebfabace42146511f8ebd3699a3d4a8940efef99f51ac722429c6bbbfddca4cb,7876d95387f7fa73af58960809930443c8fe6b33a9a6dd75429e17f95740ebda,db35faafc26f38544024fb2a9381d1750f58cef535ade5820ad5bb386d4e5b7f,0.3722718010001244,0,951,512,False,0.0198839493095874,3.9935570612744775e-05,0.0
dae_clahe_L2,00016417_008.png,16417,mixed_high_risk,0.5022475123405457,1024,1024,ebfabace42146511f8ebd3699a3d4a8940efef99f51ac722429c6bbbfddca4cb,0bad9abc4865b2e5d7daad305c9449094d5fe691a623d9eccf926fbb9c9873d0,d3e8bf85cfcba0aa718abde39ec8626a1c04ad7c2670cc2cc62c1b6fdb7e0267,0.3651276120001512,0,658,658,False,0.0399108938872814,0.0,0.0
dae_clahe_L2,00016705_006.png,16705,mixed_low_risk,0.6210325360298157,1024,1024,ebfabace42146511f8ebd3699a3d4a8940efef99f51ac722429c6bbbfddca4cb,069b8a40c6a2775024939fcdb5cf664f7eae57f0e7e4b5bd520882146150f9e6,5c0250df27fc7f9d3555cabdcb832165c921593117f5c80d2c1e7d19540e4465,0.3846612499999082,0,512,658,False,0.0212682131677865,0.0,0.0
dae_clahe_L2,00016732_040.png,16732,mixed_high_risk,0.5566277503967285,1024,1024,ebfabace42146511f8ebd3699a3d4a8940efef99f51ac722429c6bbbfddca4cb,380131fdf0f0ec87b6fc891bc1fad9007cf86700e4c3f4f2dd8032ffcc1594a0,c22bba961bb8477eb3efd755aebccd0c76d12379600d2fd9684750dcb45571da,0.3520569590000377,0,512,804,False,0.0581287667155265,0.0301303893507791,0.0
dae_clahe_L2,00016786_001.png,16786,mixed_low_risk,0.4788582324981689,1024,1024,ebfabace42146511f8ebd3699a3d4a8940efef99f51ac722429c6bbbfddca4cb,3049dc0215f77f7d2a756e711b99e966a894256e7d052fc30303f044b3442992,de070fa6a872e58c185666a31f375d8d77d35e829e6b3b978d7bad3d564a1bea,0.321344819999922,0,951,365,False,0.1537198275327682,0.0812758037775104,0.0429020452641458
dae_clahe_L2,00016786_009.png,16786,mixed_low_risk,0.5587798953056335,1024,1024,ebfabace42146511f8ebd3699a3d4a8940efef99f51ac722429c6bbbfddca4cb,59e35ac7282802616543426479d609d97f91d7fe6c59df57f57ed5a969d290dc,63e7ffca21f9e93b73bd0db7f0f5b550e73c7edfb76147997df7724a22fc9075,0.3811856719999014,1,512,658,False,0.2590047121047973,0.4327889104881638,0.2163324574747614
dae_clahe_L2,00017083_002.png,17083,mixed_high_risk,0.5210281014442444,1024,1024,ebfabace42146511f8ebd3699a3d4a8940efef99f51ac722429c6bbbfddca4cb,d0040a2e81fc489500de25be247e3f90cc018ec9bc807a66b780fa28472a147f,596e7210242644a5d86987fadddf496a9c912b77b71bc3b21eb522f64972dd30,0.328285926000035,0,658,658,False,0.1015703156590461,0.1426831547658525,0.0657371866147137
dae_clahe_L2,00017138_037.png,17138,mixed_high_risk,0.5852004885673523,1024,1024,ebfabace42146511f8ebd3699a3d4a8940efef99f51ac722429c6bbbfddca4cb,1a31549065500cb37580ad32bdfaa675615c9f59aec39a47edd0bcb7c9bc8922,1525d2b0365f2f818a81a856c05486ec0952e8d7bd3d172195136e148b1a1a5f,0.3820645900000272,0,658,804,False,0.0514196753501892,0.0,0.0
dae_clahe_L2,00017544_003.png,17544,mixed_low_risk,0.5225304961204529,1024,1024,ebfabace42146511f8ebd3699a3d4a8940efef99f51ac722429c6bbbfddca4cb,7e9fc453f374ba35dc61b286842f837b754314e166c56cb478850f72801ae377,3cf277e8116666507b92e9be9fbd7c9412b4a1e51d9e32d67426bd9e4c8ee63c,0.3741426300000512,0,512,511,False,0.2663273811340332,0.1833155917124306,0.1083836185577208
dae_clahe_L2,00017714_009.png,17714,pure,0.5970519185066223,1024,1024,ebfabace42146511f8ebd3699a3d4a8940efef99f51ac722429c6bbbfddca4cb,dd1d77c15441fc98e9e8df876ee5a096d55c4b3ebd65d194aba578d123f09630,548e780e0c99072998680c8c593e255648163c0441382511fa3108f6e55a080d,0.5929070170000159,0,658,658,False,0.066803827881813,0.0996867588042793,0.1048637461193515
dae_clahe_L2,00017972_032.png,17972,mixed_low_risk,0.5317147374153137,1024,1024,ebfabace42146511f8ebd3699a3d4a8940efef99f51ac722429c6bbbfddca4cb,f8a831b9de330fe8c435db189aa1fe4e7b1ea0c71e805efb090582c7922dadeb,b6d5f49251213ffde1716020d30ce0407e2aae7655bd5c7aa4d33966575061b7,0.3577287310001793,0,804,511,False,0.0346495322883129,0.0005032770196849,0.0
dae_clahe_L2,00017981_014.png,17981,pure,0.5565832853317261,1024,1024,ebfabace42146511f8ebd3699a3d4a8940efef99f51ac722429c6bbbfddca4cb,9dd6846b74f615990c83bd1a3e566398308897665607f03e2f7dd914b753c65c,97a43ce5759521f85f906c52f18e7cad8fbe0fd12d13e2a1adb942df0574b04c,0.3880404379999618,0,804,804,False,0.0373101830482482,0.0,0.0
dae_clahe_L2,00018253_054.png,18253,mixed_high_risk,0.5964274406433105,1024,1024,ebfabace42146511f8ebd3699a3d4a8940efef99f51ac722429c6bbbfddca4cb,3daf5eb7760f9122b79e9e04658264817c3de9b777a0f609351f4b01531c21f5,dd10ad5e1417eac47a7ca7552e1b3dc2f2796cdb5160228c226fa56bfcbeac5b,0.3588679270001194,0,658,658,False,0.075113944709301,0.0696225681823377,0.007751194336256
dae_clahe_L2,00018253_059.png,18253,mixed_high_risk,0.5594333410263062,1024,1024,ebfabace42146511f8ebd3699a3d4a8940efef99f51ac722429c6bbbfddca4cb,fa211c121a79cbdcc3f7b1593ccaa6a20a5cbd422f31aa10a658b70158b4d2f2,b74afab6a9da654a735e1400b8f7a594094825cd82fba87e576f9dabae22773a,0.4787522760000229,0,512,658,False,0.0947352424263954,0.0936951635124356,0.031302167614345
dae_clahe_L2,00018393_000.png,18393,mixed_low_risk,0.5126481652259827,1024,1024,ebfabace42146511f8ebd3699a3d4a8940efef99f51ac722429c6bbbfddca4cb,b7e550794a775d2a00d33b1f4a5fd3fd89723124849efa250ee4091f177fa09a,883c5944c18c0075a347a3fc057c30213b06b5e991952d354d745787e341ed40,0.4850484190001225,0,512,658,False,0.0336849391460418,0.0170432652611878,0.0003927674676317
dae_clahe_L2,00018721_010.png,18721,pure,0.4900915026664734,1024,1024,ebfabace42146511f8ebd3699a3d4a8940efef99f51ac722429c6bbbfddca4cb,960ea6e86b11f600c7a538bf6bcab44da68ba95c6a62a7af606cbf9d2c6f60a2,ab7ce7f52e7bf36d5404efa8d019d3393f066d5769fdff8fa2af3433dfa263e3,0.4176683480000065,0,658,804,False,0.0374420918524265,0.0,0.0
dae_clahe_L2,00018921_038.png,18921,mixed_low_risk,0.595299243927002,1024,1024,ebfabace42146511f8ebd3699a3d4a8940efef99f51ac722429c6bbbfddca4cb,f6021a0cfb5da60f0d08892ce3991cd5763e369b2910a8ab5106f5840fbbc606,72d4d21ad07e3f7fbc9704a12c93cafd265c10b09830d9bbee52383b84b250a8,0.5314252179998675,0,658,512,False,0.119117185473442,0.0541881866052051,0.0002424728890226
dae_clahe_L2,00019018_007.png,19018,mixed_high_risk,0.5344985723495483,1024,1024,ebfabace42146511f8ebd3699a3d4a8940efef99f51ac722429c6bbbfddca4cb,e80f3c430d58fd1135a021fc7cadaef930f6328b52c02c105a4a713aca4771a3,75010349af452d9112dea99f0cf36639ec6fd9dfe1852cc27ea86e2bbd0df85a,0.5324456700000155,0,219,804,False,0.3813291490077972,0.2248856379365007,0.1448865566950607
dae_clahe_L2,00019150_002.png,19150,mixed_low_risk,0.5395071506500244,1024,1024,ebfabace42146511f8ebd3699a3d4a8940efef99f51ac722429c6bbbfddca4cb,6e774e773f3db66876a7dd3de8a7ff387712ceacb4dd91a5ac04a712af30ba73,d6d71102d01d5075945af3cfa707a0f8419dd16229945c40429baf6fdf1bcef2,0.4558673280000676,1,658,658,False,0.2803192734718323,0.2519356289426664,0.116888581886319
dae_clahe_L2,00019363_043.png,19363,pure,0.4928429126739502,1024,1024,ebfabace42146511f8ebd3699a3d4a8940efef99f51ac722429c6bbbfddca4cb,efe37951d31bab88810bc058e00a76c2025fd123ff235822b2e1497883dd1f15,389c04a61c0e46f7ab7d5f37ea92c92bdf5a48703f4ece3049978bbdff6c18b1,0.4883608520001417,0,804,804,False,0.0637918785214424,0.0791975966663436,0.0334319469420113
dae_clahe_L2,00019625_002.png,19625,mixed_high_risk,0.5569012761116028,1024,1024,ebfabace42146511f8ebd3699a3d4a8940efef99f51ac722429c6bbbfddca4cb,d595f60e8843a3d5f9b4e5520726b87d261135ae85527b0ebc6d47df3018955f,9103763cd05a1e380abf7f820bed7735a563fcd05dc8ccfdc1dd461e378786f5,0.6247209020000355,1,658,658,False,0.597477376461029,0.4013927543752064,0.2830196877908176
dae_clahe_L2,00019634_004.png,19634,mixed_low_risk,0.5254271030426025,1024,1024,ebfabace42146511f8ebd3699a3d4a8940efef99f51ac722429c6bbbfddca4cb,dc3fa0f2f9dd1bca63b54b9ace04d6fbbe99347c129fccfec621d33c745d89ac,feee8b0601595c49a719006f1c41905ce0a36a607c682aefc703ce8e837798d8,0.3986065869999038,0,512,804,False,0.0898254439234733,0.1114260383277637,0.1109650512339169
dae_clahe_L2,00019646_006.png,19646,mixed_high_risk,0.5271584391593933,1024,1024,ebfabace42146511f8ebd3699a3d4a8940efef99f51ac722429c6bbbfddca4cb,ebeab7a786d2cc61bc822b84993e36b9c393fcee521953a9e803f5910012e7dc,7dc89572bd93a7c64dda0d81164807255e828995fc992cd59421dd2ed2332763,0.3533207210000455,0,804,365,False,0.1337594389915466,0.1781542816241541,0.1849490017549651
dae_clahe_L2,00019706_012.png,19706,mixed_high_risk,0.5223904252052307,1024,1024,ebfabace42146511f8ebd3699a3d4a8940efef99f51ac722429c6bbbfddca4cb,f23face79bcd6c563a3211804139a8d862377204ebb08543a53fe82f8e04bc87,81c24908365cf1b1a6268b284f251e6eff669ce66b62d9b90556280f8b58e021,0.353568082000038,0,951,365,False,0.0029501132667064,0.0,0.0
dae_clahe_L2,00019750_012.png,19750,mixed_high_risk,0.6344837546348572,1024,1024,ebfabace42146511f8ebd3699a3d4a8940efef99f51ac722429c6bbbfddca4cb,e59e86fb0cc44abd36aa3e47caa489858a78871b65855d67956dcb379714e4c4,bb33e54b54f0dcafa306432056460a9b63a414e6f56006cb7f9590d3e92ab1f1,0.4260615190000862,1,804,511,False,0.5280998349189758,0.4372097864368041,0.3336886218841597
dae_clahe_L2,00019750_029.png,19750,mixed_high_risk,0.569678783416748,1024,1024,ebfabace42146511f8ebd3699a3d4a8940efef99f51ac722429c6bbbfddca4cb,a484c0049459c9298b7b43d1593f5563453dd7cf5476e63d6f99e73bf2074b3a,9b8a44defcf4c0dd250b8b17878a1d123dce8a49e95cf6bb9169d8a94465c12f,0.3760950739999771,0,658,512,False,0.0786490589380264,0.0848280746382991,0.0899192064940587
dae_clahe_L2,00019769_014.png,19769,mixed_low_risk,0.5439416766166687,1024,1024,ebfabace42146511f8ebd3699a3d4a8940efef99f51ac722429c6bbbfddca4cb,fd1af7674eb1bbc4866ae38f4456e4e6744584172c22cec69d13374fcaa9d629,3e2c604d41166a036c21433cb9750ad6c3192f35784714fd588294355cd22fbc,0.3436603650000052,0,658,658,False,0.0725636184215545,0.0909113860136329,0.0640038082049506
dae_clahe_L2,00020113_030.png,20113,mixed_high_risk,0.502269983291626,1024,1024,ebfabace42146511f8ebd3699a3d4a8940efef99f51ac722429c6bbbfddca4cb,a15ef1b8f10b86a7f5cca5e5ff5226a40b9f870e031c0ae3afecae9caa933b65,9e442cb7a24ecbe5c92813e14ef8dc5980052cf1d0d9f9a76ed11d21813de6df,0.3666045009999834,0,512,658,False,0.0193040315061807,0.0125928082690347,0.0
dae_clahe_L2,00020184_013.png,20184,mixed_high_risk,0.5149849653244019,1024,1024,ebfabace42146511f8ebd3699a3d4a8940efef99f51ac722429c6bbbfddca4cb,92e9dea5b9ba0e7ac7324afc322819bc9b9b70875e6b243ab47f5b28ec526e59,fed3f72c5d1d71bd6a884bae6cd4e5fb5546ec0a4c591a8cfcaa68a286be1d2e,0.3548420449999412,0,365,804,False,0.0683064088225364,0.0810534021643067,0.0331461148973115
dae_clahe_L2,00020259_002.png,20259,mixed_low_risk,0.5559351444244385,1024,1024,ebfabace42146511f8ebd3699a3d4a8940efef99f51ac722429c6bbbfddca4cb,8afd73b6d2acb5740a518e9ce99ae6399716631fc93de27df6c5ce4c4f717958,e038bf87d00b2a2c0147cdc02cac87e1ed52d626a74b5f8faff93df9dc30dfd9,0.3490006899999116,1,658,657,False,0.195384070277214,0.2225462456290206,0.275098797158097
dae_clahe_L2,00020405_041.png,20405,mixed_high_risk,0.5170963406562805,1024,1024,ebfabace42146511f8ebd3699a3d4a8940efef99f51ac722429c6bbbfddca4cb,c608b7f152c15dee5fdfca386e25d72a64e692ad0c5afe5e86ef66d690a863c8,fb4921ae1f70c72f01112bbfb36acd875d57692b195d9596e5dbb3fe1f16874c,0.4149285569999392,1,658,658,False,0.2207595109939575,0.2560409252336099,0.2430498847368459
dae_clahe_L2,00020482_011.png,20482,mixed_low_risk,0.5605195164680481,1024,1024,ebfabace42146511f8ebd3699a3d4a8940efef99f51ac722429c6bbbfddca4cb,91ab8ee2e6137a7efbbb1f8064a89d8ec86e5ca9d26dec21b817b8d2c6c13173,5fce623617dea154ec1a2d429c7ac28a44af4c76b62e4a36f81759f10fff9edc,0.3158851780001441,0,804,512,False,0.1956683844327926,0.2088826034984932,0.2430197263390134
dae_clahe_L2,00020482_032.png,20482,mixed_high_risk,0.6815381050109863,1024,1024,ebfabace42146511f8ebd3699a3d4a8940efef99f51ac722429c6bbbfddca4cb,56288edceb91d0ba379bfae4f534681a56e24e0aaf38bddaa2219e74606b8d64,00939e659ddc2e2b74295112b0a5b0ead976fbc3f5e28f5b142953216ad00c8e,0.4273266449999937,1,658,512,False,0.2787563800811767,0.3380181762897395,0.5826166495988229
dae_clahe_L2,00021009_001.png,21009,mixed_high_risk,0.4881018400192261,1024,1024,ebfabace42146511f8ebd3699a3d4a8940efef99f51ac722429c6bbbfddca4cb,1929eeae82f09a983b36643e6dc020a2a6112caefbcd092942ce8add4c3650f7,1b389b4807eadd9b7884bb1149f9291a724879182583a19479af87f9534d91e1,0.3695750330000464,0,951,219,False,0.4070763885974884,0.1036143443516884,0.0143219924604489
dae_clahe_L2,00021201_010.png,21201,mixed_high_risk,0.4883252382278442,1024,1024,ebfabace42146511f8ebd3699a3d4a8940efef99f51ac722429c6bbbfddca4cb,37d6f1ebd4f5d791e85ec89586bcc9dc77118dc75fc7e5e5d1be0a0a9c108a3b,a48f9a5ea6728f8dfdf07791138c8b91a78d3c22f95df99f5d9d4da6c86413d7,0.3243239420000918,0,804,804,False,0.0133902104571461,0.0,0.0
dae_clahe_L2,00021703_001.png,21703,mixed_high_risk,0.5412158370018005,1024,1024,ebfabace42146511f8ebd3699a3d4a8940efef99f51ac722429c6bbbfddca4cb,906446fa2fc3aa8c6a0f518ec33588a1b6ea7459c61340341b04e55dd0836ab0,f511ec0f15468ea5f8e1e391c49137869f3d867f1ecdc3af1f42affd210d4759,0.3657462119999763,0,804,805,False,0.0003031808300875,0.0,0.0
dae_clahe_L2,00021710_003.png,21710,pure,0.5388458371162415,1024,1024,ebfabace42146511f8ebd3699a3d4a8940efef99f51ac722429c6bbbfddca4cb,7674d9cdafb879f76f17c99eb97a966294cf976ab0d68356cc8a966602cbc70b,be9d45878a1675ef3104515a5b2af94e760f2fe9978944407e53fdb9bb5d391a,0.3848646030000964,0,365,658,False,0.0232231933623552,0.0030997462740321,0.0
dae_clahe_L2,00021840_016.png,21840,mixed_high_risk,0.5029339790344238,1024,1024,ebfabace42146511f8ebd3699a3d4a8940efef99f51ac722429c6bbbfddca4cb,0b37d764de3ffb8a78fa59502ecaf96afde8908b305faba22af6e2217ce059b9,a2aad190e9930c217908507a52ffd04859695a00f9125d762351dddf5e78072d,0.4016703530000995,0,804,658,False,0.0052039609290659,0.0,0.0
dae_clahe_L2,00021926_007.png,21926,pure,0.5123236179351807,1024,1024,ebfabace42146511f8ebd3699a3d4a8940efef99f51ac722429c6bbbfddca4cb,44c6e3f1aa7e486b0b6cfe05944765f263f0ec171bb716207b319898cf6219a3,5f79c77e527af8fd4ef925cf9bf2ee51845bb0c087ff859ad77a75f9d6d0df67,0.3478928030001498,0,658,804,False,0.0128473723307251,0.0,0.0
dae_clahe_L2,00022369_013.png,22369,mixed_high_risk,0.5066608190536499,1024,1024,ebfabace42146511f8ebd3699a3d4a8940efef99f51ac722429c6bbbfddca4cb,ecdf75906981c025fe6ff758361832f2328e0204f9321b96311304d1f8f8364f,e52c93a7e8ae44dfa3ba9322171e52f151ee2c00d7efc7a58be02c39e0f8cba4,0.3494792340000003,0,512,804,False,0.1388407945632934,0.1390387542535642,0.0667174158065867
dae_clahe_L2,00022416_048.png,22416,mixed_high_risk,0.5396813750267029,1024,1024,ebfabace42146511f8ebd3699a3d4a8940efef99f51ac722429c6bbbfddca4cb,7e74c39dc5b3ef6fc2679fa943a67f00cb0c36e08e2044b621fa41869f6b4c8f,a3ba774640909e2db5e49d5878db83719f91f4be8cfd459830ee02519164364e,0.3832084819998727,0,512,658,False,0.3545928597450256,0.1495710916311774,0.0629418686444661
dae_clahe_L2,00022470_006.png,22470,mixed_low_risk,0.5362254977226257,1024,1024,ebfabace42146511f8ebd3699a3d4a8940efef99f51ac722429c6bbbfddca4cb,dac98b30ea35f4b729ff78004bb6437844a573ae736ba3ccca70ae6a28b43414,409ec4c28e303a7cc76bc4a1267cd345863644b26aa7c0887f6f43b4ad9b0493,0.3765753420000237,1,658,658,False,0.683202862739563,0.2244563278412039,0.098376247509285
dae_clahe_L2,00022727_000.png,22727,mixed_low_risk,0.4929132759571075,1024,1024,ebfabace42146511f8ebd3699a3d4a8940efef99f51ac722429c6bbbfddca4cb,239bea00b6ede6cf70a0b020c7ad185d9b2a446136e522e2bf6eda682815717a,3797d9f196520b0945281f99bf95ecefbf18761711013560ead45cd999053e1b,0.3494964310000341,0,365,951,False,0.312963455915451,0.1944924886920246,0.1061866870790713
dae_clahe_L2,00022899_014.png,22899,mixed_high_risk,0.6551553606987,1024,1024,ebfabace42146511f8ebd3699a3d4a8940efef99f51ac722429c6bbbfddca4cb,38489c3d5f110e421aba65be3c5ac218aff915f19bd19fdbffefca39d5e345f9,2532a07fe3902095e3ffdfb27d29f16da703c7096740cf73884273aad6d0459f,0.3702075710000372,0,658,804,False,0.0323025807738304,0.0,0.0
dae_clahe_L2,00023026_008.png,23026,mixed_low_risk,0.4709510207176208,1024,1024,ebfabace42146511f8ebd3699a3d4a8940efef99f51ac722429c6bbbfddca4cb,d702a02509f671310ba6d0581ff1a8cdce293f73a7eb02e11890e4445f471151,71affca17dd82d0d6c3e4b91d7da11b442bb8e1cffa61d9585dd9cfff31e7163,0.3528736230000504,0,219,512,False,0.3441394567489624,0.0599565668964214,0.0102575358980995
dae_clahe_L2,00025521_003.png,25521,mixed_high_risk,0.552574872970581,1024,1024,ebfabace42146511f8ebd3699a3d4a8940efef99f51ac722429c6bbbfddca4cb,7d6ec2f4961514f77c3e0c6d8536fe1e0668af371670eba68212a7247e18c8c3,f9d821c1e02c740c894d7c459714fa21db80a475993c45a787978ae758b22461,0.348344741000119,0,658,804,False,0.1036363840103149,0.1690837910930305,0.1171597025086383
dae_clahe_L2,00025787_027.png,25787,mixed_high_risk,0.5976420640945435,1024,1024,ebfabace42146511f8ebd3699a3d4a8940efef99f51ac722429c6bbbfddca4cb,75d442b3ee1e7a6d8904ac20828f20e1485719a3dbc4eedaa735b18e139cc3cd,1eded007179b820c0913191a3b15c3203a0e34da46ab62231421e0a6ec0c0f60,0.4473015799999302,0,512,658,False,0.1170618534088134,0.0783613671688647,0.0421195387680148
dae_clahe_L2,00026098_003.png,26098,mixed_high_risk,0.6618818640708923,1024,1024,ebfabace42146511f8ebd3699a3d4a8940efef99f51ac722429c6bbbfddca4cb,5ad015a3e17db743a99bb083bb17f54c0bd19edba2c61f4519b504039b9458b2,b5f0ebac941964cfd7206d0def4ec6b471d36898c7177d4810b8b83387df7edc,0.95258084399984,0,512,366,False,0.023521477356553,0.0,0.0
dae_clahe_L2,00026194_010.png,26194,mixed_high_risk,0.5727471709251404,1024,1024,ebfabace42146511f8ebd3699a3d4a8940efef99f51ac722429c6bbbfddca4cb,57e3f8c2e68ba00e12766792f05dbcf04417fbb95f5a0dbf84dcbe176c50e14f,2257976481185ce5508ffa581ab6aff63d34927fd1278d33d241b44d1a1697e1,0.5145337909998489,0,951,951,False,0.0218175109475851,0.0,0.0
dae_clahe_L2,00026538_012.png,26538,pure,0.5772492289543152,1024,1024,ebfabace42146511f8ebd3699a3d4a8940efef99f51ac722429c6bbbfddca4cb,dc3778ef1d790ab1d34a2ff7a62e0831a2534782f910263b779050ae5044c61d,71a90220258be4a1cdc0b84e30a8309548fdae217bf3885d96cea3c270bbf970,0.4910171340000033,0,512,658,False,0.114237405359745,0.159675605384318,0.0941324537800538
dae_clahe_L2,00026538_034.png,26538,mixed_high_risk,0.558053731918335,1024,1024,ebfabace42146511f8ebd3699a3d4a8940efef99f51ac722429c6bbbfddca4cb,126bd5b0ac6423ff8d4889fb9186eed8a7cf76796adabcf72837285295372871,8b06727e3768d744e38207964fa30ce86a4ea8c549074d88e53bce43ee34a2cb,0.5386497739998504,0,511,804,False,0.0810376405715942,0.0843717497731051,0.0665317480394637
dae_clahe_L2,00026865_003.png,26865,pure,0.4625495374202728,1024,1024,ebfabace42146511f8ebd3699a3d4a8940efef99f51ac722429c6bbbfddca4cb,b28598d7afd3277695f435312b2fa847912cb601abd144f517cba5d00fa00144,6270bb4f36738e81c945e9cb5e554073d3f56cf7182eb9bd1f35652727a55b7f,0.4692321049999464,0,511,658,False,0.0422202497720718,0.0267076789658396,0.0017595232590994
dae_clahe_L2,00026911_000.png,26911,mixed_high_risk,0.4848730862140655,1024,1024,ebfabace42146511f8ebd3699a3d4a8940efef99f51ac722429c6bbbfddca4cb,7c41cf001ebb6d710a6b6f50f6cafa3ad67f0ab9f3d83bac8b44a0e7367204b2,cc2d9d4417d17f28493958bc8eb6b137fee62b1fc7a32ac403f7a363c691fcf5,0.563772692999919,0,658,658,False,0.1090870276093483,0.1010059806172734,0.0403174574769825
dae_clahe_L2,00027113_002.png,27113,mixed_low_risk,0.5337340831756592,1024,1024,ebfabace42146511f8ebd3699a3d4a8940efef99f51ac722429c6bbbfddca4cb,8174fdd509b1211089d3b49e0c2b76714d2729f6f1995e6298d9bda1ce2189b9,e7d5f01863785572bd0bf26c8f2fc301b4be9a00e2b22b96d6dab4bbe8dc09f2,0.5176971770001728,1,658,365,False,0.1355052441358566,0.0951812259521489,0.0763905995959994
dae_clahe_L2,00027357_014.png,27357,mixed_high_risk,0.5251569151878357,1024,1024,ebfabace42146511f8ebd3699a3d4a8940efef99f51ac722429c6bbbfddca4cb,24523b47ad1867668e312e667964d449b59dfc321558a2557744734de0b23024,fd53c8aafd1522c7581c8d1c2c00681033e07c268b2231fe38d50ea82579f1d7,0.3487191419999362,0,951,804,False,0.0876379609107971,0.1082630940353111,0.1407259949386676
dae_clahe_L2,00027441_002.png,27441,mixed_high_risk,0.617507815361023,1024,1024,ebfabace42146511f8ebd3699a3d4a8940efef99f51ac722429c6bbbfddca4cb,38a9156dee7ea73ff0f805231c2f1b84b106495ba26ac5ce5be597bd20093aad,3baf4fd20711f0f3a2bc3adf077c35242dfffab0c1fc157134be1ebcd3940647,0.4185808230001839,0,658,658,False,0.0532695800065994,0.0114715851564907,0.0
dae_clahe_L2,00027479_013.png,27479,mixed_high_risk,0.5316007137298584,1024,1024,ebfabace42146511f8ebd3699a3d4a8940efef99f51ac722429c6bbbfddca4cb,24b27b47530d2849ac02ae38e34abdb0af51f8738b336f84bc74f07ff29815cd,a07841b86d310452ca307a23b164eaeda3cde03cda90624600e4d614e5d550d7,0.3505689010000878,1,658,512,False,0.4941015541553497,0.2193316792219697,0.090164767816897
dae_clahe_L2,00027927_008.png,27927,mixed_low_risk,0.53297358751297,1024,1024,ebfabace42146511f8ebd3699a3d4a8940efef99f51ac722429c6bbbfddca4cb,7a3c8a4304365ef39f498e0705f007902c870825402c66ea1128f3d8e22fd7ff,5b3213b5265df12d8dbd79983857ff7933604dfd7cd42222f7f72f7942bd1681,0.36178212599998,0,658,657,False,0.037445094436407,0.0,0.0
dae_clahe_L2,00028208_005.png,28208,mixed_low_risk,0.5399020314216614,1024,1024,ebfabace42146511f8ebd3699a3d4a8940efef99f51ac722429c6bbbfddca4cb,4c11b21ea943b3536776de3558f67d7c6c40f09667ad03f9713bfe489dc62960,c086b8778d9fb15cdeec070ad808954b407cbd5042a3557ee899ddd957322e66,0.3643560689999958,0,512,804,False,0.2737322747707367,0.0980094253721526,0.0161133252781735
dae_clahe_L2,00028285_014.png,28285,mixed_high_risk,0.5528907775878906,1024,1024,ebfabace42146511f8ebd3699a3d4a8940efef99f51ac722429c6bbbfddca4cb,bfc55f361d6f49f98b79c31bf52891b30f9ed841ad5a1ca96f49bc3541e58491,becc2263f5902e185939907da2a3656ced3fe6b976516201ac3788cbadf81d82,0.3737492909999673,0,951,365,False,0.0520692728459835,0.0029507276165855,0.0
dae_clahe_L2,00028383_002.png,28383,mixed_high_risk,0.5878498554229736,1024,1024,ebfabace42146511f8ebd3699a3d4a8940efef99f51ac722429c6bbbfddca4cb,9b5cd9095545433ab20744fe3be7043cd9e2fad354ee39740d0194260fb66c17,57205e758d741ee948ddcf099d0ef722c24b68abbdd536eee244f1c1e1f195cc,0.3675828870000259,0,511,658,False,0.2156324535608291,0.1415496298889436,0.0376996882619085
dae_clahe_L2,00028518_012.png,28518,mixed_high_risk,0.6506338715553284,1024,1024,ebfabace42146511f8ebd3699a3d4a8940efef99f51ac722429c6bbbfddca4cb,d6cbd1b631f7d4aca54480e6c021f2fe5c31e42d7925bf2e88e28553474eb32e,d87314d8ad612ec5bb4195672b33ad9a2fcc3b0a2ec5c885979e60cb2d17789f,0.3958215080001537,0,512,804,False,0.2960331439971924,0.2799058742282742,0.1126910406884087
dae_clahe_L2,00028640_003.png,28640,mixed_high_risk,0.6555852293968201,1024,1024,ebfabace42146511f8ebd3699a3d4a8940efef99f51ac722429c6bbbfddca4cb,be828b3ad949f43ca8766322d2a2f9368d36acaee7a888450b527a37354cc764,7acf2872a8e73b790b1468d23a179c33e9d888b4ecbaefadfccb3a2a4443d0a1,0.4167950159999236,0,511,658,False,0.0716853588819503,0.097393621781804,0.1262366559200867
dae_clahe_L2,00028640_008.png,28640,mixed_high_risk,0.569629430770874,1024,1024,ebfabace42146511f8ebd3699a3d4a8940efef99f51ac722429c6bbbfddca4cb,9bb0b83aabfeecbb690706ee536c6fc8d8b4018bc9c411046e61fe9972136174,24b290cc9b5f8e9b1c8746f38fd4704bd5a1417113c55f8c2adcceb71624fc52,0.3765386180000405,0,658,658,False,0.0051623820327222,0.0,0.0
dae_clahe_L2,00029039_020.png,29039,mixed_low_risk,0.5015271306037903,1024,1024,ebfabace42146511f8ebd3699a3d4a8940efef99f51ac722429c6bbbfddca4cb,d3329f7c6998cf86e1a1bf3e4935215ab87c4b1615200ab5613502b0254ae19e,2ca2607d2441a8373381f44b507aeec637e04f8468c5ffe98638edb5e7dc1415,0.358439732999841,0,219,804,False,0.2384659498929977,0.1185985884589433,0.007345610997429
dae_clahe_L2,00029404_004.png,29404,mixed_high_risk,0.606998085975647,1024,1024,ebfabace42146511f8ebd3699a3d4a8940efef99f51ac722429c6bbbfddca4cb,c5b7a43a714cd620c3186e7a327d6db6ca15179fb4b416603c145c4436492cb0,2d73bf8e0aa1343236732d9229f434097ba1c27303f20079f97fcca9dd2a3267,0.361671392000062,0,511,511,False,0.0543855801224708,0.0543457322828578,0.0277082084024127
dae_clahe_L2,00029431_000.png,29431,mixed_low_risk,0.4702430665493011,1024,1024,ebfabace42146511f8ebd3699a3d4a8940efef99f51ac722429c6bbbfddca4cb,ae81590568e80bca16d27e7cee8471585702f5fc2ea34a3cd7e0d62f3d65d792,d8c840dab23ee33067ba272074ddd261a709fb94bcce9539cf1ed70f4421fa0c,0.3465895589999945,0,511,512,False,0.0550071969628334,0.0138031401663044,0.0003634381246592
dae_clahe_L2,00029532_014.png,29532,mixed_low_risk,0.4859843552112579,1024,1024,ebfabace42146511f8ebd3699a3d4a8940efef99f51ac722429c6bbbfddca4cb,1cbb120edbce40770713c19f8ceeace18c3399e6ce0a7328b62ae9cf3ed6dc41,f08aaee87ccd75eca77f72926aab1b29f7e8bf9767bf813cf310b24effde21f7,0.362170327000058,0,365,511,False,0.0748069062829017,0.0720604644815323,0.032836676217765
dae_clahe_L2,00029617_006.png,29617,mixed_high_risk,0.5810925364494324,1024,1024,ebfabace42146511f8ebd3699a3d4a8940efef99f51ac722429c6bbbfddca4cb,ffbe2a4a710dc23e0030d35221e06ad36a076174f7e4e41cf1a304be0c6a1442,016ec6684ffb7ec9b7215c196c4824dd60dc9f31cb009cf0de3908c2f1228f9d,0.3836002919999828,1,658,658,False,0.2176904678344726,0.2468884524185095,0.2339366916671588
dae_clahe_L2,00029861_013.png,29861,mixed_low_risk,0.5539242625236511,1024,1024,ebfabace42146511f8ebd3699a3d4a8940efef99f51ac722429c6bbbfddca4cb,6c68bf6dbd40348a458d90ca042b0d93c25bd8e5650c27596eace239ef78b2e9,a7396c73e0003332749310cab1767fe618c93ca49510a02508924dd5769c4942,0.3894771540001329,1,512,512,False,0.4706843495368957,0.2101624431448993,0.0859858850640933
dae_clahe_L2,00030323_028.png,30323,pure,0.6703959107398987,1024,1024,ebfabace42146511f8ebd3699a3d4a8940efef99f51ac722429c6bbbfddca4cb,28a6ab11edf485eb07d16d5e56fc7651a570b16e76f07c56d4d40b8935d565b3,5d9e514c2b95db30af9f727581caef879867ae3d92a49cb68db18478a7ca13ca,0.670265900000004,0,366,366,False,0.1364385038614273,0.1058248582159673,0.058823071564503
dae_clahe_L2,00030408_013.png,30408,mixed_high_risk,0.6676198244094849,1024,1024,ebfabace42146511f8ebd3699a3d4a8940efef99f51ac722429c6bbbfddca4cb,2796d23ed6dffe6a51367ee30688aab0e32df3f270b4c6a7acd19558129da5a7,4a7941e6afe9cd6b83f256bb1ed508e519cee56b860b93a570123bfd0f25f217,0.3848332669999763,0,365,657,False,0.0262879356741905,0.0128495518222317,0.0027343013388647
dae_clahe_L2,00030573_002.png,30573,mixed_low_risk,0.6048316359519958,1024,1024,ebfabace42146511f8ebd3699a3d4a8940efef99f51ac722429c6bbbfddca4cb,b407f792248ba7892c0e35612100bfebc06f9a0181f5004c80f6f74d49c3b6e3,8b6be0818bb530a971b6de1e53cb42bc0392a0fb33a8a9d1daa1ea6fa04918e9,0.3876728889999867,0,658,658,False,0.0110155381262302,0.0,0.0
dae_clahe_L2,00030636_004.png,30636,mixed_high_risk,0.5873095393180847,1024,1024,ebfabace42146511f8ebd3699a3d4a8940efef99f51ac722429c6bbbfddca4cb,94a2ec4fdf090b5263aa8dca9749e30fb82f8f2591f36d8bf8fdafb46da3181d,eae7d81f89f0692ff2d4f5b81605506f2881a72b8e2a6689103455802a486aed,0.3843944110001303,0,657,366,False,0.0840137600898742,0.1067448700963251,0.204851098887785
dae_clahe_L3,00000032_037.png,32,mixed_low_risk,0.7122337818145752,1024,1024,e7bedf3fb69de4974f9f3c472068c8541bc1a6bab7697ee907401d98e126eb65,16e447ed8f28d95d0ca98cc318afd474877522b940256a47db864d45f1797d8e,251f56fa2af008cec91353ed91b6241a0f4ed18bc72968de5af103b6de2ee021,0.3828991650000262,0,658,365,False,0.1387766748666763,0.1722313558584167,0.1576972681439793
dae_clahe_L3,00000211_016.png,211,mixed_low_risk,0.7475742697715759,1024,1024,e7bedf3fb69de4974f9f3c472068c8541bc1a6bab7697ee907401d98e126eb65,84a79b4831a38cd4909498be92d62567fbf2da25b51329855301680e41073e0b,ac3a46cf98046970180b9b2ca244356ef372ada9002aec1dc27c12433e5bc9f8,0.3555078330000469,0,658,658,False,0.042597334831953,0.0,0.0
dae_clahe_L3,00000468_041.png,468,pure,0.9721369743347168,1024,1024,e7bedf3fb69de4974f9f3c472068c8541bc1a6bab7697ee907401d98e126eb65,80239cc57165bc95f65844bf365b99ae4eb3ede5530bc9d2bfcda5d6427910a5,3a2522384af50e0efd1803c861b5d2d432f125851ac9abc031cc8d27fa837282,0.383966429999873,0,512,658,False,0.0128419296815991,0.0030357207136943,0.0
dae_clahe_L3,00001039_005.png,1039,mixed_low_risk,0.6466667652130127,1024,1024,e7bedf3fb69de4974f9f3c472068c8541bc1a6bab7697ee907401d98e126eb65,919458523d1dcd4683b7fcebbbfaa1830d15e7aa085509434191c47ee5cb8d7f,8b33705daaa89b30b33fc19d397318f6fd47f5c986507655011a464d2121ed84,0.3484541630000421,0,658,657,False,0.2374407947063446,0.1999381798965011,0.1160111776836813
dae_clahe_L3,00001900_026.png,1900,mixed_high_risk,0.5288135409355164,1024,1024,e7bedf3fb69de4974f9f3c472068c8541bc1a6bab7697ee907401d98e126eb65,4e2739c313e9fd6c7a27591989e0fb3707b1bfd7e7381f63ae694872917bcfde,a0f5e13d0ae46bd342eb15a4760c7bbb2b4bdb64e3e308b9f913c8c55d1ef8d2,0.3730606229999011,0,658,804,False,0.0980593040585517,0.0642058747075643,0.0202701981096812
dae_clahe_L3,00002224_007.png,2224,pure,0.6378805637359619,1024,1024,e7bedf3fb69de4974f9f3c472068c8541bc1a6bab7697ee907401d98e126eb65,2cb26ee213ed0ee589aedb750c5d768bea4f97b786b3ae5dc38125ce8d085bb6,d1d2d314cf56572c0ebe070109ee1c3178c370c55fdd6b125bd223b58601d292,0.3510098600002038,0,511,658,False,0.0079028904438018,0.0,0.0
dae_clahe_L3,00003149_007.png,3149,mixed_high_risk,0.8547157645225525,1024,1024,e7bedf3fb69de4974f9f3c472068c8541bc1a6bab7697ee907401d98e126eb65,19987340118e50fa502533d1004a344c91ab8ed7abc1debdf6d6bd26480c082a,753ad746eda78f4668a25b837a6fcd3d3cee6996f4526a011abeb2b217d084ae,0.3694074369998361,1,658,511,False,0.308010071516037,0.4992407651866039,0.5176165075800112
dae_clahe_L3,00003333_002.png,3333,mixed_low_risk,0.6394748687744141,1024,1024,e7bedf3fb69de4974f9f3c472068c8541bc1a6bab7697ee907401d98e126eb65,97b2e59fac1976c8d5cc290605392b2b01f706fa8de0670eba63ebe3b6b5bde1,576364851be04569601ccb390a6b105e185049e184d31175938bb1e33a143ac2,0.3603666960000282,1,804,512,False,0.3900072574615478,0.393949440182633,0.4659666580121606
dae_clahe_L3,00003973_008.png,3973,mixed_low_risk,0.5243431329727173,1024,1024,e7bedf3fb69de4974f9f3c472068c8541bc1a6bab7697ee907401d98e126eb65,e0f6e1b06a4b97ccacffe55930f8ceb30e36053686a61620b450fb7cf2c7da96,e59bf4ff4a99f5cee3d8d57744fd413fc1da095428537db099941512109e62d2,0.3473380089999409,0,512,657,False,0.0374614000320434,0.0285150924794686,0.0042970797008241
dae_clahe_L3,00005066_030.png,5066,mixed_high_risk,0.8335129618644714,1024,1024,e7bedf3fb69de4974f9f3c472068c8541bc1a6bab7697ee907401d98e126eb65,7912a656bfd5130fb7fb1cb7e806e0a64a4e909550cb7b8a18b031081d1f6ecc,bef1345badbc4a61c71c4cfb56549eecf56a6338ef1db07b6f0f298e8f907b68,0.3664422670001386,1,658,511,False,0.2198336124420166,0.3144135112207912,0.3786989671466206
dae_clahe_L3,00006096_010.png,6096,mixed_high_risk,0.7744295001029968,1024,1024,e7bedf3fb69de4974f9f3c472068c8541bc1a6bab7697ee907401d98e126eb65,02fc88e6a61a84974c0a704699b2e22e0560197249afaf984e2f4261a741e5a8,7979b3b801b6080be1ed6c753bf191cef3f8a28e5fbd03be642349d6d696336a,0.3976070929998059,0,658,804,False,0.0343413092195987,0.0,0.0
dae_clahe_L3,00006304_060.png,6304,mixed_high_risk,0.6324709057807922,1024,1024,e7bedf3fb69de4974f9f3c472068c8541bc1a6bab7697ee907401d98e126eb65,1f8a304c8a3c2d66d80f944073e48b260d6db311a333c3ef461bca71aca41ad2,cb27ff7246240ba062aac79231704ab7c33d8701bfa262970632fccf6a4ed77e,0.356934438000053,1,804,512,False,0.1568700522184372,0.1696696529180101,0.2419456863186559
dae_clahe_L3,00006836_002.png,6836,mixed_high_risk,0.6195933818817139,1024,1024,e7bedf3fb69de4974f9f3c472068c8541bc1a6bab7697ee907401d98e126eb65,9f2fb5b944b5305e040b274cd34b94750aa6d4b3fc4412b78d056f1d89a872c4,962335abce1c6e26ec93d071a5ede0d003fd869901105d4aab89ed25ecb97faf,0.3870455690000653,0,658,657,False,0.2464890480041504,0.2504393323286035,0.2305827974578115
dae_clahe_L3,00007124_006.png,7124,mixed_high_risk,0.5942993760108948,1024,1024,e7bedf3fb69de4974f9f3c472068c8541bc1a6bab7697ee907401d98e126eb65,5bcb62c59ff30b326ee80ecd6693f2e533a887d2ac450be750b74781cd8b2e6b,4f090e931ef99e92b43ecc9a5d36d3df2e4875dce9e0fad149c2345ba49c6f33,0.3460707260001072,1,804,365,False,0.3562930524349212,0.3754310787608412,0.3307705738213213
dae_clahe_L3,00008814_010.png,8814,mixed_high_risk,0.6134157776832581,1024,1024,e7bedf3fb69de4974f9f3c472068c8541bc1a6bab7697ee907401d98e126eb65,5b7d91e897a13d6be041a07b1c2ef4a16bdf1c4bedb9079dde20af53a172e91d,3be8f872d1b7dc00443d353f6d34154bc64d30d4d5c4bc593c310fa66f8c9ddc,0.355079023999906,0,658,511,False,0.1760614961385727,0.1808348535250563,0.1000408102693477
dae_clahe_L3,00009431_004.png,9431,mixed_high_risk,0.4928672313690185,1024,1024,e7bedf3fb69de4974f9f3c472068c8541bc1a6bab7697ee907401d98e126eb65,438bffff7e751c424507aa5ce7b50fe7ae752e4885a9b55c973378c8b392d426,f4222822a332d6752a8d25e3c065c702e0ffebeff368542e674a5c257408a9dc,0.3288222369999403,1,658,512,False,0.4754579365253448,0.5037225123365113,0.3297874683404911
dae_clahe_L3,00010092_018.png,10092,mixed_high_risk,0.903474509716034,1024,1024,e7bedf3fb69de4974f9f3c472068c8541bc1a6bab7697ee907401d98e126eb65,86877b80a94695c9d397fc68ebdae6bed310f30aaaefe6f31623b97506944a66,034006f3b17d0955a58a26eaf0a3895b5d24e89ce110e8e6602bcee207330a02,0.3612053740000647,1,658,512,False,0.1455007940530777,0.2096653400094149,0.2838427947598253
dae_clahe_L3,00010120_010.png,10120,mixed_low_risk,0.3649495542049408,1024,1024,e7bedf3fb69de4974f9f3c472068c8541bc1a6bab7697ee907401d98e126eb65,54cf62b1fb60fc597e6b0ffa39e4e3e7a87c300562bd107a6419024ffe018517,da788c37a94647677474c3ddfa74b94df2870f0f69380bc9526abbb6cf9f6332,0.5577542150001591,1,657,658,False,0.4394523501396179,0.2035934664246824,0.116470105667418
dae_clahe_L3,00010230_001.png,10230,pure,0.2991001605987549,1024,1024,e7bedf3fb69de4974f9f3c472068c8541bc1a6bab7697ee907401d98e126eb65,5aea4cd21154f4e8f8b025608ef6f1b19246cc3a082cbbdd801af32b729cda23,01d4086357c91b8208b33e16e5433c37171435ee447a940dde162dbf2b3df082,0.3246838709999338,0,0,658,False,0.0039707571268081,0.0,0.0
dae_clahe_L3,00010277_000.png,10277,mixed_high_risk,0.9493622183799744,1024,1024,e7bedf3fb69de4974f9f3c472068c8541bc1a6bab7697ee907401d98e126eb65,186c765a267a39e6375ff9407f1ac4811dfea58ced22975e984bef0007cd638e,4960b98b9633abc3219cdd4844a0973a3627c126a4b5db9386d19cec26f37dc0,0.3613814850000381,0,658,658,False,0.1080802530050277,0.0733326360562005,0.0472719721746353
dae_clahe_L3,00010805_049.png,10805,pure,0.5392814874649048,1024,1024,e7bedf3fb69de4974f9f3c472068c8541bc1a6bab7697ee907401d98e126eb65,3a1c1f385ab2f44e922c998d06df9659050f102e8b6216c14311b6abe88e6c9a,7a617dfa0408ac9f165d0a7294918750cc63bd676faabddf4ed5660bc7a800cd,0.3464223979999588,1,512,511,False,0.3665447235107422,0.3097090256301276,0.2549285729124109
dae_clahe_L3,00010828_039.png,10828,mixed_high_risk,0.8126397728919983,1024,1024,e7bedf3fb69de4974f9f3c472068c8541bc1a6bab7697ee907401d98e126eb65,9351a00114fb1a070eb8d2da7a509b372db719df3e31068d69ad8f733318e507,66c1f33685b8d89ae9be705a1033c42c78ff72395c39a4882b8b84a3c7b49b84,0.3966172590000951,0,658,658,False,0.1513115763664245,0.1989091395446701,0.265074988403855
dae_clahe_L3,00011023_004.png,11023,mixed_low_risk,0.7815059423446655,1024,1024,e7bedf3fb69de4974f9f3c472068c8541bc1a6bab7697ee907401d98e126eb65,65a5357d7b5d0ff4a3b80957f4b2b59e127ac2a3ae1fbaffb9ff08632cb68fe6,4157e2b31debcaedaea2b330e9c0e638c2c618ad50bffcc4bd9f583ccd1d2126,0.353552196999999,0,658,512,False,0.102177694439888,0.055046551621894,0.0
dae_clahe_L3,00011124_000.png,11124,pure,0.7260246276855469,1024,1024,e7bedf3fb69de4974f9f3c472068c8541bc1a6bab7697ee907401d98e126eb65,9f9b758db430e405cd94aee029d1892435163c2e59d0547e0b827560a1dc973e,6cb311d8847b8a4b5948145c321a238a7ba00159c4bf58281683efd9b2e31dcc,0.4174749670000892,0,657,804,False,0.0046939272433519,0.0,0.0
dae_clahe_L3,00011237_094.png,11237,mixed_high_risk,0.8723666667938232,1024,1024,e7bedf3fb69de4974f9f3c472068c8541bc1a6bab7697ee907401d98e126eb65,8ba360bcf853f65faad2ba60300a0759b60482e0e64d526502c0c49f75927dea,c4149de2bb593d1a579ef4310ca0c6f73bd0a0f07dc2d1bfa38814107163a3b4,0.3592334689999461,0,512,366,False,0.2010064274072647,0.3217134108149488,0.2837577302752873
dae_clahe_L3,00011269_018.png,11269,mixed_high_risk,0.8243017196655273,1024,1024,e7bedf3fb69de4974f9f3c472068c8541bc1a6bab7697ee907401d98e126eb65,79dea931e930f0ed32f8d502f1b3bb7b26d1a95f6af4b785e1359c41c01d43b9,2c50c9107071033509bcaaf66bc4e48334b9fbc12fa3ec2f1b49ea484a0a0f8d,0.4964511369998945,0,512,657,False,0.1032082289457321,0.1081842328011441,0.0782625620397703
dae_clahe_L3,00011366_002.png,11366,mixed_low_risk,0.6634992957115173,1024,1024,e7bedf3fb69de4974f9f3c472068c8541bc1a6bab7697ee907401d98e126eb65,215feccfdd04f74709d8b3dbbd910808a18b8297e7f318edd3c10cfaff653384,9163ad8d23ac45e6f3ec3064b8db34bd286556826af94aca704ae9499c14d9c4,0.532667679000042,1,512,657,False,0.6123740673065186,0.3181372916822983,0.1965017739296678
dae_clahe_L3,00011925_072.png,11925,mixed_high_risk,0.9710671305656432,1024,1024,e7bedf3fb69de4974f9f3c472068c8541bc1a6bab7697ee907401d98e126eb65,93f67f9dd2126c67138ccfbf3b26e3eacef25037b599deb8d894ee62f778f2b0,5297cb12afcfcbd084fb377c320d4b2ab39ae67d60404345a29adfb54bfc3bb0,0.4935897140001088,0,658,366,False,0.0176323857158422,0.0,0.0
dae_clahe_L3,00012021_054.png,12021,mixed_low_risk,0.6193090677261353,1024,1024,e7bedf3fb69de4974f9f3c472068c8541bc1a6bab7697ee907401d98e126eb65,607c38b9d68cc3b88031e40685bdafd40e8c09418a3906e60039bfc83f3cfaff,6334870e4af0979abfc4b1ffdf1989b1415ac6405f2b1da763513f5930b700e1,0.4825790959998812,1,804,365,False,0.2227866947650909,0.2063254740334897,0.2290234256160633
dae_clahe_L3,00012021_081.png,12021,mixed_low_risk,0.7823246717453003,1024,1024,e7bedf3fb69de4974f9f3c472068c8541bc1a6bab7697ee907401d98e126eb65,03afe6ce2232a9307ca0a2b51dd42199644882fccc4abd818f9565f5574dac2e,1675c440e5dae6f4ce59a3bc448776ba138056d96e45c387016f27f629320e59,0.7828879539999889,0,511,658,False,0.0265065524727106,0.0,0.0
dae_clahe_L3,00012364_045.png,12364,pure,0.8464469909667969,1024,1024,e7bedf3fb69de4974f9f3c472068c8541bc1a6bab7697ee907401d98e126eb65,23883e78767a7195866f397aeb22e967d8355f10b55856553b5ad8f18f95542e,1f46a95c8619142b252eaec5a5a4da644d8ca1afd70c0fa1396c9b08f31ccff6,0.468392711999968,0,658,366,False,0.2406518906354904,0.3101403224314574,0.2275382297765903
dae_clahe_L3,00012376_010.png,12376,mixed_high_risk,0.9428285956382751,1024,1024,e7bedf3fb69de4974f9f3c472068c8541bc1a6bab7697ee907401d98e126eb65,ab24ac1235688e248253c2cb85a1ddcd7b722676bd03dbd9a202a71c7ed6ff1b,382ad09eb2c7358f6b1f865a3c7acad4a7b85aa1ecf47d1df7fbd9f232b9b7a5,0.5056211149999399,0,658,512,False,0.0346694849431514,0.0088473526336873,0.0
dae_clahe_L3,00012505_007.png,12505,mixed_high_risk,0.7438691258430481,1024,1024,e7bedf3fb69de4974f9f3c472068c8541bc1a6bab7697ee907401d98e126eb65,2d923373356cb5fb62630d2c5465d270ed3a0ce10671cfd60c4c69df14a44914,a77c3cdc38a4a85c36f56d02c5e423246d90934517787ade9db9bcc8b78a0b92,0.3988716599999407,0,804,366,False,0.1378882378339767,0.2156428848238406,0.1876306486740869
dae_clahe_L3,00013106_000.png,13106,mixed_low_risk,0.2013584673404693,1024,1024,e7bedf3fb69de4974f9f3c472068c8541bc1a6bab7697ee907401d98e126eb65,dfc6b1080a5d7b61ddd1aa18a5944b3c5c36856bbbdf336b8813262acfa1679e,cba95772e3a712dcb3b77a3d01bdf403042e4ad1d81e315ace5849b7f28aa93d,0.3145818499999677,0,512,658,False,0.1883817911148071,0.0511470820909146,0.0007895861554398
dae_clahe_L3,00013310_057.png,13310,mixed_low_risk,0.8648045063018799,1024,1024,e7bedf3fb69de4974f9f3c472068c8541bc1a6bab7697ee907401d98e126eb65,e134b44ce86afcb229eb63ca4d6ef8d83b04dadaffd732e4615b218224840fff,8db83e92b8619aebff82e705d0c9ab36c8df010078cd8a262aa396d1d039574a,0.3593461860000388,1,512,512,False,0.8661283850669861,0.2191330528181722,0.0959883193532687
dae_clahe_L3,00013391_005.png,13391,mixed_low_risk,0.7642813920974731,1024,1024,e7bedf3fb69de4974f9f3c472068c8541bc1a6bab7697ee907401d98e126eb65,3efc193e2f0bc60dd97645a3c3bf960fd4e7f77f35e2bb82e1971d53d72878a9,f8cd2b41138e9a2bce85766fa6ccf3bb58d19ede172b065285cb26a044fb580c,0.3657579729999725,0,657,511,False,0.006343628745526,0.0,0.0
dae_clahe_L3,00013471_029.png,13471,mixed_high_risk,0.7569406032562256,1024,1024,e7bedf3fb69de4974f9f3c472068c8541bc1a6bab7697ee907401d98e126eb65,b1bcabe6fdba7fe5465508253a5b1a7c51dfe5a44ec4d88ebf363cc6f370562d,aae9d87d03778961b5f6617e3245f426a67cecd0d522cdc486e36953d0f630bf,0.4020392299999002,1,658,658,False,0.3101933896541595,0.2719716192460965,0.1685783384010195
dae_clahe_L3,00013670_151.png,13670,mixed_low_risk,0.8737843632698059,1024,1024,e7bedf3fb69de4974f9f3c472068c8541bc1a6bab7697ee907401d98e126eb65,6f249f543f0db58a1b6399304ecf0a63642247fbd3edf4e9e091e757827b4273,36e8d19f6046d367c58b6ad3fdf632da47e7599adcebb82f9b85deabbda62ab1,0.3749064090000047,1,658,365,False,0.7489981055259705,0.420757982585605,0.2076171206415961
dae_clahe_L3,00013922_021.png,13922,pure,0.875027060508728,1024,1024,e7bedf3fb69de4974f9f3c472068c8541bc1a6bab7697ee907401d98e126eb65,413d88b094c70cf8354d226ff50b013835ef44319eae23d46a75c227a3ed7347,a7b6b7c0450d9b97e746d56c8c646f93ccc53036658d87e7669b7b6572d5b91f,0.3739793160000317,0,365,657,False,0.0923551693558693,0.0769344298844727,0.0001105613753835
dae_clahe_L3,00013922_022.png,13922,pure,0.8144892454147339,1024,1024,e7bedf3fb69de4974f9f3c472068c8541bc1a6bab7697ee907401d98e126eb65,35b26ba88bf0a1561ba80af7e59eaa251b0732e0d7df0050e26be5761732fba7,b76a51deabf2e476cc99ad24dfed813767fd9cdb121858fc1eb75723391d9963,0.4072082199998021,0,512,512,False,0.197095975279808,0.2632897012883071,0.1473149492017416
dae_clahe_L3,00013993_083.png,13993,mixed_high_risk,0.7314988374710083,1024,1024,e7bedf3fb69de4974f9f3c472068c8541bc1a6bab7697ee907401d98e126eb65,142d8352a5801b422f0757abe71fd1d82738649bca173c0177babc3da83a732d,486636534f7b487c22978ea44f44f8ba26c2bcbbf69f8df7d5cb6e0284d5ce2c,0.3701506160000463,0,511,219,False,0.1758659183979034,0.1301577859871016,0.0952859795804173
dae_clahe_L3,00014203_018.png,14203,mixed_high_risk,0.5267517566680908,1024,1024,e7bedf3fb69de4974f9f3c472068c8541bc1a6bab7697ee907401d98e126eb65,a0862e9d5a42a258f4fc235b07fb0dda57599e53061e313ad12b2e6a07ef4484,140a99f9b2bcb6e059efe086ebc2b67c9ab1be88107c496b0d6c251e0e811d27,0.3806337449998409,0,658,511,False,0.0865714401006698,0.0901707893764395,0.1289612020346053
dae_clahe_L3,00014251_029.png,14251,pure,0.6745843291282654,1024,1024,e7bedf3fb69de4974f9f3c472068c8541bc1a6bab7697ee907401d98e126eb65,cf722b27e8574be27d271cc7e0306707a599732da9de7410739fc2fa597d353f,7d7b27d7d11e63166b4bbd2cbbc9ae7e6f69388b8611e2c157552d3738962059,0.3752608950001104,1,512,658,False,0.6838553547859192,0.2491209895835619,0.1223215468452378
dae_clahe_L3,00014617_003.png,14617,pure,0.4113320112228393,1024,1024,e7bedf3fb69de4974f9f3c472068c8541bc1a6bab7697ee907401d98e126eb65,b95eafbbd6a98d21a5e9eaba339cb58809b05b62870ada8d9ccddb3422b89e68,de94b3a7ea3054b54698b841e409de43bf4e0c0555abf54b1abace7fc797bf81,0.334775651999962,0,804,658,False,0.0114083886146545,0.0025242399342645,0.0
dae_clahe_L3,00014738_000.png,14738,mixed_high_risk,0.5840712785720825,1024,1024,e7bedf3fb69de4974f9f3c472068c8541bc1a6bab7697ee907401d98e126eb65,3ccad6e80b48d4751b91814a21e2a1eb55a922aeb0b904cb2bb0962d9fc5b937,b5f1e9a833dbb003894b43c479cd2c6c19c0cd5f38180d1a2f4346e0c4a82cb5,0.3554049019999183,0,658,512,False,0.1280500590801239,0.0553153986824421,0.0061321107461501
dae_clahe_L3,00015069_001.png,15069,mixed_low_risk,0.6587612628936768,1024,1024,e7bedf3fb69de4974f9f3c472068c8541bc1a6bab7697ee907401d98e126eb65,a21b33c8b0649cbf4b4536674d205395a3a416e7c4890cc6cc5c2cf5d910f575,a75c106442b00ae60e3ac0e78bef47befbb585ead63e0d5878b193a31eb47de9,0.3707065520000014,1,512,658,False,0.6490780711174011,0.2382256352750355,0.1689571090161436
dae_clahe_L3,00015732_020.png,15732,mixed_low_risk,0.8553210496902466,1024,1024,e7bedf3fb69de4974f9f3c472068c8541bc1a6bab7697ee907401d98e126eb65,e1a7170b3ded39e26e50ac58fbdb4899669797dfdc2758d3f4374a12275e04a1,b73501365517f2931d1d5347dc4879ca3de0e5bb2c4b2f47848198c4e58354cd,0.3912458719998994,0,658,804,False,0.0820197612047195,0.1281030763279232,0.034816247582205
dae_clahe_L3,00015831_011.png,15831,mixed_high_risk,0.3687658011913299,1024,1024,e7bedf3fb69de4974f9f3c472068c8541bc1a6bab7697ee907401d98e126eb65,e2efbefe665d3bb5c406c702e06882e15d78ccb4babbbabeab6d5bdfce5f134e,15e7d13b8f225530e45c54509770ba7412fd35331bac2acfe1c8ce5b7609e455,0.3121720300000561,0,0,951,False,0.0015418543480336,0.0,0.0
dae_clahe_L3,00016094_007.png,16094,mixed_low_risk,0.4310691952705383,1024,1024,e7bedf3fb69de4974f9f3c472068c8541bc1a6bab7697ee907401d98e126eb65,396d371ab4606e8f87ede51af96a9b9fdcfe0c279e4e2dcbf0d5de2754dbc7a9,6269129f9121a9113005e709305a7d53938f45ea3a8e76d31af1f7b73fc96a07,0.3430926260000433,0,512,658,False,0.0006940521416254,0.0,0.0
dae_clahe_L3,00016191_004.png,16191,mixed_high_risk,0.36970916390419,1024,1024,e7bedf3fb69de4974f9f3c472068c8541bc1a6bab7697ee907401d98e126eb65,5680a7a728c795b48db6aac233e46704d013f56408a3d2301c6fbe093fc88f9b,7da5f97b13a5616f4c98757a728bdd7a24ab2b2b0a910918f3959f1b85d2f480,0.3069987849999052,0,951,512,False,0.0189528856426477,0.0,0.0
dae_clahe_L3,00016417_008.png,16417,mixed_high_risk,0.4940734207630157,1024,1024,e7bedf3fb69de4974f9f3c472068c8541bc1a6bab7697ee907401d98e126eb65,a91eaa19abb5227ac25cab7dbf2a061f52134257d8cb887f14663a32dd70857b,7cd3b0ccd5d3cf1c904529534b4e2b29b4257cc916414a1c1cbc2bdd82f56c7b,0.310460508999995,0,658,658,False,0.0170495901256799,0.0,0.0
dae_clahe_L3,00016705_006.png,16705,mixed_low_risk,0.9360310435295104,1024,1024,e7bedf3fb69de4974f9f3c472068c8541bc1a6bab7697ee907401d98e126eb65,7c3984fd7e01f174a1ec7632d207323bb54e4d3f54fdb62bda0608a6f65a5a83,512b2bd2e9874d25740b439f871bd8e50362266247a555e79bba8dffbfb61f20,0.4252415139999357,0,512,512,False,0.0702836811542511,0.1098269319028607,0.0871352921214417
dae_clahe_L3,00016732_040.png,16732,mixed_high_risk,0.5820837020874023,1024,1024,e7bedf3fb69de4974f9f3c472068c8541bc1a6bab7697ee907401d98e126eb65,fae456c69bfb512cb14507d54583282d410c8dbda0b2a8072c225efc3694cbb2,7e8af3441a21feca93f0cb31e44400a98e6035ac9c3df3f45164076136762e4a,0.3241340920001221,0,511,804,False,0.0605284608900547,9.728194252582836e-06,0.0
dae_clahe_L3,00016786_001.png,16786,mixed_low_risk,0.7377107739448547,1024,1024,e7bedf3fb69de4974f9f3c472068c8541bc1a6bab7697ee907401d98e126eb65,3b2293c46510beec6025acc51bd4da1a9fce4f21b17af0d95361cb206a07a1cc,85467fd1118c4b2b01ae69d2cfdbfff48d8a4ea72206617f329200f2ab55276b,0.3412991499999407,1,658,658,False,0.3444263041019439,0.2849962192713801,0.2090750227573238
dae_clahe_L3,00016786_009.png,16786,mixed_low_risk,0.6861645579338074,1024,1024,e7bedf3fb69de4974f9f3c472068c8541bc1a6bab7697ee907401d98e126eb65,8a9e2c257a443adbd4d23269da3490eba2575e9f22de773d473b1d96776938be,1603c3c61b81db0cbdbb542d3a5740a4a9ad1a2004d15725797770072a9ead1b,0.3397376479999821,1,512,658,False,0.2478182017803192,0.2722125399565537,0.3322659722176088
dae_clahe_L3,00017083_002.png,17083,mixed_high_risk,0.5606282949447632,1024,1024,e7bedf3fb69de4974f9f3c472068c8541bc1a6bab7697ee907401d98e126eb65,e88b1da9168c4895c484dfbc59fff437cef5232d207ee6f0e921edb8e4709960,720e5a4939adece36b9cb3c1aaa085ef2f92384c10148f9c76dbbc52d54f9927,0.3033264040000176,0,658,658,False,0.0114831514656543,0.0,0.0
dae_clahe_L3,00017138_037.png,17138,mixed_high_risk,0.676655650138855,1024,1024,e7bedf3fb69de4974f9f3c472068c8541bc1a6bab7697ee907401d98e126eb65,085b9cfaaa861e8005bd9b36bb59552d141f2229595017f7a9dca522c47b33f7,ccf041d9ab0729dc326e67b9cd18c604dc60cdd93823caaead5f53274393cb9d,0.7854306780000115,0,658,804,False,0.0349445380270481,0.0,0.0
dae_clahe_L3,00017544_003.png,17544,mixed_low_risk,0.6744988560676575,1024,1024,e7bedf3fb69de4974f9f3c472068c8541bc1a6bab7697ee907401d98e126eb65,82eb4a00c1c38931038de7a85a59a580a7a2b304183fb84996f8ba098a727596,cc73ce57eb40a499d3323b961c3d40ce7fd28a142576637ff571e8c7c99f01d2,0.3674003319999883,0,658,804,False,0.331296443939209,0.2597122551568729,0.0989320165365181
dae_clahe_L3,00017714_009.png,17714,pure,0.876934289932251,1024,1024,e7bedf3fb69de4974f9f3c472068c8541bc1a6bab7697ee907401d98e126eb65,7c42fefe365c5063507593950ae203ecabb226a8635e80bf0fdcf663be0db854,2c826610ac5a92ea5cacfd8b500aea65f02ab370fdf07db5ac855b1de57ba800,0.5279779879999751,0,658,658,False,0.1082565262913703,0.1575905060772327,0.1506207174978412
dae_clahe_L3,00017972_032.png,17972,mixed_low_risk,0.7238649725914001,1024,1024,e7bedf3fb69de4974f9f3c472068c8541bc1a6bab7697ee907401d98e126eb65,b788ce29f31cd4be3341093d6a23012281d2751b97926aeeb0764eaaa2a720ba,9cbc027ab7ce191cbc22f335573575fdcda7f0200671038fefb9b2dd8ec384dc,0.550900916000046,0,804,512,False,0.0362121015787124,0.0026614328971434,0.0
dae_clahe_L3,00017981_014.png,17981,pure,0.8452022671699524,1024,1024,e7bedf3fb69de4974f9f3c472068c8541bc1a6bab7697ee907401d98e126eb65,abb007480593d681e11bfd30da4adb3ed57cf931303917cce469f730ad9dbe33,2a4fcec3d7ed55876bf278ca2c007ff2d5d980ed9ed8fb760e08a9ce9741bbff,0.5090321689999655,0,804,804,False,0.0157700758427381,0.0,0.0
dae_clahe_L3,00018253_054.png,18253,mixed_high_risk,0.7681077718734741,1024,1024,e7bedf3fb69de4974f9f3c472068c8541bc1a6bab7697ee907401d98e126eb65,a0ca9768c4efff3230d1c85e27acdb2f0461fc038a303f5c346563e3f09f75ef,0518c1719267d295ddc76d94ed400e40b6c8e23c966b662fe4fd15a811041971,0.4476486930000192,0,512,512,False,0.0980798378586769,0.0992867473453898,0.0756894733921536
dae_clahe_L3,00018253_059.png,18253,mixed_high_risk,0.5819447040557861,1024,1024,e7bedf3fb69de4974f9f3c472068c8541bc1a6bab7697ee907401d98e126eb65,b3409b148927b95e2126d3ca6a16121c1e66107ce556cf446d8535ecd4091b66,8b61073bc8d484d2fdc55ee6588e68c27b1e04d0f7d1d7682c118651da072422,0.563713658999859,0,512,658,False,0.0227449163794517,0.0,0.0
dae_clahe_L3,00018393_000.png,18393,mixed_low_risk,0.7035406231880188,1024,1024,e7bedf3fb69de4974f9f3c472068c8541bc1a6bab7697ee907401d98e126eb65,1178f704392c3f6e8c5ca49d690a6ec68122abf52cd0d4c460acb9183a6b652e,408667113d0cd861b03d5d7b0ed402a0d0d2196040f0f40aeaacfb8042bef7c5,0.4789533299999675,1,657,658,False,0.1470935642719268,0.1544073119551593,0.1311740399866643
dae_clahe_L3,00018721_010.png,18721,pure,0.3991167247295379,1024,1024,e7bedf3fb69de4974f9f3c472068c8541bc1a6bab7697ee907401d98e126eb65,6c207cfbb030cb9dd52b766334511f2f7c9ed4da729461f836ea146031d1ba49,ebfbd67b8ded26ec3c14da06e24865e6cf1921ce92273c8a4ea992fb82035179,0.4735955200001172,0,658,658,False,0.049207866191864,0.0,0.0
dae_clahe_L3,00018921_038.png,18921,mixed_low_risk,0.8097793459892273,1024,1024,e7bedf3fb69de4974f9f3c472068c8541bc1a6bab7697ee907401d98e126eb65,e2eee2f601143a4a4b7f861a8b426362e16ed8602f37aed9338ac1ba356a3567,2acff63c0412ae3bc070a0b7ffb1c06d71df3dcbca5525875d1ce4c83597efa8,0.5341781159997936,0,512,658,False,0.2652818262577057,0.2247624103448872,0.1351495035705562
dae_clahe_L3,00019018_007.png,19018,mixed_high_risk,0.6670131087303162,1024,1024,e7bedf3fb69de4974f9f3c472068c8541bc1a6bab7697ee907401d98e126eb65,6331a046d25b21dc7be436c248dad8540d55e211fe983220776f281ec4a94092,c2497824726dc0c2b666ffca9f4bdd8aefb009ce79cba344a3b87c941c69936c,0.3635855590000574,1,658,658,False,0.6167566776275635,0.4296077304207386,0.2718760285612569
dae_clahe_L3,00019150_002.png,19150,mixed_low_risk,0.7728195190429688,1024,1024,e7bedf3fb69de4974f9f3c472068c8541bc1a6bab7697ee907401d98e126eb65,ddbc8f0c31c597ee71dfd8ada44cb8bf497a2775b6986a396042edf2e8cd180d,a01ff8e89281f6ebd2406f5221fac9b7aa3797257d59634750878e8fbe589d66,0.3577786830001059,1,658,657,False,0.3990125656127929,0.2651210768613617,0.1727288057304993
dae_clahe_L3,00019363_043.png,19363,pure,0.4762459099292755,1024,1024,e7bedf3fb69de4974f9f3c472068c8541bc1a6bab7697ee907401d98e126eb65,00a4280e21c3c8c9be2bd1e0b1688198d90ca777351b05ce2f47b654e04f2a1b,aaab8c3c5acac031e8c6bc7f37f361d046f4f97b6eabae00dbc80a5267758e64,0.3650915759999407,0,804,512,False,0.1341647654771804,0.1491107988638488,0.1263150177779406
dae_clahe_L3,00019625_002.png,19625,mixed_high_risk,0.7367813587188721,1024,1024,e7bedf3fb69de4974f9f3c472068c8541bc1a6bab7697ee907401d98e126eb65,cdfb2f1810d0b9076e826d37a1e8b912d3fd212b5d79676a788eeb6fd7e37cd2,f2ed1e48f9ecbcd0fcd3f8645045692b89b06b2abc49b26579672c12c8c539f0,0.3672887559998798,1,512,658,False,0.6447708606719971,0.4844132292371058,0.3837103436154319
dae_clahe_L3,00019634_004.png,19634,mixed_low_risk,0.5943716168403625,1024,1024,e7bedf3fb69de4974f9f3c472068c8541bc1a6bab7697ee907401d98e126eb65,78f3bd805fc5852fae5f35ee3e2e0a2e2d6af5e0cf45d2654b7c2c977933a51a,fb63132de5912d7052d39264a4d8c616eafc7f2a0f411a98474f39851d42be60,0.3500960110000051,0,658,658,False,0.139644369482994,0.1264320956681719,0.0611903791275988
dae_clahe_L3,00019646_006.png,19646,mixed_high_risk,0.6200599670410156,1024,1024,e7bedf3fb69de4974f9f3c472068c8541bc1a6bab7697ee907401d98e126eb65,0bde57b5cd94b6abc69677c5f7b0a53a060a6f7a6940d3ae33e7a0e29df031ef,d7207471edeef67d2ea2f128b3c9957adc8da540959558460fbca408fbb8c549,0.3407688059999145,1,658,658,False,0.2058248668909073,0.2303478499041358,0.2478771397083891
dae_clahe_L3,00019706_012.png,19706,mixed_high_risk,0.6403172612190247,1024,1024,e7bedf3fb69de4974f9f3c472068c8541bc1a6bab7697ee907401d98e126eb65,41b420c9c11c50b3a1227ee5eab5862a49ee0d8319d8e207305628958f808255,6a925ba6933cd25c7e19490e27ec0a6c68bfe01b31f30697505938e5c14cd436,0.3915223460001016,0,512,658,False,0.0106613552197813,0.0,0.0
dae_clahe_L3,00019750_012.png,19750,mixed_high_risk,0.7000128626823425,1024,1024,e7bedf3fb69de4974f9f3c472068c8541bc1a6bab7697ee907401d98e126eb65,938dc7566217433a737575a2ea0cb5793f6fefbcc36158f69c96da3d9a19a741,687b88c23901a4674d4f7be7e588a6c4c7ffa58c56938774cd436f069ffa5274,0.3770975909999379,1,658,511,False,0.6339370012283325,0.4519093514828307,0.1825394351268782
dae_clahe_L3,00019750_029.png,19750,mixed_high_risk,0.7508598566055298,1024,1024,e7bedf3fb69de4974f9f3c472068c8541bc1a6bab7697ee907401d98e126eb65,dfe543cdc94c069a193ac012cda38745bee3b8184b9a7d49d481b60811d773c7,bd92f07ba85f484d9f6392f01a33bd65c0cb677cba34f7ae48adab4e85a3981b,0.3926399150000179,0,658,512,False,0.1662394851446151,0.1832878787878787,0.1549481980550435
dae_clahe_L3,00019769_014.png,19769,mixed_low_risk,0.4710637927055359,1024,1024,e7bedf3fb69de4974f9f3c472068c8541bc1a6bab7697ee907401d98e126eb65,043ebc3a5f7c0f811b590b68b8a7f24b062ee24407cf5192e1a3c4f73bec87b7,eadd6ef3809b16f76f1d8dfe54037981bc33289adc31eec514273c1cbe0b173e,0.354464341000039,0,658,658,False,0.1532057076692581,0.1427945336467588,0.0598099701590904
dae_clahe_L3,00020113_030.png,20113,mixed_high_risk,0.5810797214508057,1024,1024,e7bedf3fb69de4974f9f3c472068c8541bc1a6bab7697ee907401d98e126eb65,c0beeeaa624dc277b3720be2748a1e8c674618319b8fb8e9b776d091b03da4da,8d44d85fee8ce994b46a90e05265f32309d904168327e51d865643d7be6d5948,0.340279197999962,0,658,657,False,0.0034032857511192,0.0,0.0
dae_clahe_L3,00020184_013.png,20184,mixed_high_risk,0.4663751721382141,1024,1024,e7bedf3fb69de4974f9f3c472068c8541bc1a6bab7697ee907401d98e126eb65,69b3b1546f945dc2b7c54d14b14b338a72f66d8b22f2f81eb0af0b211c2e8b25,15bbd895979be776bf7d251f97b493c0add27ffd5645e69efb94c6fdf7f5dfc7,0.3666561960001218,0,657,658,False,0.0607420578598976,0.0050872362230975,0.0
dae_clahe_L3,00020259_002.png,20259,mixed_low_risk,0.8018523454666138,1024,1024,e7bedf3fb69de4974f9f3c472068c8541bc1a6bab7697ee907401d98e126eb65,b7c17b7eef7ca1113caebbe67741ff67d65ff41f3578934c2337ee3ee406a250,6bfcb60b231acd93c425343dcee3add90df74b0d39800beecbd4fa9de65d5081,0.4339803970001412,1,658,658,False,0.3051954507827759,0.3134294683146949,0.3589840252579991
dae_clahe_L3,00020405_041.png,20405,mixed_high_risk,0.5326138138771057,1024,1024,e7bedf3fb69de4974f9f3c472068c8541bc1a6bab7697ee907401d98e126eb65,717edddb1b507f791f6fe57f6eb2b7c0f4347c81c1981f72d1e3e6c6aed7724f,3a572ca2c4c0f61095ea9b4956ad6a223b97f3d155352cdfc35983fbc9b3477c,0.3624897919999057,1,658,658,False,0.4133782684803009,0.3783979673273938,0.237229844014283
dae_clahe_L3,00020482_011.png,20482,mixed_low_risk,0.5339978337287903,1024,1024,e7bedf3fb69de4974f9f3c472068c8541bc1a6bab7697ee907401d98e126eb65,104425a24a28c05bd05bf501f564ee48357fcb4204e6d7cbf51b29fa37f29faa,408cf89e2ba9ebc0469054095f5adfe769fb41a9cd8cbbd528b0f2da1c4f111a,0.3166187770000306,1,658,658,False,0.198673814535141,0.1943183567723679,0.1709120325080894
dae_clahe_L3,00020482_032.png,20482,mixed_high_risk,0.8730723261833191,1024,1024,e7bedf3fb69de4974f9f3c472068c8541bc1a6bab7697ee907401d98e126eb65,dcb7f2959ddefba3d7638c0069f9c15de859e8382072446cc9f77cbef78e5469,73e2d7a1b4c6fafd2d1cd1b4340003d72497235c2f298245a1419bcf65660935,0.3789993049999793,1,658,512,False,0.331720769405365,0.4909152363522448,0.6419853982783045
dae_clahe_L3,00021009_001.png,21009,mixed_high_risk,0.5328216552734375,1024,1024,e7bedf3fb69de4974f9f3c472068c8541bc1a6bab7697ee907401d98e126eb65,45b1b50d6f472021d9199f704fa865996f200e3e985ef8fcefb56687f5b627f1,1b5c23bf48518af8f01e224629a4c3ab4fa89a8d0e3f145dc875275a3cf0065d,0.3517692460000035,1,511,512,False,0.5500472784042358,0.163190197100401,0.0827398836894031
dae_clahe_L3,00021201_010.png,21201,mixed_high_risk,0.4713066518306732,1024,1024,e7bedf3fb69de4974f9f3c472068c8541bc1a6bab7697ee907401d98e126eb65,3e68f60d5d3ba19d93cae5057c8b9050d85e00c38a7072d68a8a9df434d5aff5,74a1a91bcba35da9f8a1e53e55ec060ec10c2d521e4db6a1df254aaca0aebd6e,0.3738122309998744,0,804,804,False,0.1261716336011886,0.0986427848324589,0.0435443152786805
dae_clahe_L3,00021703_001.png,21703,mixed_high_risk,0.6656368374824524,1024,1024,e7bedf3fb69de4974f9f3c472068c8541bc1a6bab7697ee907401d98e126eb65,067cda4a4393ce01c09d5ef02aabcb649842704ea9aa787a8f33d4ea136ba6e1,8373e35cf8424cbb12986379034e6499a321e4f9491e88d45a1f26b8639015a5,0.3772016790001089,0,512,512,False,0.0003379967529326,0.0,0.0
dae_clahe_L3,00021710_003.png,21710,pure,0.6908251643180847,1024,1024,e7bedf3fb69de4974f9f3c472068c8541bc1a6bab7697ee907401d98e126eb65,5016fd66057b8d538637a9807fe66ecff5328c0d3f625f50a767b79cb638eada,2820098c5a75c7a7bcedd95ab025035ee1647219286eca9ac5b8f2b04bd60a45,0.3763535499999761,1,658,658,False,0.2247409671545028,0.3241607855170297,0.3010279001468429
dae_clahe_L3,00021840_016.png,21840,mixed_high_risk,0.8837196230888367,1024,1024,e7bedf3fb69de4974f9f3c472068c8541bc1a6bab7697ee907401d98e126eb65,c1b3a2be0a5bea703a0b3e4466753eaa946c38d18b1bebbd5f2b8683d1c5192c,0a79b1f28fcca5b3bef452c5ef29b8ebffe521be909e66a316d66e9c3498aa11,0.3725366999999551,0,658,658,False,0.0092557771131396,0.0,0.0
dae_clahe_L3,00021926_007.png,21926,pure,0.4271882176399231,1024,1024,e7bedf3fb69de4974f9f3c472068c8541bc1a6bab7697ee907401d98e126eb65,037dcc308cbbfc6b91e83b5f74a5a711136453eb3412b1171543f3bc4679a9b8,65c551ee96e1f16c46d5a61731a3416dd6226b2f06d50b217cf73edde74edf6c,0.3407723150000947,0,658,658,False,0.0014083341229707,0.0,0.0
dae_clahe_L3,00022369_013.png,22369,mixed_high_risk,0.4680856466293335,1024,1024,e7bedf3fb69de4974f9f3c472068c8541bc1a6bab7697ee907401d98e126eb65,28924cfe0f69ef901b4a0ed94abe0fadf9921df61cbccd17b5eabc5ba39de619,6d6edee343d7cba74d0091e045710c6ba4ebbe2708376424b8f38a7111e121bb,0.3770873020000636,0,658,658,False,0.0938982665538787,0.0151098978256351,0.0
dae_clahe_L3,00022416_048.png,22416,mixed_high_risk,0.7166889309883118,1024,1024,e7bedf3fb69de4974f9f3c472068c8541bc1a6bab7697ee907401d98e126eb65,f6c9899391db79546f9311fdbc1811049a336eb0e0446785b4c2ba49c649d9ad,c36a8cbb131dd64f604dc7c925a7861697422f0700d528fc0db451ae01a03fad,0.3702577489998475,1,512,512,False,0.5425975322723389,0.2350961523590348,0.1354410210824681
dae_clahe_L3,00022470_006.png,22470,mixed_low_risk,0.7921102643013,1024,1024,e7bedf3fb69de4974f9f3c472068c8541bc1a6bab7697ee907401d98e126eb65,97b41de37a9c05d41876d06dc2a053ed0e5d043a69cb66c49a98142f4a04e3f8,374f0620f5154fd409aacd4d98c53adfa7aa93482452ed060fc2156cee887f00,0.3489184449999811,1,658,658,False,0.7959733009338379,0.1175630825773156,0.0534106558788087
dae_clahe_L3,00022727_000.png,22727,mixed_low_risk,0.3148039877414703,1024,1024,e7bedf3fb69de4974f9f3c472068c8541bc1a6bab7697ee907401d98e126eb65,a1f602c4cc522603c5be72b45edac96570f2c01885a493d1fe201ba7194cce65,cb3ac44ab6cc204e45b109b72207515c0975459e0f9a3f85a88a38cd2cb0b3e8,0.3821386839999832,0,658,951,False,0.0160551201552152,0.0,0.0
dae_clahe_L3,00022899_014.png,22899,mixed_high_risk,0.9096556901931764,1024,1024,e7bedf3fb69de4974f9f3c472068c8541bc1a6bab7697ee907401d98e126eb65,33fa765573bd820d48557eca105dfb916738107ac976973c1ead285046f07e77,422cce582b3623b4a80fe9a03d7aa17a6fb9fe75aed71bf409cb84ddcf552999,0.6061825580000004,0,804,658,False,0.0208621453493833,0.0024224439431331,0.0
dae_clahe_L3,00023026_008.png,23026,mixed_low_risk,0.5013148784637451,1024,1024,e7bedf3fb69de4974f9f3c472068c8541bc1a6bab7697ee907401d98e126eb65,20217863e4b2a426566e629a116e12704a84e367145820dce0f631e58ce32c59,1266883b1fb1b266c523e04af352809d820594bcb34f4777fdd328876776fb25,0.455243438000025,1,658,658,False,0.6773008704185486,0.1174289202492409,0.0548604495254225
dae_clahe_L3,00025521_003.png,25521,mixed_high_risk,0.7035186886787415,1024,1024,e7bedf3fb69de4974f9f3c472068c8541bc1a6bab7697ee907401d98e126eb65,5d3edb6248683e69ac9b682a5537e9f8514f5f7ab42ea31cb98eb32f34fddf65,d330753dc7b33e42bdec1bf848b6daf452f12a237d89fa1014551eb14d40a540,0.5099236989999554,1,658,658,False,0.1926786005496978,0.2245747337417027,0.2032008292629297
dae_clahe_L3,00025787_027.png,25787,mixed_high_risk,0.8054086565971375,1024,1024,e7bedf3fb69de4974f9f3c472068c8541bc1a6bab7697ee907401d98e126eb65,03192a5bf272b00b8a7ac8f43966fbff7470d4adcf8c547fedddc4d13bfa33ca,df5ed0c0d6f1e006c1a4aaca23e8dd7de9e7dc3ae2e16ba5693fb8828d70e0df,0.5174561680000807,0,512,658,False,0.0992509201169014,0.0335695922204498,0.0028750526977808
dae_clahe_L3,00026098_003.png,26098,mixed_high_risk,0.9561686515808104,1024,1024,e7bedf3fb69de4974f9f3c472068c8541bc1a6bab7697ee907401d98e126eb65,18b6f1bc011dfeca2124e9e0940e46648710e46b2dfd8c6992adc5df348faaec,79ac950509ace753b4d356fa93d3ebffbd100a0d06ef20a1c9c0e10bf5630dc7,0.4786840020001364,0,512,366,False,0.0085766073316335,0.0,0.0
dae_clahe_L3,00026194_010.png,26194,mixed_high_risk,0.8895308971405029,1024,1024,e7bedf3fb69de4974f9f3c472068c8541bc1a6bab7697ee907401d98e126eb65,b8552fdcae4bb66bf2fc087c58e9114dc16a6786de828a54af9c3974a3a5c1dd,7deaf1eed601f06efcaab00ef3ad8b659d3086f1146cbb39d3243f5a7a382003,0.5683623079999052,0,658,512,False,0.0071745226159691,0.0,0.0
dae_clahe_L3,00026538_012.png,26538,pure,0.8893449306488037,1024,1024,e7bedf3fb69de4974f9f3c472068c8541bc1a6bab7697ee907401d98e126eb65,9ce9492705b3e10cc1487025a3108a5ef2ee516c32efbff100c361868a4bd7a3,7fad10f48d601b46c267edf7e6c9ddf523fb267ddc7fe9967fb4311ebff31703,0.5184722500000589,0,512,658,False,0.1453713327646255,0.1609663608562691,0.1499973113943109
dae_clahe_L3,00026538_034.png,26538,mixed_high_risk,0.8782495260238647,1024,1024,e7bedf3fb69de4974f9f3c472068c8541bc1a6bab7697ee907401d98e126eb65,3ca37eae65cc49becbf1512daf3bd45ffd5f840c3709e2921e6467fbbfae33e9,a5f9fcee09508ea6f0e1cad8a33432d981e3013c9c695d5e9cb77b0aa98ea599,0.3705996619999041,1,512,658,False,0.2080288976430893,0.2330077526170557,0.2081486688877342
dae_clahe_L3,00026865_003.png,26865,pure,0.4007414877414703,1024,1024,e7bedf3fb69de4974f9f3c472068c8541bc1a6bab7697ee907401d98e126eb65,354adfcdeba6e72a417ef5e1afdcabce7fc05d06fb248866d13c22228ec95279,780beebab5bb4434c578fdb0ccb36cc62bd4196284f93202b87dd8ca7adf6d38,0.3158475410000392,0,512,658,False,0.1363216191530227,0.1289748813352499,0.0820257611241217
dae_clahe_L3,00026911_000.png,26911,mixed_high_risk,0.549755871295929,1024,1024,e7bedf3fb69de4974f9f3c472068c8541bc1a6bab7697ee907401d98e126eb65,da943966322175fa0e525eb928158dfb26aa119a0e3c29def1f3541f798ed096,1ffdfa191e8f96d5ecb9b1889acec5e07826550007107ceccfbb34ef8ee12a56,0.3770976399998744,0,658,658,False,0.0745825320482254,0.0077771189426555,0.0
dae_clahe_L3,00027113_002.png,27113,mixed_low_risk,0.5314977765083313,1024,1024,e7bedf3fb69de4974f9f3c472068c8541bc1a6bab7697ee907401d98e126eb65,670091dc5fd4ca9ad672631ccba401576a088443bff1bed5fd0f4d1b43d1ba1a,199c04822b1d0c973bc21fe832366be6e71bd55dc56b8f70bf2e18790fb58b59,0.6630094390000068,1,658,365,False,0.1729535013437271,0.1182542250157908,0.0805935826955553
dae_clahe_L3,00027357_014.png,27357,mixed_high_risk,0.6992955207824707,1024,1024,e7bedf3fb69de4974f9f3c472068c8541bc1a6bab7697ee907401d98e126eb65,ade5a5cf36496e45706b7528bd688a0b3a2561844c9bed9414e80f671d30debb,7d0a73083ca3601e218b8011bd2f93fcab83e621cd3cde25c4390a0d376f781c,0.3327524129999801,1,658,512,False,0.2120282799005508,0.2492887755856055,0.4145340854576433
dae_clahe_L3,00027441_002.png,27441,mixed_high_risk,0.9392547607421876,1024,1024,e7bedf3fb69de4974f9f3c472068c8541bc1a6bab7697ee907401d98e126eb65,2d67e8a3f9a9a817ae37c9d1d20f35c809dfb78f84d6fd4747f9776396d26386,2aa2717a5bf4754c5029fce8f50821d0940a576e0b3320d7db1d866984540013,0.3762266869998711,0,512,512,False,0.0375368110835552,0.0021528239202657,0.0
dae_clahe_L3,00027479_013.png,27479,mixed_high_risk,0.5471414923667908,1024,1024,e7bedf3fb69de4974f9f3c472068c8541bc1a6bab7697ee907401d98e126eb65,daec39a3a5b6abf69d836d9a36c0daa717d6e8823f19cafe4b19685d27a5c56a,354a55e54ae5254488af9565ad789419f0e7b05b7d56dc5d5818b75b72d0c22c,0.340352416000087,1,658,512,False,0.6072676777839661,0.2651455525386247,0.145255493494184
dae_clahe_L3,00027927_008.png,27927,mixed_low_risk,0.504416286945343,1024,1024,e7bedf3fb69de4974f9f3c472068c8541bc1a6bab7697ee907401d98e126eb65,e78ffd0710a4bab7c08bfe2c5a25bdfe8368cb53539b64fb6dc233e53f8732ac,544e24b4f605db0bd79a39d376581f0bb67ba342d6ca1a0809c7cd776194bbc9,0.3510389900000064,0,658,511,False,0.0174146182835102,0.0,0.0
dae_clahe_L3,00028208_005.png,28208,mixed_low_risk,0.4732783436775207,1024,1024,e7bedf3fb69de4974f9f3c472068c8541bc1a6bab7697ee907401d98e126eb65,29f4b029bff200c5dede3747f54c0c9ef367daac212e4ae4886d73c5a10676ed,4877bde356a83f61fbb3f3681601f0d7cd7a866566e85e95dac692d8477780df,0.3429488189999574,0,512,804,False,0.1139766499400138,0.0128794673576211,0.0004203968928847
dae_clahe_L3,00028285_014.png,28285,mixed_high_risk,0.8232396841049194,1024,1024,e7bedf3fb69de4974f9f3c472068c8541bc1a6bab7697ee907401d98e126eb65,5d8c91bfaa82649c608317314b88d5c98afc9b526e0df4f877c94e4b630f9503,68950b331d14aef8dbd78dc5a56a7e60ae7169e4c464a8afbb0183620c69f3c2,0.3876519860000371,1,658,512,False,0.215168759226799,0.2143689320388349,0.1730069440487141
dae_clahe_L3,00028383_002.png,28383,mixed_high_risk,0.7680599689483643,1024,1024,e7bedf3fb69de4974f9f3c472068c8541bc1a6bab7697ee907401d98e126eb65,aee84501a82dbc8e838cecb61022749a4b5cb6e21100bf275adbcefc340dc2a2,dc8a85d94dfd8faeff068b40176e788aa2d2a62ae1090f8f27433507867ce94d,0.3771348220000163,0,511,365,False,0.11626947671175,0.0345406718654116,0.0028071912673464
dae_clahe_L3,00028518_012.png,28518,mixed_high_risk,0.796815037727356,1024,1024,e7bedf3fb69de4974f9f3c472068c8541bc1a6bab7697ee907401d98e126eb65,d1d3ee21b781e9960a1e72eb0fca60e42f7c427ba7c383f419af56e963f36ea7,a38b70afdc7887fdc53ecd9b95f11bded88d13713e76eb43399d091eecfb4dd2,0.3651678479998281,1,658,512,False,0.4038504064083099,0.3503362780383175,0.3046500695159886
dae_clahe_L3,00028640_003.png,28640,mixed_high_risk,0.904657244682312,1024,1024,e7bedf3fb69de4974f9f3c472068c8541bc1a6bab7697ee907401d98e126eb65,f85830855e6aa47f22af0ea06d1cb9e281071cfba9abce4546f7c4eb508cc12d,16aa0505bb19f60dc9844c60c6a2990476f35b219e45065aa2df0f6791888115,0.4074928889999683,1,658,658,False,0.1314452141523361,0.1903965785381026,0.4100321867607709
dae_clahe_L3,00028640_008.png,28640,mixed_high_risk,0.8190239667892456,1024,1024,e7bedf3fb69de4974f9f3c472068c8541bc1a6bab7697ee907401d98e126eb65,58e63ed937ccea5d18f78d70c3a7ee2d3e9236a4b39776b45a9dd4b95158f5ff,14b20f97e89031811e4e91006f4917d74e053d1105230825b7a7f89a8224148d,0.3574384319999808,0,658,512,False,0.017474815249443,0.0036263793192767,0.0
dae_clahe_L3,00029039_020.png,29039,mixed_low_risk,0.5725974440574646,1024,1024,e7bedf3fb69de4974f9f3c472068c8541bc1a6bab7697ee907401d98e126eb65,f318c9afa668eaa7856dfbf680da40e6efd3095dc8099de3d502857bf8e84b56,e354eeacb25718734cc1ca9461033078b313805815d832363dbfc0e0e314ca14,0.3719956439999805,1,512,658,False,0.5715343952178955,0.1098021890465951,0.0590757315833304
dae_clahe_L3,00029404_004.png,29404,mixed_high_risk,0.8162533640861511,1024,1024,e7bedf3fb69de4974f9f3c472068c8541bc1a6bab7697ee907401d98e126eb65,ffa7c31e11988783072aece60d9395e7964944dc66d2f0f627059bb84d22bf07,9f55ef1eda213410a1bf60360d5efa5ff594e9a0285e69dc78940d40bc3a66d4,0.5075426620001053,0,512,511,False,0.1628517210483551,0.1520485298046549,0.0945429822631926
dae_clahe_L3,00029431_000.png,29431,mixed_low_risk,0.533696174621582,1024,1024,e7bedf3fb69de4974f9f3c472068c8541bc1a6bab7697ee907401d98e126eb65,552c0b4045a52528a46b46ef4283939171cae83e5fb419add3407598c26a334d,6898d810fcebb424a93f27fdf70db18785b163fad3fdfb8723a5d8a5d6f1271c,0.3450293840000995,0,658,804,False,0.0416390225291252,4.463524886180116e-05,0.0
dae_clahe_L3,00029532_014.png,29532,mixed_low_risk,0.509593665599823,1024,1024,e7bedf3fb69de4974f9f3c472068c8541bc1a6bab7697ee907401d98e126eb65,75034e4118100051280f5eef7de53020ac2a777c6d0487c5506349113cc80d11,88b81c70fd136c7b6e6d0f03ada6afc2c56e7b147ba1b6725b9ee02a0bbf5c54,0.3737276659999224,0,658,512,False,0.0795105323195457,0.0748784422034744,0.0
dae_clahe_L3,00029617_006.png,29617,mixed_high_risk,0.5696831941604614,1024,1024,e7bedf3fb69de4974f9f3c472068c8541bc1a6bab7697ee907401d98e126eb65,138c56c39cb0e03b08ca8704c77d05388611063842cfc887827c6edb68aa5511,66345c9ae62fd9024a8aab52eba097a881d56bcaa6d1d67f35c115802ba7145f,0.3048090700001467,1,657,658,False,0.251491367816925,0.2499769072080301,0.2533395511161923
dae_clahe_L3,00029861_013.png,29861,mixed_low_risk,0.7336394190788269,1024,1024,e7bedf3fb69de4974f9f3c472068c8541bc1a6bab7697ee907401d98e126eb65,4d6d1238da12fb065c1fa42efb43484274fd078cd04fce7f987a0d2d65d7ae67,95f347ee4b8d6358810a2b3ebd6e9be5abfdd48eefe7c6173231cb863a3d1629,0.3643243720000555,1,512,512,False,0.7354183793067932,0.2724788392543311,0.1562942192104477
dae_clahe_L3,00030323_028.png,30323,pure,0.856992781162262,1024,1024,e7bedf3fb69de4974f9f3c472068c8541bc1a6bab7697ee907401d98e126eb65,100c447686994656432e3c0f5f5814ace46f236c94783f1e8fc2bdbc75315a68,e40e62ea9d4edc80f4709f4784fbc6ee4464f12230072d5a999f9b84dbdd0799,0.4261729909999303,0,658,366,False,0.2265385091304779,0.2243035572154533,0.1979483009102191
dae_clahe_L3,00030408_013.png,30408,mixed_high_risk,0.9382328987121582,1024,1024,e7bedf3fb69de4974f9f3c472068c8541bc1a6bab7697ee907401d98e126eb65,e1e7fcb44299e21f872f29e08c393be05d4ffcfccebacd17ed502d9b950577af,2b4ce1a17124668146e7d921fef4b9c81866071d52f96baf9d2894d8b7433db0,0.3597027170001183,0,658,366,False,0.0059261317364871,0.0,0.0
dae_clahe_L3,00030573_002.png,30573,mixed_low_risk,0.7422589659690857,1024,1024,e7bedf3fb69de4974f9f3c472068c8541bc1a6bab7697ee907401d98e126eb65,ab9175205f2556b5e4a90aad81e4dde56718c1f8fbc16404877ced65b77b8de2,1d379e0c61bbca3b7f81e7b120597c23bd64f8ad290c262e1e92f2c93ed58420,0.3520258349999494,0,512,657,False,0.0502597205340862,0.0613168333293746,0.0278435409161091
dae_clahe_L3,00030636_004.png,30636,mixed_high_risk,0.7891918420791626,1024,1024,e7bedf3fb69de4974f9f3c472068c8541bc1a6bab7697ee907401d98e126eb65,14dae74fc6f459d046dc7cc8f784773dd34fb55f56a0f557b6d8fb2721b55683,6507f65483cd8c580ef7c042c9da1591ec59429a86de5a864d20911c316c9c3e,0.3937829269998474,1,658,511,False,0.1824167221784591,0.2630613854236934,0.3067748592214333
