condition_id,image,patient_id,risk_flag,prob_infiltration,original_height,original_width,cnn_checkpoint_hash,heatmap_hash,overlay_hash,seconds,pointing_hit,peak_x,peak_y,empty_heatmap,energy_inside,iou_0.3,iou_0.5
baseline,00000032_037.png,32,mixed_low_risk,0.5589296817779541,1024,1024,87037bcab7e645687473261f6dc55c67680c7c70f7f2b5c4f939ec0d7e9aebe7,423181129d43f5fa2877ba2dc5f6fb665635bbe7de22fccd4c9c18b740f740c2,ba17317480197aaa4b9986fa01dc81db23b44d2ca68a4beee782bba57c3e7dd1,3.338290299999983,0,29,948,False,0.0464476644992828,0.0,0.0
baseline,00000211_016.png,211,mixed_low_risk,0.6377807855606079,1024,1024,87037bcab7e645687473261f6dc55c67680c7c70f7f2b5c4f939ec0d7e9aebe7,96fb8fc04eaf763379e4d522c1bfb5619abcac24e9ab720565d69a1527301019,d7d4eee9afd3f3c82075d68f0e80c79fdc3d01433260db0b2c6e7ec34a526e2d,2.845415021000008,0,875,487,False,0.1156911998987197,0.001084920891185,0.0
baseline,00000468_041.png,468,pure,0.6412789821624756,1024,1024,87037bcab7e645687473261f6dc55c67680c7c70f7f2b5c4f939ec0d7e9aebe7,ae0561d9d81cdac57028f2760c7017e6132466f617b25a2ea87e3f664b94093f,1bad0ef87e7817df476a2386e280f0998e422d4ca71a41212b943afe5c493aaf,2.873304159999975,0,409,11,False,0.0082072559744119,0.0003073770491803,0.0
baseline,00001039_005.png,1039,mixed_low_risk,0.5154691338539124,1024,1024,87037bcab7e645687473261f6dc55c67680c7c70f7f2b5c4f939ec0d7e9aebe7,ce0b8516419fd357c38779318224a0e398a960b6da99bc69dc87642570886beb,3f8e35628ef8e5509a34193cdc65df7429e91f1492b7737b7423f4f81324dbee,3.2343404800000144,0,679,784,False,0.0879049524664878,0.0077177862816348,0.0003033009250678
baseline,00001900_026.png,1900,mixed_high_risk,0.6432957649230957,1024,1024,87037bcab7e645687473261f6dc55c67680c7c70f7f2b5c4f939ec0d7e9aebe7,d2c5bd0637e97f5d133274eee3a514b7d9bf70cbbef589a3a02da04bdcc5baa2,ab59191484549c56d69ce2f56dc62d7f204ba56eb5e80dc0fc03fb110676867d,2.9653039000000376,0,596,856,False,0.0650772973895073,1.4105566056365844e-05,0.0
baseline,00002224_007.png,2224,pure,0.5686764717102051,1024,1024,87037bcab7e645687473261f6dc55c67680c7c70f7f2b5c4f939ec0d7e9aebe7,2b73d6857302286cd72ee70b53188899f892ab2784e34794b2ac77c3831cb12a,a448140f8eee71278ff96195e42b76af337cf08f312902779ca2c63ccdb55332,2.976778820999982,0,395,637,False,0.0600145123898983,0.0025548944989369,5.592424129445977e-05
baseline,00003149_007.png,3149,mixed_high_risk,0.6776553988456726,1024,1024,87037bcab7e645687473261f6dc55c67680c7c70f7f2b5c4f939ec0d7e9aebe7,12f5146981b6cadc98b2615fa3dfb8685e339b8b8e57e6b77cd66184940a8565,320026bb242761f89d9f573ea883ec3b8466bad76a3558f998726c64430e845d,2.8823161560000017,0,230,765,False,0.0984822809696197,0.0047257202695808,0.0001935894244862
baseline,00003333_002.png,3333,mixed_low_risk,0.423056423664093,1024,1024,87037bcab7e645687473261f6dc55c67680c7c70f7f2b5c4f939ec0d7e9aebe7,2de79b4f58e77090dbeaa8e9272c6b8c088483b16a149121dbe951b0901d7d81,409280e7aad8bca2eb9e6b8acb25bd42095322e0df184c3623bb8d7c07f17069,2.9925686490000203,0,336,578,False,0.1368998885154724,0.0016476264931615,0.0002325140800192
baseline,00003973_008.png,3973,mixed_low_risk,0.5977074503898621,1024,1024,87037bcab7e645687473261f6dc55c67680c7c70f7f2b5c4f939ec0d7e9aebe7,2a8deb07c265d94e647b4a1bf5c76dfa843cb0303a40c5d737da244ed542646d,0959000a29015989721bb42487c16746b0fe81955142a0bd72bbe71467478c83,3.2466202609999755,0,582,985,False,0.0595666095614433,0.0054417413572343,0.0002483742774566
baseline,00005066_030.png,5066,mixed_high_risk,0.6537435054779053,1024,1024,87037bcab7e645687473261f6dc55c67680c7c70f7f2b5c4f939ec0d7e9aebe7,d613251528a3a1f058c5f6d5f332a172f648e6c18732d688c508153eb1a5831c,07fba4079af531954157b5ab7f3e951d211b1170a13287c75bc79c5e002ef06b,2.9795442380000168,0,550,267,False,0.0303244460374116,0.0,0.0
baseline,00006096_010.png,6096,mixed_high_risk,0.5401281118392944,1024,1024,87037bcab7e645687473261f6dc55c67680c7c70f7f2b5c4f939ec0d7e9aebe7,966a99c4f5baa51bfef19b4004ca6cdb9ce24235230307b404dab497c5189239,874b7fb3111ea69e56b5f3d3a8b23a1845f1b85cb9860eaf0cd9b8a83e12836f,3.0276551619999736,0,34,1008,False,0.0619276091456413,0.011419114604882,0.0009814438636934
baseline,00006304_060.png,6304,mixed_high_risk,0.5420065522193909,1024,1024,87037bcab7e645687473261f6dc55c67680c7c70f7f2b5c4f939ec0d7e9aebe7,39db28b2ea49a365f9dcad8c82529cd1c0c6a84a1121d1b26c9d975feb32d291,168c5d735b0e2dfa41dc7db8c31df44f66052184bdd3dba2bb72bf5e0f9dd240,2.8944099269999697,0,400,596,False,0.0268915984779596,0.0,0.0
baseline,00006836_002.png,6836,mixed_high_risk,0.6225569844245911,1024,1024,87037bcab7e645687473261f6dc55c67680c7c70f7f2b5c4f939ec0d7e9aebe7,6380622f2eb23b18bcce59e48f8b27388aff4764d3a18eb5eacb0c0b8b9f6db8,eda26a60dbc733425fb0fe345186f90cff3029fb513dfea83b3bef426a829d8e,3.2791538060000107,0,0,628,False,0.1093995049595832,0.0020816954745269,0.0001570862740257
baseline,00007124_006.png,7124,mixed_high_risk,0.5846056342124939,1024,1024,87037bcab7e645687473261f6dc55c67680c7c70f7f2b5c4f939ec0d7e9aebe7,467fde0fc56d44899befc10559d74e38c0c1a5fffd6e04b2a72a0f619e3b8991,9198defa7592fe6624607a2d3c08828c739768588454a9943bda87ac0c761a1f,2.9869316190000177,0,445,783,False,0.1470920890569687,0.0058758721997796,0.0004257944542444
baseline,00008814_010.png,8814,mixed_high_risk,0.637856662273407,1024,1024,87037bcab7e645687473261f6dc55c67680c7c70f7f2b5c4f939ec0d7e9aebe7,cde458040b6c158cf4867b62401a8520817c0f7e1a3310bb17d9a9f0a348af55,828732ee57ddf55cbf644d0c29303e886fab2b77cff872c27b7fd35af103c3b2,2.942959430999963,0,313,381,False,0.0665523409843444,0.0025890620534288,7.020130223415644e-05
baseline,00009431_004.png,9431,mixed_high_risk,0.5371565222740173,1024,1024,87037bcab7e645687473261f6dc55c67680c7c70f7f2b5c4f939ec0d7e9aebe7,152c28d9d1934b9e9e519578424f4662c5e7acd6de2bebbcbb1ca27d66389789,73eeaef46fb907e30eb7bbfe7718c250f55570d58c1b5bdf14b20b12ea805ddc,2.9127048380000247,0,966,523,False,0.09217469394207,0.0007492863939105,1.2243648607284971e-05
baseline,00010092_018.png,10092,mixed_high_risk,0.6218492388725281,1024,1024,87037bcab7e645687473261f6dc55c67680c7c70f7f2b5c4f939ec0d7e9aebe7,89e39ee416fc4dd8b83f0a466b2b9426fb0ee45dccdfe2e78f970d1f9909207b,980a938dbe27065d0b991a8cfef7a8232a721c1ae8c01e4495f1938e41b590f0,2.9183959590000086,0,125,84,False,0.021743694320321,0.00060251639199,0.0
baseline,00010120_010.png,10120,mixed_low_risk,0.4444727003574371,1024,1024,87037bcab7e645687473261f6dc55c67680c7c70f7f2b5c4f939ec0d7e9aebe7,72f7c1ba7ecf9f0bdf3d73bf6ad985fe42624e5d46d075816bf81803536c604b,2d45f7e5be6eba7ce9820d5db2a17ff8487ffc8e638a5e0e5c9316f0e1244ba8,3.426221589000022,1,395,761,False,0.3699799180030823,0.0013173843931684,0.0002686103407721
baseline,00010230_001.png,10230,pure,0.4974179267883301,1024,1024,87037bcab7e645687473261f6dc55c67680c7c70f7f2b5c4f939ec0d7e9aebe7,d9b64f40bf2417089f384a33ed6a0fdb23bc82f4eb4f6bc3ec3967e776a5c05e,9a9624cbb2899075b64b55722ed25a166b6af033f0717aabfb8f06c13d7fc61e,3.0120384580000064,0,381,48,False,0.0221651196479797,7.455175755768443e-05,0.0
baseline,00010277_000.png,10277,mixed_high_risk,0.5657715797424316,1024,1024,87037bcab7e645687473261f6dc55c67680c7c70f7f2b5c4f939ec0d7e9aebe7,377cbde253db0c8e351149a07c6c1133139ba079ffda47d1e7f579e09075894d,3bbad40a38bc621010d87e379c51a535943e693b5f1cabca759bd4291bc4a721,2.9696349219999547,0,235,669,False,0.0550335869193077,0.0005769350714152,0.0
baseline,00010805_049.png,10805,pure,0.5679935216903687,1024,1024,87037bcab7e645687473261f6dc55c67680c7c70f7f2b5c4f939ec0d7e9aebe7,b77b1c5342ea37008c6bf73b0b3a306af3d55b37b622c9a3babe15e9e32252b1,7a0a196b98d00ba90a0b8105fda02b9f7b9a34cfad5fad826ceb117cac5b28b9,2.9878708269999947,1,528,546,False,0.1084798499941825,0.0015849839580411,0.0001832632431806
baseline,00010828_039.png,10828,mixed_high_risk,0.6380059123039246,1024,1024,87037bcab7e645687473261f6dc55c67680c7c70f7f2b5c4f939ec0d7e9aebe7,dc11de35b45659d8641fe27d06a1b766ebfc016390dc62c85ea057c1c97502b4,2b3e5a6916cb4c07fe95940daa01b45367200fc05a3226cd4004cb5c17514bb4,3.2831773559999533,0,532,455,False,0.0569931529462337,1.592077820763879e-05,0.0
baseline,00011023_004.png,11023,mixed_low_risk,0.6149016618728638,1024,1024,87037bcab7e645687473261f6dc55c67680c7c70f7f2b5c4f939ec0d7e9aebe7,d1c6a947925e84fb5d2077c990de736805f4007eea52e316b4c6a54cff8d69ed,3ab5e644e52edc1a54104dd6a6f2f47caebde820cc7b043041ec44526bb3d7aa,3.0467258259999994,0,637,413,False,0.0429816879332065,3.934993900759454e-05,0.0
baseline,00011124_000.png,11124,pure,0.6440806984901428,1024,1024,87037bcab7e645687473261f6dc55c67680c7c70f7f2b5c4f939ec0d7e9aebe7,9ebbab0a451901cb7c5b05bd53ee2c222b5615ae097ce935a3f20ccb1b7104f6,4f7d5394c6fe59a71e0d647e0447f1be0733af051746b6edac232f3d6a4b46eb,2.956186851999973,0,710,706,False,0.0262837428599596,0.0016027616816668,0.0
baseline,00011237_094.png,11237,mixed_high_risk,0.705389678478241,1024,1024,87037bcab7e645687473261f6dc55c67680c7c70f7f2b5c4f939ec0d7e9aebe7,ec6697eca9f77bc099ac42c694edda115653242441e0c61c2a991375356ea697,270df184d29cb8be6b035b0d77bb3f6f9c8176c7777ee3efda7690b85d74f050,3.0111347929999965,0,317,527,False,0.0561450496315956,0.0024783147459727,2.0564283951632804e-05
baseline,00011269_018.png,11269,mixed_high_risk,0.5598214864730835,1024,1024,87037bcab7e645687473261f6dc55c67680c7c70f7f2b5c4f939ec0d7e9aebe7,3d1051e06837af2496defea104e3779a46024724ac69dde38a6a75ef2cdf486e,a8acf4637159629ab97af441966e43bfa13a46fd7e687911d61eabfc40c01e46,3.098590864000016,1,610,514,False,0.0934798344969749,0.0068551842330762,0.0011849669330173
baseline,00011366_002.png,11366,mixed_low_risk,0.5964264869689941,1024,1024,87037bcab7e645687473261f6dc55c67680c7c70f7f2b5c4f939ec0d7e9aebe7,eb2999af599d570ac03588f2af72a64991a20080f98000c2f93e091dfbcd28c6,9b0d14128f75ba7ecbbd4d44151e8482f2e89e61d376f3d77739a1dfd0be6fc2,3.328874041999996,0,52,765,False,0.3705158829689026,0.0006099694542428,7.112948886349303e-06
baseline,00011925_072.png,11925,mixed_high_risk,0.6495726704597473,1024,1024,87037bcab7e645687473261f6dc55c67680c7c70f7f2b5c4f939ec0d7e9aebe7,01fa128642da1415b292e8d64ad1619baca84d7ad38000e4327f5490a0d6adbe,0a8e408308da450b69d747ec5084910ace16005266db350b61bd5df8c014881e,3.297367615999974,0,450,925,False,0.0789088755846023,0.0020147657489822,0.0
baseline,00012021_054.png,12021,mixed_low_risk,0.6555671095848083,1024,1024,87037bcab7e645687473261f6dc55c67680c7c70f7f2b5c4f939ec0d7e9aebe7,69e453cad801c1c81cfeb98f5bac1dec98c3c5ee127acf655d92e91177c98a5c,32fe7eecd76fd6da7eb047f103d4fe1c0359cc30ba8e89e54ad45e5f5a2debbb,3.082231099000012,0,948,939,False,0.1272378712892532,0.0119299750676925,0.0011971532261865
baseline,00012021_081.png,12021,mixed_low_risk,0.7609357833862305,1024,1024,87037bcab7e645687473261f6dc55c67680c7c70f7f2b5c4f939ec0d7e9aebe7,469895c03d618dfdac3a6b5dd64374af32deacec7334ce23021691d8f11b3afa,cfb86978fba7e5036913e38bc0dcd06806e57f7f75745d3c177937564bd52620,3.0883519519999822,0,93,633,False,0.0432814434170722,0.0,0.0
baseline,00012364_045.png,12364,pure,0.4468836188316345,1024,1024,87037bcab7e645687473261f6dc55c67680c7c70f7f2b5c4f939ec0d7e9aebe7,051b9b8b772258e33584cb84d0b826992cb0e4d9e161ee708a4253a32e44de6a,25c88b78262eb6dc4f3c28ade0b3bd1eb1d7103216169c127cb35078bec9b45d,3.3694711779999693,0,267,829,False,0.0792319253087043,6.325670837392306e-05,0.0
baseline,00012376_010.png,12376,mixed_high_risk,0.6759326457977295,1024,1024,87037bcab7e645687473261f6dc55c67680c7c70f7f2b5c4f939ec0d7e9aebe7,b56ec669d0b0eb23b2c05df0e5599acb212906892f2062c95d165cb00c0343a6,94823d682919c0c0b03395ddc230f846ed0bce9af2273407734e3fb0db906530,3.1448450109999726,0,696,11,False,0.1013452187180519,0.0029831628267574,1.69776404475306e-05
baseline,00012505_007.png,12505,mixed_high_risk,0.6479694247245789,1024,1024,87037bcab7e645687473261f6dc55c67680c7c70f7f2b5c4f939ec0d7e9aebe7,0a598507c79264e4695859f1f53919652ab25de70d9c96619c1e8bcbfe2f68b6,069e9bc788f419f6217052e8a9fba37f0b364a04a2314bd12f525a5c475f4245,3.098300755999958,0,377,25,False,0.0493983551859855,0.0024460023149664,0.0001119720517758
baseline,00013106_000.png,13106,mixed_low_risk,0.5421216487884521,1024,1024,87037bcab7e645687473261f6dc55c67680c7c70f7f2b5c4f939ec0d7e9aebe7,061ffe0d9ef62094120df19a58e683484f7f44e66ef3db18d2536a29d980dd27,1e59d7fefdf3e894eaa5dbdc11887038456eacbebe3813e48aeb855b89b358cd,3.0570735560000344,0,578,486,False,0.0879092365503311,5.244892785649973e-05,0.0
baseline,00013310_057.png,13310,mixed_low_risk,0.6894938349723816,1024,1024,87037bcab7e645687473261f6dc55c67680c7c70f7f2b5c4f939ec0d7e9aebe7,08c5b0f3e2b76dbd205de2dc120f13c3bb00cf79b953509de8f6101f2356e3d7,d252f01eb09799382d901f656b13d82427fda1cd59973d4588c0c33e5e61836d,3.299478584000098,0,180,162,False,0.4150668978691101,0.0012463694939694,5.937306609364046e-05
baseline,00013391_005.png,13391,mixed_low_risk,0.5474474430084229,1024,1024,87037bcab7e645687473261f6dc55c67680c7c70f7f2b5c4f939ec0d7e9aebe7,a4cbd28f3b6d579b3517e0772d31c7ae6b049bb18c2f3dc9079ddafba829a7fc,85acc44653b39f9cb1101bebe7f588602bce6e4b87e332633b7b6cfc12f6dcb9,3.2628504150000026,0,953,308,False,0.1106742322444915,0.0096804085092959,0.0008261849634336
baseline,00013471_029.png,13471,mixed_high_risk,0.668954610824585,1024,1024,87037bcab7e645687473261f6dc55c67680c7c70f7f2b5c4f939ec0d7e9aebe7,cd3686d3490f738d3d22a5cbf6e6da49a2e632d0cf8acd400a7074949e592dda,7abf8779380939241e8ac892be969a42121428a91f356d50436c78ec3470d59f,3.0814141669999344,0,788,89,False,0.0717680752277374,0.0001871038660336,0.0
baseline,00013670_151.png,13670,mixed_low_risk,0.5966224074363708,1024,1024,87037bcab7e645687473261f6dc55c67680c7c70f7f2b5c4f939ec0d7e9aebe7,d21e67c3ea12eb015de5cb6ea2f4b6213f71a6bdb64adebd489eb709748618f4,d04e7afd8c7c54b805d2d3e8fe58888d2150c5571b3f963dc0ecf9fffbbdb665,3.0562843089999205,0,148,893,False,0.3322656154632568,0.0004640144577136,3.05705691017144e-06
baseline,00013922_021.png,13922,pure,0.6133123636245728,1024,1024,87037bcab7e645687473261f6dc55c67680c7c70f7f2b5c4f939ec0d7e9aebe7,25ef0b01c90ae1ec4387147b6a521b428395be148cb233f93336aea4db94282c,dc182d17b176a6af08c94ea790e0ccaf26e10f3045dce97808d2abbdd9583291,3.14613267499999,0,578,619,False,0.084489032626152,0.0029260696479925,0.0003195255684359
baseline,00013922_022.png,13922,pure,0.6420079469680786,1024,1024,87037bcab7e645687473261f6dc55c67680c7c70f7f2b5c4f939ec0d7e9aebe7,cff426c28cfb1df7b67157fb756e46cc0e0f8a8dd7d2f6e738ddc28ac3bebaee,42105fc5e2ff20e77be4e3843fee9d2c03a6c71342aac1c4a4027d097f06b8f9,3.3956572629999755,0,701,299,False,0.0895377919077873,0.0023443021391757,0.0002786534074086
baseline,00013993_083.png,13993,mixed_high_risk,0.7384958863258362,1024,1024,87037bcab7e645687473261f6dc55c67680c7c70f7f2b5c4f939ec0d7e9aebe7,87f391559ab73c048708e489c98946965482ab8e029dd05a0b14097cca91fb37,f3eb4c273758d73583ae66a193704f41be261c18c37b65e12af1d9e487b782d8,3.2281575680000287,0,349,285,False,0.0994875505566597,0.007259773639356,0.0002989357885926
baseline,00014203_018.png,14203,mixed_high_risk,0.612800657749176,1024,1024,87037bcab7e645687473261f6dc55c67680c7c70f7f2b5c4f939ec0d7e9aebe7,22858af1fc91dde05b633e1253c07dbfcbd0e0c3ed5d3586722e6f81bb82b71d,7399ccf56d01f50a7df36b0545b70bfaba0b90ed9851abb0199b1e1d6a3b8d8a,3.1156329570000025,0,331,619,False,0.047486063092947,0.0040657547998494,0.0005073702200384
baseline,00014251_029.png,14251,pure,0.5444965362548828,1024,1024,87037bcab7e645687473261f6dc55c67680c7c70f7f2b5c4f939ec0d7e9aebe7,773ec6265147f0b05fba93ca166d7a6620290824b55846df5e0489196f96ae15,858b8e6e3fc3ca09318b9cb42cc32909c7ea237ae3ec7b8d40b652dfe5d9d6db,3.1714492580000524,0,614,820,False,0.4752284586429596,0.0155378552783008,0.0020744285672934
baseline,00014617_003.png,14617,pure,0.4200277626514435,1024,1024,87037bcab7e645687473261f6dc55c67680c7c70f7f2b5c4f939ec0d7e9aebe7,82d003393ef3c8e86918cff2a6dc56880bb49735a9bd50c1ab8353712556156e,1c9bf5ab015e603e302227e3f728c856bca82d727b81ca5222d8147f375a7d8e,3.368300768999916,0,496,674,False,0.0874903500080108,0.0084349500320894,0.0016036513908591
baseline,00014738_000.png,14738,mixed_high_risk,0.5907337069511414,1024,1024,87037bcab7e645687473261f6dc55c67680c7c70f7f2b5c4f939ec0d7e9aebe7,1016491d81663406d95c29d4a6e89aee131f52dfeed2d3f265c2307f5f4eb495,3c75321a467c72645a2906342ab5286157f5476d5d6326ded013574fe93ad265,3.214548258000036,0,646,144,False,0.1272812187671661,0.00926246361175,0.0007228688464479
baseline,00015069_001.png,15069,mixed_low_risk,0.6258474588394165,1024,1024,87037bcab7e645687473261f6dc55c67680c7c70f7f2b5c4f939ec0d7e9aebe7,acdd7ec813dca216e4e9ad232ed11cad92c49c39b840498764168396b615131a,5aa46369864122b68eff9bcc3be787d7f79a98a5cdde83c8dcee04d29b44f329,3.169688186999906,0,121,642,False,0.3371405005455017,0.0026811252042051,0.0002046971164999
baseline,00015732_020.png,15732,mixed_low_risk,0.6709392070770264,1024,1024,87037bcab7e645687473261f6dc55c67680c7c70f7f2b5c4f939ec0d7e9aebe7,5d5d06ea7e2972171e506567d561a56419a531b8b9a6c33740f53bc16c95a9a6,ebbd33b3bbd202124ce28a4c080fe6054a229f9b0190463ee9d39c5ae004f6cd,3.1850684639999827,0,139,871,False,0.0591910518705844,0.0006801653324962,0.0
baseline,00015831_011.png,15831,mixed_high_risk,0.3919220864772796,1024,1024,87037bcab7e645687473261f6dc55c67680c7c70f7f2b5c4f939ec0d7e9aebe7,c35de8ebb298cefd66e42e2928d5eb57feed0b322e4f78f3a1d23d5cc49cd711,649dcb9172466cdb69d4f027322d53b8b797a31f04f2d279bf2c445716715540,3.3997064899999714,0,596,422,False,0.1019353047013282,0.0043488151151432,0.0003719776813391
baseline,00016094_007.png,16094,mixed_low_risk,0.3920333683490753,1024,1024,87037bcab7e645687473261f6dc55c67680c7c70f7f2b5c4f939ec0d7e9aebe7,4ea235a6f951b494cc7ea3d7057a5d4546192da4f92dddafdcca5abf5f467f8d,782980c7a52dc271011fa3475289426a9769a3093cb6b428d12e3daf3dfb315a,3.325018231000058,0,733,660,False,0.0177192389965057,0.0001147644459746,0.0
baseline,00016191_004.png,16191,mixed_high_risk,0.5357648730278015,1024,1024,87037bcab7e645687473261f6dc55c67680c7c70f7f2b5c4f939ec0d7e9aebe7,256bc54e216758945dab8b25cf7eec9490bef82aec22b43271a15800ec095fd4,5183fc966e8f572c503aad1c8c825bb48c89f16a0f4614f53a1739adb7fc04f5,3.222902561000069,0,596,957,False,0.0429762117564678,0.0093045807166605,0.0011172864264023
baseline,00016417_008.png,16417,mixed_high_risk,0.4982073903083801,1024,1024,87037bcab7e645687473261f6dc55c67680c7c70f7f2b5c4f939ec0d7e9aebe7,c4b91402e80311f8fee4797dac745da4c1c497aeb1ae63bb3ee3c969a532768a,32089dad83cf2c84dc836d986412569d9c14ccba00f9a7d68aa58dc007191a48,3.188972929999977,0,573,705,False,0.0499849691987037,0.001078041768834,0.0
baseline,00016705_006.png,16705,mixed_low_risk,0.6139602065086365,1024,1024,87037bcab7e645687473261f6dc55c67680c7c70f7f2b5c4f939ec0d7e9aebe7,5376dac21b1071289b4fa31a775dab96ff7eb4a0d4cc520a1658f52ef33d8058,42e6992d4ee4f681ddd15c37d0968b16e09a60d3acf89254f22e452b2aa5777d,3.479202975000021,0,582,363,False,0.0342047847807407,0.0115373521776752,0.0001715780894779
baseline,00016732_040.png,16732,mixed_high_risk,0.6035177111625671,1024,1024,87037bcab7e645687473261f6dc55c67680c7c70f7f2b5c4f939ec0d7e9aebe7,ac4d73050ed4265a08448cc3212cb39bf5b1b2de2bbeca645f407ff7904e1c3a,6b1913192852222e315f370832250b12c5cf9392909483f68dc9e9bccc20d5ac,3.3661673159999737,0,628,0,False,0.0529896840453147,0.0091578491429985,0.0010571872212494
baseline,00016786_001.png,16786,mixed_low_risk,0.6319594383239746,1024,1024,87037bcab7e645687473261f6dc55c67680c7c70f7f2b5c4f939ec0d7e9aebe7,5542528659663df79d8b6d6feb238037466a844966b3a6612333366aab62738c,41e2f595ba5e0d49d24418de5ffd87da239d8faf166a9ffb610ba1ba13ef2892,3.1685370899999725,0,605,907,False,0.124697171151638,0.0011180364814423,3.6039607528674014e-05
baseline,00016786_009.png,16786,mixed_low_risk,0.6037912964820862,1024,1024,87037bcab7e645687473261f6dc55c67680c7c70f7f2b5c4f939ec0d7e9aebe7,6939b9f73b9b4b8ad2184f390d25ac7e7c6f312c66bd533028c492e5b426b380,e3b59882097a31c1702ae74d18780f09e391e18821aa9a22685fe7804daf004a,3.143340921999993,1,551,532,False,0.1511919200420379,0.0084692028985507,0.0014093044400666
baseline,00017083_002.png,17083,mixed_high_risk,0.5302270650863647,1024,1024,87037bcab7e645687473261f6dc55c67680c7c70f7f2b5c4f939ec0d7e9aebe7,75b2411ad31bf6ea355d50994cef74d1c0efd5d2b61ccc9fc4332d357f7b2dfa,7573892b375f693be65b22b826d707e6f0d3c97659b356810293fdb810366a78,3.2045523619999585,0,57,788,False,0.0442535951733589,0.0002779440691011,0.0
baseline,00017138_037.png,17138,mixed_high_risk,0.5699624419212341,1024,1024,87037bcab7e645687473261f6dc55c67680c7c70f7f2b5c4f939ec0d7e9aebe7,0ec88ac01c1b5a80885c42a7c1a9724b423b818c45912b4a863c1316b0e612a9,35eeb82829eabb66a3effed851706e4daede65fddf4b481305ae65a9a6c48810,3.682021504999966,0,285,34,False,0.0966507866978645,0.0024488420050761,8.188583068057361e-05
baseline,00017544_003.png,17544,mixed_low_risk,0.5535349249839783,1024,1024,87037bcab7e645687473261f6dc55c67680c7c70f7f2b5c4f939ec0d7e9aebe7,71fa7e067c611b57440d0697a69482172e171e98371b32c8ba2b3c56d6cca8f4,b07ea727c7b2132cde8e4649cf3d97984249512c94ba1b41145480157508ee85,3.1140866299999743,0,52,866,False,0.1595521718263626,0.0013006607356537,5.874474234556007e-06
baseline,00017714_009.png,17714,pure,0.4237579107284546,1024,1024,87037bcab7e645687473261f6dc55c67680c7c70f7f2b5c4f939ec0d7e9aebe7,46882a90aa0e0f827d7464eb4e3fe8346bb4bc1e5e0ca28ef2586c7c6cc65000,06df68b35b178dce7d183fba99a6de04b5d378d27ddd478f382dad1a73e0744c,3.1100011180000138,0,367,669,False,0.0292672794312238,0.0,0.0
baseline,00017972_032.png,17972,mixed_low_risk,0.6302614212036133,1024,1024,87037bcab7e645687473261f6dc55c67680c7c70f7f2b5c4f939ec0d7e9aebe7,3b13c49af35b46238a01068f95a0cb4d8c071d912e7bec5a1da3396cb1e60ada,c2d9f923fcf502b32cb12301a8f4835b535f37afc2123de39a1aa7c1729af9a7,3.16107934799993,0,692,221,False,0.0719927251338958,0.0012082300752277,0.0001280784572034
baseline,00017981_014.png,17981,pure,0.5382341742515564,1024,1024,87037bcab7e645687473261f6dc55c67680c7c70f7f2b5c4f939ec0d7e9aebe7,9026aab62c61836f83b343d23749d13c38a7c43fccff25946525da5e90d195c5,34f5beac8d265fb70f3d51a78d1666af64d0aff4f5309d4077cb941c58b69654,3.356214985999941,0,491,688,False,0.0289647318422794,0.0059538576035723,0.0014619883040935
baseline,00018253_054.png,18253,mixed_high_risk,0.6000690460205078,1024,1024,87037bcab7e645687473261f6dc55c67680c7c70f7f2b5c4f939ec0d7e9aebe7,17044716923ccb94743f56151acfcad0fa12613224a574bdc286f9607b2e9163,45f1bf928905bc0ab2686b95e6b0db26e4824950bb46423a2312d6b837f6d9b3,3.21927442599997,0,784,546,False,0.0590324401855468,0.0031901589975244,0.0001306062743254
baseline,00018253_059.png,18253,mixed_high_risk,0.5547686815261841,1024,1024,87037bcab7e645687473261f6dc55c67680c7c70f7f2b5c4f939ec0d7e9aebe7,e564e1d2405c81d494367edad8bdcf9555b4ee97ab0b832383ccec6d167a9049,d1b2288ea44609a9f1c99bd69ce981220bf0084a770f454dc95ecfd0064d502a,3.1059919059999856,0,674,509,False,0.0566701591014862,6.115553381136575e-05,0.0
baseline,00018393_000.png,18393,mixed_low_risk,0.340558111667633,1024,1024,87037bcab7e645687473261f6dc55c67680c7c70f7f2b5c4f939ec0d7e9aebe7,c53533d3b6075f9cc72470b2fd88dd9cf50cfd5be052b4418de6ea6f6529fed6,e63067f0a476a6a808e571b9ebfab86e4acd51b082b732f612ea1880e5325f69,3.194154347999984,0,322,637,False,0.0424268990755081,0.0,0.0
baseline,00018721_010.png,18721,pure,0.2703938782215118,1024,1024,87037bcab7e645687473261f6dc55c67680c7c70f7f2b5c4f939ec0d7e9aebe7,bb04e343e94a954d0aa4364bdddef7085e2ba9ab77854227efae9094cb13b02c,00289a6129b281322393f9040e55a9ae7a54074b3eb358a4916c661f4566c262,3.3868664120000176,1,354,619,False,0.1874158978462219,0.0175290390707497,0.0031028368794326
baseline,00018921_038.png,18921,mixed_low_risk,0.5873433947563171,1024,1024,87037bcab7e645687473261f6dc55c67680c7c70f7f2b5c4f939ec0d7e9aebe7,12aac6a0fb0767300dcedc29be174f933ad92b3538e48e9d796558e7a448b466,63f935f6b40bb3002961894628756847ac26cb21de4d8caa3e15178120ed4b2d,3.168255770999963,0,148,491,False,0.1027878299355506,0.002463932566056,0.0004671171269037
baseline,00019018_007.png,19018,mixed_high_risk,0.6559810638427734,1024,1024,87037bcab7e645687473261f6dc55c67680c7c70f7f2b5c4f939ec0d7e9aebe7,6d7b64b3227de398e191416289d9f5f75caa08a83cc08d366b14c0c86db4b916,458082ef1efcb27ad9dfba92cfaad2f14674b42dd951e58a2d7aa6188d93438a,3.1716969270000845,0,98,687,False,0.2748506069183349,0.0,0.0
baseline,00019150_002.png,19150,mixed_low_risk,0.5829846262931824,1024,1024,87037bcab7e645687473261f6dc55c67680c7c70f7f2b5c4f939ec0d7e9aebe7,0daaac80ab9428cbf7c7f548edf22bf54f4f351e21caa8aede3ba6133178fb8f,c76963a3e6af0096f4b764a88008d2d9c30e014b66edc379e2e65907a7084efb,3.1274029100000007,0,386,729,False,0.0793104097247123,0.0,0.0
baseline,00019363_043.png,19363,pure,0.5204563736915588,1024,1024,87037bcab7e645687473261f6dc55c67680c7c70f7f2b5c4f939ec0d7e9aebe7,00b82c16af842edafa00468c2208d4727737891491ff5d7d168602aee749791e,ba335e992d13fab12497658e086d280e43ed2d8e2ef7f873de7520700ec956d8,3.3471780149999404,0,779,989,False,0.0687635019421577,0.0082113821138211,0.0005925306286052
baseline,00019625_002.png,19625,mixed_high_risk,0.569805383682251,1024,1024,87037bcab7e645687473261f6dc55c67680c7c70f7f2b5c4f939ec0d7e9aebe7,5abba8b4c4455d34dc981046465edc0a9d9edcaf570b5642a2134bd1e497d821,56264a161ef52f94031849d8ac68b8d41c4bc6627dc2c5418d688f962fec342c,3.368563967999989,0,893,614,False,0.3102707862854004,0.0067415894649868,0.0005477038994297
baseline,00019634_004.png,19634,mixed_low_risk,0.5355715155601501,1024,1024,87037bcab7e645687473261f6dc55c67680c7c70f7f2b5c4f939ec0d7e9aebe7,edb240f5a1005316529d975ae223053d17872bb512df7a76175766dd45a342d9,30f9f8c8d430f84df11ebf6ac54e0fad25862ec10fbdea6c0126bd5db092b0d0,3.1524571740000056,0,29,953,False,0.0536341331899166,0.0014671801797295,1.7548785624034816e-05
baseline,00019646_006.png,19646,mixed_high_risk,0.4758230447769165,1024,1024,87037bcab7e645687473261f6dc55c67680c7c70f7f2b5c4f939ec0d7e9aebe7,47f02e9931639791a39b0995c11e4f1bc2e4a1aa4bd4df1b4a103a3fe7908688,baeca693ad567b55bbc243206703cb498b1f1519c5c72ff849d7b34ff56e2da9,3.137173943999983,0,582,363,False,0.0584677383303642,3.448513690599352e-05,0.0
baseline,00019706_012.png,19706,mixed_high_risk,0.6291667222976685,1024,1024,87037bcab7e645687473261f6dc55c67680c7c70f7f2b5c4f939ec0d7e9aebe7,b60a9e2bdcfb4cf0fb5062a11761157a8bc4c286289f782adea9e8c026a43aaf,43fd0a7687a4739c04f1c6dfbb380ee4d9e2948c261593a9b838746b2be7cc57,3.1496841250000216,0,720,541,False,0.0283973179757595,0.0008023162521366,3.794490399939288e-05
baseline,00019750_012.png,19750,mixed_high_risk,0.556473433971405,1024,1024,87037bcab7e645687473261f6dc55c67680c7c70f7f2b5c4f939ec0d7e9aebe7,51366a5dd486937371211e07559b4bee8e473f6133f01da7b9f31d74cdbd5004,575114580a4a6cefa50f033e291e33888452ac5f25ce32f13a131cc159faec0f,3.4639152029999423,0,326,738,False,0.2827489674091339,0.0019773554771796,9.285586208663132e-05
baseline,00019750_029.png,19750,mixed_high_risk,0.5977746248245239,1024,1024,87037bcab7e645687473261f6dc55c67680c7c70f7f2b5c4f939ec0d7e9aebe7,1ddb859c9869c601886e808c299d8b84ff3c20847da629c9970b45d9f6d8e540,5568b989b8d358fc34dbf6864d7f77fab230da042e1e591cf3fbe2921bdd0a4c,3.2148440570000503,0,230,619,False,0.0548293031752109,0.0001673990374555,0.0
baseline,00019769_014.png,19769,mixed_low_risk,0.6491997838020325,1024,1024,87037bcab7e645687473261f6dc55c67680c7c70f7f2b5c4f939ec0d7e9aebe7,a3d86c7a671b3bb7d0c8a6047ef17752c302baebed5cf9d7f611438774b02957,972c44c1f10b0b981b15cf04a772b31783f3c82803ad17107576d11b1355a487,3.146237829000029,0,413,669,False,0.0397093556821346,0.0,0.0
baseline,00020113_030.png,20113,mixed_high_risk,0.5257608294487,1024,1024,87037bcab7e645687473261f6dc55c67680c7c70f7f2b5c4f939ec0d7e9aebe7,fd7ee56ebc305d7d55cacdb3ff9ac051fcce6f9ddb4469ca42a8296af69e6a05,4f9f7050db7699218c7fa11395bcc905b2031f1223dd7c5fc5d657ef97b568f3,3.195083189999991,0,994,381,False,0.0203828774392604,0.0006898015494004,0.0
baseline,00020184_013.png,20184,mixed_high_risk,0.6625663042068481,1024,1024,87037bcab7e645687473261f6dc55c67680c7c70f7f2b5c4f939ec0d7e9aebe7,f9cd7f5e400934ad8d6336041d939ff3ca62de33c504072fb7cf108e72301424,74138dd3bb00f957c06725a3d383ee4179d55f5713d8bc1cbfcb234c11aadb03,3.361575552999966,1,386,660,False,0.1013120338320732,0.0205737891552548,0.0025191075161942
baseline,00020259_002.png,20259,mixed_low_risk,0.4658308327198028,1024,1024,87037bcab7e645687473261f6dc55c67680c7c70f7f2b5c4f939ec0d7e9aebe7,004167b4825013935919f57be9e541758c10bf1c05c46d532cee7bc201f9fb8d,ae43a1107736dce455b57707e9b480b022d585744b3965577b5c28be6a17948c,3.1989372369999955,1,720,710,False,0.1000230088829994,0.0363423647607197,0.0052858533871192
baseline,00020405_041.png,20405,mixed_high_risk,0.5646791458129883,1024,1024,87037bcab7e645687473261f6dc55c67680c7c70f7f2b5c4f939ec0d7e9aebe7,8ae33138e1a86b3cafbd6dae0a627d34cae906738dd3d4e71c5bd3dd99afd9dc,e83450980ae31fba55669a4397a4647e389e28114111d4c6c5423fe0bf2235e8,3.110798443999897,0,285,829,False,0.1588790714740753,0.0053212704898098,0.0006139890472276
baseline,00020482_011.png,20482,mixed_low_risk,0.64141446352005,1024,1024,87037bcab7e645687473261f6dc55c67680c7c70f7f2b5c4f939ec0d7e9aebe7,18f7bfb9323540abf0407089fd6257496960ff057892cae6d1cb00ce634a46ca,4a52ade9bd04866ef3dc31e048b47106a7fef2831cd6c00759ccd5b29d674fc0,3.1462287450000304,1,646,560,False,0.0947272926568985,0.0013439883763167,0.0002909408299087
baseline,00020482_032.png,20482,mixed_high_risk,0.5807254910469055,1024,1024,87037bcab7e645687473261f6dc55c67680c7c70f7f2b5c4f939ec0d7e9aebe7,59ed8641273d1f0d54f0912eccc093a06c84494f268cb51b02866e0a08e9d058,a612a3842f184f7a809a526248f57b7e8d5c0ae9c94d86c5ae0c7836523e61e2,3.3288935829999677,0,852,824,False,0.0543355979025363,0.0,0.0
baseline,00021009_001.png,21009,mixed_high_risk,0.4962666630744934,1024,1024,87037bcab7e645687473261f6dc55c67680c7c70f7f2b5c4f939ec0d7e9aebe7,1a83e8fc387f0bcc17e8923203936e7497974a7e9e2f0aa9d571888b75edc896,76afe84e1b55c13d4ffb13f672e1902ede7003eb6162dfe36760e6ff2f2eef0d,3.2242840149999665,0,445,783,False,0.294223815202713,0.0012342758107595,4.861448711716091e-05
baseline,00021201_010.png,21201,mixed_high_risk,0.5457292795181274,1024,1024,87037bcab7e645687473261f6dc55c67680c7c70f7f2b5c4f939ec0d7e9aebe7,5ecbbf5c15c56a238fa3e1f7f00c4f366af16dedce837a646b570ba4ce8ea59a,2ce6413e8d8b4af72ce57a65c831657431ab43fc1f9bb25b1dcfcb214ebb2876,3.1403881960000035,0,322,669,False,0.0721846595406532,0.0010448166045469,6.363077184126244e-05
baseline,00021703_001.png,21703,mixed_high_risk,0.5259164571762085,1024,1024,87037bcab7e645687473261f6dc55c67680c7c70f7f2b5c4f939ec0d7e9aebe7,5b1872bfce1af46fa01aa8ebc900c4996811cecf7a13fd4faf506291246ce968,f4151507c0a0a5f55867026082f8d70aa5328e8c3ff61a92223a0a51829bfca4,3.1352557259999685,0,871,358,False,0.009408907033503,0.0,0.0
baseline,00021710_003.png,21710,pure,0.6088026762008667,1024,1024,87037bcab7e645687473261f6dc55c67680c7c70f7f2b5c4f939ec0d7e9aebe7,3c9cd7ae906f7485526554962f89b352e91f8131f0a6bc67ccee8cf420b220af,0c2ce789d80ccf6d8017b3dc520093aa378ec811155fcff4718b685cc1d39247,3.3602337760000864,0,304,743,False,0.0520730428397655,0.002540283415934,0.0001304971943103
baseline,00021840_016.png,21840,mixed_high_risk,0.4498837888240814,1024,1024,87037bcab7e645687473261f6dc55c67680c7c70f7f2b5c4f939ec0d7e9aebe7,01c2e0cde6ba5449dbb7897986a6f30e1f155718ddacc466a3e4a6e6b9bd05d7,6ae69cc2228af0be05ca20a073ee44e6585af9c5133b53cf5d0651124ec35222,3.40745201499999,0,902,779,False,0.0604477636516094,0.0020349395277404,0.0
baseline,00021926_007.png,21926,pure,0.6005585193634033,1024,1024,87037bcab7e645687473261f6dc55c67680c7c70f7f2b5c4f939ec0d7e9aebe7,39c6975b5c5421fa227fefee2fa51ebcb002edcad3b81995be1d803e0cc496cb,20a62c7f30364c5b5bb7c892a6572f205e89cb00c9d6af1a72d9b06027686df7,3.0911112590000585,0,418,760,False,0.0147313866764307,0.0,0.0
baseline,00022369_013.png,22369,mixed_high_risk,0.5187926888465881,1024,1024,87037bcab7e645687473261f6dc55c67680c7c70f7f2b5c4f939ec0d7e9aebe7,e910bc9145884f4a50424a47f753c0039bf09bb6e77a42b349488ab3c76df6f1,9797918e166985931cbdc099294ae78edacfbe31d930ab2b9d24baa8db50c3b7,3.114485175000027,0,925,345,False,0.1035017594695091,8.939666192864358e-06,0.0
baseline,00022416_048.png,22416,mixed_high_risk,0.5359342694282532,1024,1024,87037bcab7e645687473261f6dc55c67680c7c70f7f2b5c4f939ec0d7e9aebe7,803be1db1f46857e9b484351af65e27c1f709fad153090b804ab1860b2fc1215,ffdbadb8753d61cd8ccd51644c83a9b9921e6c2c6599c46090ef1c6f10d00b48,3.0824052909999864,0,395,637,False,0.2820717990398407,0.0021050499497247,7.308018357742115e-05
baseline,00022470_006.png,22470,mixed_low_risk,0.5341227054595947,1024,1024,87037bcab7e645687473261f6dc55c67680c7c70f7f2b5c4f939ec0d7e9aebe7,135b560a97f7e8f30f6c824faab6d3ee29b7aa433c2dec459d0fa93f71d5315e,d0f7a5f80abda55a79e2f2a14f820eff92b5bd05c58ef0e7bda5abecf205a73b,3.3835292020000907,1,669,747,False,0.5124272704124451,0.0088094035460203,0.000765565055826
baseline,00022727_000.png,22727,mixed_low_risk,0.5246009230613708,1024,1024,87037bcab7e645687473261f6dc55c67680c7c70f7f2b5c4f939ec0d7e9aebe7,defa7d663fdb781fed3127cc6422aceb02e3c53f1cdad723c1e9413a7a4647f7,73199f04c76cc967183b6d3827b2ef04fd0d9bb71a166a6a5bc1c3fb56535ca0,3.259927988999948,0,308,642,False,0.2903797328472137,0.0012919314895311,5.901978551515593e-05
baseline,00022899_014.png,22899,mixed_high_risk,0.6334864497184753,1024,1024,87037bcab7e645687473261f6dc55c67680c7c70f7f2b5c4f939ec0d7e9aebe7,1d748e7747a143960d29324a8c13a2c7be97b7af2b499064b938faa623236e90,95e0805c71e10052705501869eed6b01332ee959fda8abafc0c19e87f0e1f74d,3.110330272999932,0,697,861,False,0.0575355999171733,9.472088911341248e-05,0.0
baseline,00023026_008.png,23026,mixed_low_risk,0.4048587381839752,1024,1024,87037bcab7e645687473261f6dc55c67680c7c70f7f2b5c4f939ec0d7e9aebe7,d02aa9197ae82b43268976587c73bfbddd692d721cedbdab4d2d50124ec74f8f,4269b282e5eddf501942fd0ac32427c65382340c499086a20d67f8f77082fc52,3.1229358299999603,1,450,852,False,0.5621862411499023,0.0039483015951985,0.0005257400938569
baseline,00025521_003.png,25521,mixed_high_risk,0.7166487574577332,1024,1024,87037bcab7e645687473261f6dc55c67680c7c70f7f2b5c4f939ec0d7e9aebe7,e421bf074b54d4fa8a710146b513fb61611b3cba0603a258bba0793d7919fde2,b0efc05b48883a5f7e9404bab60f16cfcd9977ce9765b71746f17ff6669f1839,3.4133284900000262,0,450,761,False,0.0478658489882946,0.0123553830660018,0.0025978379284337
baseline,00025787_027.png,25787,mixed_high_risk,0.6193284392356873,1024,1024,87037bcab7e645687473261f6dc55c67680c7c70f7f2b5c4f939ec0d7e9aebe7,85922172de6bbb3856d70208b8b6ce6e2fc9184123aee802401a975305fdad8d,c57b31178a37e8756c9d133d7fb73ff062fc5466b06bc30aaf395b5ba79bdacb,3.221413611999992,0,244,874,False,0.0925076305866241,9.874690181595553e-06,0.0
baseline,00026098_003.png,26098,mixed_high_risk,0.6387977004051208,1024,1024,87037bcab7e645687473261f6dc55c67680c7c70f7f2b5c4f939ec0d7e9aebe7,11fdf62a3290ba486370097d7415fcd805c7dffcae69ae917ca8da891d36d07a,9392aa714a9007b46ef5a5c643f63ba9428a7fbd7a0989152c87edcd7496d3dd,3.125195451999957,0,893,546,False,0.0472249835729599,0.0001203586688331,0.0
baseline,00026194_010.png,26194,mixed_high_risk,0.5901426672935486,1024,1024,87037bcab7e645687473261f6dc55c67680c7c70f7f2b5c4f939ec0d7e9aebe7,631816316765f5bfd081a29d9acc39e938dd72c05764b62f054a2a499565461b,6eb3b55685603e1a19aff958885edb5792c7619f8141bf83604d56c6074e71e4,3.134788995999997,0,834,834,False,0.0078601678833365,0.0,0.0
baseline,00026538_012.png,26538,pure,0.6615234613418579,1024,1024,87037bcab7e645687473261f6dc55c67680c7c70f7f2b5c4f939ec0d7e9aebe7,07650a8751ea104f04e93a026d1d5bf9869cde7b54a22699ecd0879dd17f2cb9,bb24dc8cc6a4859edc1215e29fd36deb3c37d36abf4db808f206f703c2d0e75b,3.3198757479999585,0,358,669,False,0.0677530467510223,0.0145712971010787,0.0016041326808047
baseline,00026538_034.png,26538,mixed_high_risk,0.5741839408874512,1024,1024,87037bcab7e645687473261f6dc55c67680c7c70f7f2b5c4f939ec0d7e9aebe7,a547943785ccf283aa3abe4520643beacaf99ebf16979793985ce9508d1d5595,e3493b773121f80d1a03a570b91390c42f46438e645f692905725ff1b802668a,3.261573442000099,0,765,724,False,0.034048493951559,0.0004906114803086,0.0
baseline,00026865_003.png,26865,pure,0.4327545762062073,1024,1024,87037bcab7e645687473261f6dc55c67680c7c70f7f2b5c4f939ec0d7e9aebe7,529237d5a4e3f7fb9da776f143a16678432cbe9b239a04847bcf8ba1f079adc3,5aaff9ace8d27c5033b07ca39e3daed755ecc408f7909f21c2d541aa88063971,3.1590055520000533,0,788,431,False,0.0556014589965343,0.0090270812437311,0.000570005700057
baseline,00026911_000.png,26911,mixed_high_risk,0.5536966919898987,1024,1024,87037bcab7e645687473261f6dc55c67680c7c70f7f2b5c4f939ec0d7e9aebe7,4b30854f2607772479feab8a3f9d2753afee33944af6f1366f0ce699ac94b02e,37923165cb16b2c6a561a653137729e540930ae245addce24bc209084f62a2ba,3.135592857000006,1,637,418,False,0.1161876693367958,0.0026746140913953,0.0003368240553616
baseline,00027113_002.png,27113,mixed_low_risk,0.573950469493866,1024,1024,87037bcab7e645687473261f6dc55c67680c7c70f7f2b5c4f939ec0d7e9aebe7,eebf8a4483d63b2c5b437b5ee6e9972c1a21cf05958620fffd887d28ae2a155c,dee89035f6ffd08970861580d35077b6afcaa5eb1a156e5a24ea54cf45bbc31e,3.266912613000045,0,546,961,False,0.0969779044389724,0.0008454399689033,0.0
baseline,00027357_014.png,27357,mixed_high_risk,0.6430908441543579,1024,1024,87037bcab7e645687473261f6dc55c67680c7c70f7f2b5c4f939ec0d7e9aebe7,e69cf09680d6aabdf5dfeea45c337417f7958854ac33feebe1ebca22245660b0,82dede776a13193c9f5562420d5ee4a6a401dda446ebfcf24920e3e09d005aeb,3.5170929189999924,0,418,646,False,0.0334747098386287,0.0024769992922859,3.663674665689687e-05
baseline,00027441_002.png,27441,mixed_high_risk,0.6532681584358215,1024,1024,87037bcab7e645687473261f6dc55c67680c7c70f7f2b5c4f939ec0d7e9aebe7,8abbd9cb43847a7fb3a045132105a302e608cc7a0e46bfd32909e9b27fea5bab,e9baf1b4a3117d2437f0f851fed39c5afd760f2196cb2f55726f757ed4d8634c,3.156293951000066,0,578,450,False,0.0718188136816024,0.0008975509680728,0.0
baseline,00027479_013.png,27479,mixed_high_risk,0.5914552807807922,1024,1024,87037bcab7e645687473261f6dc55c67680c7c70f7f2b5c4f939ec0d7e9aebe7,98e819c1dbfef70c2a3233db799dbf90d51da4882274f3376a8e09b92d3766c5,01a0b9f68fe9aa7c6e7ec80c6e0b313944c0bff32a1a2ce206aaae04859e37b3,3.1259432630000674,0,66,957,False,0.2907662093639374,0.0033035043457161,0.0002425317953268
baseline,00027927_008.png,27927,mixed_low_risk,0.6039618849754333,1024,1024,87037bcab7e645687473261f6dc55c67680c7c70f7f2b5c4f939ec0d7e9aebe7,aca8089c29687a0da1c72cd189d05c227e993fce6182b38c550d210b4d502038,bbd91b908b20743c4786c4dfe69a80922e9ddb12bc7a324fa3cad5b846c5aa80,3.128742015000057,0,637,486,False,0.0237709823995828,0.0,0.0
baseline,00028208_005.png,28208,mixed_low_risk,0.6108853220939636,1024,1024,87037bcab7e645687473261f6dc55c67680c7c70f7f2b5c4f939ec0d7e9aebe7,101ea2fa6db8670830b12d588aab347e220fe2999dc697174170f9cd13811abf,a4a280490061f2a89c510f1dcb963c17895c983c08ec3d03ae9fd17e84080163,3.387894723000045,0,134,514,False,0.2927267849445343,0.0016104621160433,6.965607313887679e-05
baseline,00028285_014.png,28285,mixed_high_risk,0.6449844241142273,1024,1024,87037bcab7e645687473261f6dc55c67680c7c70f7f2b5c4f939ec0d7e9aebe7,0dc301b26653b2b3fc33ccf3758208dc9a0775db2c47b2ac8d872b0d30ead3a1,dd5773b2be396fb99c5d3f41d65b2e6da7a607d985e011a2c41a9b6816ab2b06,3.214536554999995,0,491,706,False,0.0855885967612266,0.0006208752040839,0.0
baseline,00028383_002.png,28383,mixed_high_risk,0.5754711031913757,1024,1024,87037bcab7e645687473261f6dc55c67680c7c70f7f2b5c4f939ec0d7e9aebe7,a448464fa20807936469b16d8d22fd8f540f553ab4809cebff930ed2515fbd43,0fedc9a2cb4216a3cf9d4986c12bee2b570899c0550c39455c70d5f0b7eab8c1,3.109734992000085,1,249,674,False,0.1391879916191101,0.0004932540258232,0.0002618143736091
baseline,00028518_012.png,28518,mixed_high_risk,0.6756830811500549,1024,1024,87037bcab7e645687473261f6dc55c67680c7c70f7f2b5c4f939ec0d7e9aebe7,522ba7003845daaaced074bc0e68091b291cc23dae4575f2debd9781a69a10cb,397c4620baa05ab31038040bf852a6d118ae89edded3c34d282f44e161fae5b0,3.1463302780000504,0,491,861,False,0.2144898623228073,0.0022611762265325,0.0001833824099592
baseline,00028640_003.png,28640,mixed_high_risk,0.6289663314819336,1024,1024,87037bcab7e645687473261f6dc55c67680c7c70f7f2b5c4f939ec0d7e9aebe7,6c553f934e5d295e2ef1c8cd27a1595b0c50318c329e45e2718b6a510a8eb8f0,333cdddeb1fb893922f61453dd36fc152ba00b6c3e327a8e1590c68842018b7e,3.373102143999972,0,610,925,False,0.0356272123754024,0.0005146018268364,0.0
baseline,00028640_008.png,28640,mixed_high_risk,0.584514856338501,1024,1024,87037bcab7e645687473261f6dc55c67680c7c70f7f2b5c4f939ec0d7e9aebe7,7621534f6e9b7c8daaa5af82fc7238d3c4919dcfd6078e9d3b2f2d0ec239fcea,efc579a09009d68fbd139c199cd195f60c0505f722d751386c0240cbeba632c7,3.191079582999919,0,454,770,False,0.0275784153491258,0.0,0.0
baseline,00029039_020.png,29039,mixed_low_risk,0.5412251353263855,1024,1024,87037bcab7e645687473261f6dc55c67680c7c70f7f2b5c4f939ec0d7e9aebe7,d019c2001cfcb80be3c99727dae1392c24fa2ffa838021cb0a7cbbc77660f25d,d9ec252a94feff17d740e08202d3df33d22b0f9a97a8cdb6cccf694098c97dec,3.157040940999991,0,930,336,False,0.2845252454280853,0.000382166966877,2.67949250411972e-06
baseline,00029404_004.png,29404,mixed_high_risk,0.6336756944656372,1024,1024,87037bcab7e645687473261f6dc55c67680c7c70f7f2b5c4f939ec0d7e9aebe7,1658d3a9335b9f6074d45f8086b1c5a1d02b5b076ea038dd02eb16b58fd949f1,1b35cb0623442184d3d646d23316c4507ca3127b4e1628e02f674a2bf01dc7d8,3.150478324000005,0,944,532,False,0.0644558891654014,0.0004295737673619,0.0
baseline,00029431_000.png,29431,mixed_low_risk,0.579923152923584,1024,1024,87037bcab7e645687473261f6dc55c67680c7c70f7f2b5c4f939ec0d7e9aebe7,b6d545218108921fafa90a4bda3643ca0680f3771f1a449e3c6c0777810acb7e,d1e77d8bdf00452c193002d77cbb1e77420c3fe9fc08724256b0252a3d1a78b1,3.3757835510000405,0,546,413,False,0.1222505569458007,0.0004533301260997,5.6072670180554e-05
baseline,00029532_014.png,29532,mixed_low_risk,0.5842149257659912,1024,1024,87037bcab7e645687473261f6dc55c67680c7c70f7f2b5c4f939ec0d7e9aebe7,ee24e02e8c2e8ada2214c8efb8a61c5083ebd109f536be5bec9d03fc35c25f97,b702e0b19a700d78073b0ac824ec52342ea6ea381e63125f5451a95969c6959c,3.315053820999992,0,852,418,False,0.1500200033187866,0.0351827019778746,0.006358865660416
baseline,00029617_006.png,29617,mixed_high_risk,0.5338374972343445,1024,1024,87037bcab7e645687473261f6dc55c67680c7c70f7f2b5c4f939ec0d7e9aebe7,404b7a7c6f8caeaf23dde75508f97a70eddb7822827413bc8d2492b5a7c8f115,fe0fd10e1a8fb8408aa41720f66b51ebc7448e3b05a75403a805f61872f51331,3.105547856000044,1,720,738,False,0.0629491657018661,0.0090146852130082,0.0013970983342289
baseline,00029861_013.png,29861,mixed_low_risk,0.598365068435669,1024,1024,87037bcab7e645687473261f6dc55c67680c7c70f7f2b5c4f939ec0d7e9aebe7,7de8590da0b549b645603a3acf16cf2155d547764ed1227fcbf8013e02f3e094,59d9b92a95c4913393aa7b50026d8a53a4137977082e345c33974839daa2f98c,3.11923673299998,0,276,893,False,0.261312872171402,0.0012512577074894,2.2785568272072705e-05
baseline,00030323_028.png,30323,pure,0.6505153775215149,1024,1024,87037bcab7e645687473261f6dc55c67680c7c70f7f2b5c4f939ec0d7e9aebe7,1d76e88e9b4242663ce7b3689170e582a7d87bbba1de7b06cee508a957730f10,8322cfb2c0d44df664d7ecd2a62d121421a545ae68a800f8f4c98d2fd7454d66,3.1843667379999943,0,29,29,False,0.0594282820820808,0.0,0.0
baseline,00030408_013.png,30408,mixed_high_risk,0.6387848258018494,1024,1024,87037bcab7e645687473261f6dc55c67680c7c70f7f2b5c4f939ec0d7e9aebe7,f6100fc8ccc436e497f4a37afe66aec4ae65e2fc1162c278f6f9f7ea21fe99b9,a45bca72483bf6a025d929a20ab71811480981f9c60e11c1148ae2665dca5b53,3.529412824000019,0,591,582,False,0.0375503040850162,0.0020908958908087,0.0001783537944769
baseline,00030573_002.png,30573,mixed_low_risk,0.5485655665397644,1024,1024,87037bcab7e645687473261f6dc55c67680c7c70f7f2b5c4f939ec0d7e9aebe7,3da62956748161de995750848e79efbf8b90ff7c22d3f096d7527782a7575656,2f2d977f331bcd4e37b3b3dc2a2ef18a3f3110313d20cd1cb85160ffb6f29090,3.2315804739999976,0,322,34,False,0.0338352099061012,0.0028759775092095,0.000136976919389
baseline,00030636_004.png,30636,mixed_high_risk,0.6553847193717957,1024,1024,87037bcab7e645687473261f6dc55c67680c7c70f7f2b5c4f939ec0d7e9aebe7,3d68f4ac5bf828e7715aa0ccbac1d2d3715169e440299982440db06d26b21ed2,a4f5d05e3736d7423d7adc295256ae15bd0afeed3f7013e65d7a609b6eb89bd5,3.1184303389999286,0,34,893,False,0.0352128818631172,0.0044088176352705,0.0003930688853221
median_L1,00000032_037.png,32,mixed_low_risk,0.5767883062362671,1024,1024,05ec4b5f54659fcc37c1bcbb9ddc7d1b2ad1cc56677e7b2f118ba41f845a1d24,11394241233709fe41b138bb9d9fbfee54f20588dfb676e6b1d75472697cdb4f,b2dd1b9ae08fcec2f32b3711e8ae3253405786a76d6f879b3ce36a24186ae9e5,3.4989503439999226,0,29,948,False,0.0490087904036045,0.0001921106557377,0.0
median_L1,00000211_016.png,211,mixed_low_risk,0.6674888730049133,1024,1024,05ec4b5f54659fcc37c1bcbb9ddc7d1b2ad1cc56677e7b2f118ba41f845a1d24,001c5275a801c9c0e3027ed788d89c93e97482dea496bbf8c751d0b367630f32,d018d2496967bbef0a209ef92999478ea6816b85e7b2988cd19ebaba5c512fc9,3.4722202079999533,0,162,596,False,0.1238587275147438,0.0088489997604971,0.0008325203252032
median_L1,00000468_041.png,468,pure,0.5911023020744324,1024,1024,05ec4b5f54659fcc37c1bcbb9ddc7d1b2ad1cc56677e7b2f118ba41f845a1d24,b0ff2213dbf8706dedd7e3139aa7ef00a73b288ee54fd9b2861507706320a439,68cb27b35045c0f60b38961d177978bdc4ba4deed44178e2c7630fa8e3c71e94,3.297362585999963,0,290,601,False,0.0098901763558387,0.0038122900971226,0.0004607764082478
median_L1,00001039_005.png,1039,mixed_low_risk,0.5200517177581787,1024,1024,05ec4b5f54659fcc37c1bcbb9ddc7d1b2ad1cc56677e7b2f118ba41f845a1d24,9387e9acde2fb8e5c6dacfff6547f5ac37a5800c555f090a67478bb4471bdff6,db2b59f7451a04fb1dcd17c53c2a594f1ca63e26ccc7e55944d490c891dff136,3.2311802639999314,0,107,998,False,0.0884390026330947,0.0007533776430998,8.450942280064228e-05
median_L1,00001900_026.png,1900,mixed_high_risk,0.7193647027015686,1024,1024,05ec4b5f54659fcc37c1bcbb9ddc7d1b2ad1cc56677e7b2f118ba41f845a1d24,1268ea5dfa814d1d58dfbf945e1317e9130cbfd444c50ac0124dcb205df9fd07,33d6f7fc282adc721d0562e2e002090c5f00610f47254ed2a8c312423df63399,3.231863943999997,0,235,395,False,0.0694709867238998,5.670782709783518e-05,0.0
median_L1,00002224_007.png,2224,pure,0.5243368744850159,1024,1024,05ec4b5f54659fcc37c1bcbb9ddc7d1b2ad1cc56677e7b2f118ba41f845a1d24,4860c77ff640e70ec0a64e42ff3e0cdf76dc9f072a3a86e1b6ba606c42789c42,8e4c0596098302233c6e87db5039ca9199e42bd670ddb5ea8855bf4b33cfe891,3.615606204999949,0,413,646,False,0.0709373876452446,0.004273125410025,0.0001859807695884
median_L1,00003149_007.png,3149,mixed_high_risk,0.5615684390068054,1024,1024,05ec4b5f54659fcc37c1bcbb9ddc7d1b2ad1cc56677e7b2f118ba41f845a1d24,14e54c783dd725741874f9d120590b5315f72ff472c6af1658dfe3777c34cc29,47b506cbd5ffda32bf01a41ad3f268020ae8b4806da84b97d43bfed869c651a6,3.2957519959999217,0,290,912,False,0.0807746052742004,0.0013264021008065,0.0
median_L1,00003333_002.png,3333,mixed_low_risk,0.4950012564659118,1024,1024,05ec4b5f54659fcc37c1bcbb9ddc7d1b2ad1cc56677e7b2f118ba41f845a1d24,6e8898aa97002c11a18683078e3c600f73589db5a26c77a59e971937ccb839d6,332581fc68a67aa41e6a23a5fb23cf541be1669c661350645e5332e48570ad68,3.2001937810000527,0,299,605,False,0.1580794602632522,0.0027739835753191,0.0002492436743674
median_L1,00003973_008.png,3973,mixed_low_risk,0.5664048790931702,1024,1024,05ec4b5f54659fcc37c1bcbb9ddc7d1b2ad1cc56677e7b2f118ba41f845a1d24,842b72db5287b37e6d16f0d5cffd33f6efd6496cb0d12fce33bc1a0537cb6401,5f21c129a559134d9131e97328df0846bae727227afa767c262b741e5646eb90,3.153136006999944,0,656,468,False,0.0748520046472549,0.0298387421080146,0.0044697003728493
median_L1,00005066_030.png,5066,mixed_high_risk,0.7012415528297424,1024,1024,05ec4b5f54659fcc37c1bcbb9ddc7d1b2ad1cc56677e7b2f118ba41f845a1d24,02d103844e49ef87ffb229eb69f2437e13aa7ec0e8abb4365b4c067f9577caf9,302fed1bdbe92d88d1588a91c9c832a8ec3fbe71997682bc0e9efcbe57ed3217,3.3576297540000724,0,564,271,False,0.0316382274031639,0.0,0.0
median_L1,00006096_010.png,6096,mixed_high_risk,0.5453206300735474,1024,1024,05ec4b5f54659fcc37c1bcbb9ddc7d1b2ad1cc56677e7b2f118ba41f845a1d24,4c9aff67aa21dac3e3d4db55cc7389961df3ac0fe08b269d9d7bbb593a349763,3887d6b65c5da8d53e6fd4d4cbe28e6d83b870f6b71131f5b9344160cc0bf5fa,3.212176478999936,0,733,578,False,0.0684552490711212,4.596961408508976e-05,0.0
median_L1,00006304_060.png,6304,mixed_high_risk,0.6138926148414612,1024,1024,05ec4b5f54659fcc37c1bcbb9ddc7d1b2ad1cc56677e7b2f118ba41f845a1d24,c3919bfc1c4143150b9bdbde738af3bf0e7690438bc551a43a2e6f912d850ef7,bfa48adf43a4eab142bd9941e6950a88d4540bf579c278d29ae52a17bdc875de,3.1675430859999096,0,166,541,False,0.02591497823596,0.0,0.0
median_L1,00006836_002.png,6836,mixed_high_risk,0.6599114537239075,1024,1024,05ec4b5f54659fcc37c1bcbb9ddc7d1b2ad1cc56677e7b2f118ba41f845a1d24,25edddf4fe1ebc1d4c06f8cc679140d14c8f63f438f12fa526627928c6b94d74,5bb1824bd5e8b9f1437e79c6792db180999ded248e41745d87dafe90d53d5024,3.2035151489999407,0,326,212,False,0.1019534096121788,0.0023523572129962,0.0
median_L1,00007124_006.png,7124,mixed_high_risk,0.6009646654129028,1024,1024,05ec4b5f54659fcc37c1bcbb9ddc7d1b2ad1cc56677e7b2f118ba41f845a1d24,05eef556f5abace3fa1cfdcc45c2fa29d6c3fb4c6433402b88ddd8bf679b4ec4,b32172f08373c2ba6bf037abe401d700f8dab938b93003fff314fc0e8a54e113,3.31941255300012,0,980,911,False,0.1476848274469375,0.0121699930192852,0.0009557820469375
median_L1,00008814_010.png,8814,mixed_high_risk,0.6034449934959412,1024,1024,05ec4b5f54659fcc37c1bcbb9ddc7d1b2ad1cc56677e7b2f118ba41f845a1d24,c27e63cea8344583253f6f15dc30d5104a12932cd93b703f35a10242854c4a8d,6724952b31b040e72cf6617d0b215294354428b8199272d66eb1ca769b32e4d0,3.254604964999998,0,619,189,False,0.0650210231542587,0.005012800269802,0.0007231778500955
median_L1,00009431_004.png,9431,mixed_high_risk,0.4753885865211487,1024,1024,05ec4b5f54659fcc37c1bcbb9ddc7d1b2ad1cc56677e7b2f118ba41f845a1d24,0b42a73d705ea678071c3b06e0d2d4640c9b97690ef5cbdb14922d373be4169d,c587ff551a77591af933330fa25b03ac4f3df5c04056b02729cc0635b777c18f,3.117706871000109,0,303,738,False,0.095136247575283,0.0017613016858173,2.455072179122066e-05
median_L1,00010092_018.png,10092,mixed_high_risk,0.5743655562400818,1024,1024,05ec4b5f54659fcc37c1bcbb9ddc7d1b2ad1cc56677e7b2f118ba41f845a1d24,5fc6e3147cd10f3b2b6f7c3c4c322e71282071797423464fc6de14a1d6222fc8,ac9309e94b5aafc3aa5216a28276067f76d237e9495991fd5fdb8762a3e3f5e3,3.090702183000076,0,212,720,False,0.0236338078975677,0.0038111139341584,0.0020155364266218
median_L1,00010120_010.png,10120,mixed_low_risk,0.4436793029308319,1024,1024,05ec4b5f54659fcc37c1bcbb9ddc7d1b2ad1cc56677e7b2f118ba41f845a1d24,be28d07104fa178c0f2ba5143e281b426d9d6b40bd03d54fba8248a12ff89540,8cb9fbedbb75e37e2d94941bec37fb4702aa1fd3819537d1b388af46e73d2520,3.092979077999871,1,431,756,False,0.3637253642082214,0.0059032475095674,0.0015351505935552
median_L1,00010230_001.png,10230,pure,0.4735622704029083,1024,1024,05ec4b5f54659fcc37c1bcbb9ddc7d1b2ad1cc56677e7b2f118ba41f845a1d24,de6da4b6c49a21b39d2ea535587116aa0a8ff689f4017614537c67d970ca65b5,d7860e153600aa8364dbdb96ed95b6bedd451baf6298c6fad9ee3ac1cffb71b9,3.347205178999957,0,468,84,False,0.0220718644559383,0.0,0.0
median_L1,00010277_000.png,10277,mixed_high_risk,0.5801388621330261,1024,1024,05ec4b5f54659fcc37c1bcbb9ddc7d1b2ad1cc56677e7b2f118ba41f845a1d24,fe4c62e67da307746968de8d7c4c45cd7481685527f33e903fbba252f945aeb4,0a95081164a2228f0b3151db203f3ea1a3c5a09774629c9135b6da57cf8bcf3c,3.168811013999857,0,340,706,False,0.0670871287584304,4.877255730775484e-05,0.0
median_L1,00010805_049.png,10805,pure,0.5293842554092407,1024,1024,05ec4b5f54659fcc37c1bcbb9ddc7d1b2ad1cc56677e7b2f118ba41f845a1d24,017bde83d0d1d16093ed85107ac1cc01e702faca4c73a73325b07f2939697347,2beb6b5c066eef4e4fed63f4d5e4409b75252e0c1e2330e76bbbd6a08c3c8d4f,3.040814643999965,0,747,1022,False,0.1273113489151001,0.0075314286805204,0.0004431599229287
median_L1,00010828_039.png,10828,mixed_high_risk,0.5994657278060913,1024,1024,05ec4b5f54659fcc37c1bcbb9ddc7d1b2ad1cc56677e7b2f118ba41f845a1d24,39bcf9746eaba3bbf3e5de068f4d77550f75f5888634b6de56d754bbcc21df97,550fc1cafed45feb53290f6d7436ebf71484913b1af07ee8e4145fbb6ffd1ffc,3.066134031000047,0,395,432,False,0.0576673112809658,0.0014490043937552,0.0
median_L1,00011023_004.png,11023,mixed_low_risk,0.6251571178436279,1024,1024,05ec4b5f54659fcc37c1bcbb9ddc7d1b2ad1cc56677e7b2f118ba41f845a1d24,88504e9c89021a63eda8e323d4e0dc9b34f0dbfb4f070444c979344b81c39161,ab7df5921acaaf37ffabecd4f9d9996ac46c5ba4c428235f2d326d46d84138a8,3.3923119349999524,0,797,633,False,0.0542024709284305,0.0011941116592279,0.0
median_L1,00011124_000.png,11124,pure,0.5685896873474121,1024,1024,05ec4b5f54659fcc37c1bcbb9ddc7d1b2ad1cc56677e7b2f118ba41f845a1d24,e5467ca966852522cc660964af8fc263ef3b395fc7e76d99c1f1d2ba7b3574f2,68eb550002982ae4f5d4c35d2084c438a6e05cd6c1002bf2dd6be04ba76e3e6e,3.196954554000058,0,710,706,False,0.0245156306773424,0.0024603272235207,0.0
median_L1,00011237_094.png,11237,mixed_high_risk,0.6603847146034241,1024,1024,05ec4b5f54659fcc37c1bcbb9ddc7d1b2ad1cc56677e7b2f118ba41f845a1d24,9b07c3ccf821b53f669dd0d989cd1342b7ba78687d5d559967510ce8b68e6e78,3445890cc2c151ed6872d8683c8b15a405aec591609a948b2c4238e3ea00a9d1,3.0958670020002046,0,285,564,False,0.0466338917613029,0.0002200924388243,0.0
median_L1,00011269_018.png,11269,mixed_high_risk,0.5456407070159912,1024,1024,05ec4b5f54659fcc37c1bcbb9ddc7d1b2ad1cc56677e7b2f118ba41f845a1d24,fdbd33457158ddbc7be71f9482f6ca0a9956bc8995fa0e5b30b5a68e3fa572b1,6fd057a5713ff6043b605c1b3fcf12f35b93b3559255ed5865f2b6e1d4751f89,3.1022979470001246,0,230,395,False,0.0784544199705123,0.0058833521209407,0.0004790189691511
median_L1,00011366_002.png,11366,mixed_low_risk,0.6235191226005554,1024,1024,05ec4b5f54659fcc37c1bcbb9ddc7d1b2ad1cc56677e7b2f118ba41f845a1d24,158fa28a27cbde1df489c7123d07ee84434f1f45fc29e6ca506d29c10fdcf144,826f37082378952db8edab34fcfc1f0a664fa55f44f0ba1cd03faf0f635b6d58,3.4648707090000244,0,413,15,False,0.3667397797107696,0.0023580631876213,0.0001066254697444
median_L1,00011925_072.png,11925,mixed_high_risk,0.6474307179450989,1024,1024,05ec4b5f54659fcc37c1bcbb9ddc7d1b2ad1cc56677e7b2f118ba41f845a1d24,eee9b3f3cad1f4cdced59297319526d199fbb01dfc38ba225dceb83c994b0019,4a2ef8fbb37d4fa91d010398e56a0d5d274b3e4c33ef735642a2902efd2261b5,3.2161511479998808,0,121,253,False,0.0749739408493042,0.0007538425027571,0.0
median_L1,00012021_054.png,12021,mixed_low_risk,0.6371472477912903,1024,1024,05ec4b5f54659fcc37c1bcbb9ddc7d1b2ad1cc56677e7b2f118ba41f845a1d24,52498f62358938e1d721aa9b0ee41cb832a9e91176dff6279e08e1e7e36669d2,8116e2078b0de6dd35f88d0d5a1e99660e6e8bf2b831781ffa4c12b702ff5f24,3.1592110740000408,0,925,619,False,0.1390363872051239,0.004443987051625,0.0003786193644873
median_L1,00012021_081.png,12021,mixed_low_risk,0.7114423513412476,1024,1024,05ec4b5f54659fcc37c1bcbb9ddc7d1b2ad1cc56677e7b2f118ba41f845a1d24,82f032096294778871f27a60fc20473b446e92b59d0087cf0aa87c98898158b5,ccd12b67bd856ac5d27035a3f0aafabdcea9127a13f92ea5880c3b79264e8672,3.211179642999923,0,33,715,False,0.0423948056995868,0.0,0.0
median_L1,00012364_045.png,12364,pure,0.5373739004135132,1024,1024,05ec4b5f54659fcc37c1bcbb9ddc7d1b2ad1cc56677e7b2f118ba41f845a1d24,9e26d3d28b3f4b3adab128ad3371fa341dce23eca87553d979658cb7f64263c0,c1cb872f3b5b25a5437696262b3cf3c40ae42a779b7c560b60c5cfcb17bbcba5,3.5469233639998947,0,313,930,False,0.0724007859826088,0.0,0.0
median_L1,00012376_010.png,12376,mixed_high_risk,0.646132230758667,1024,1024,05ec4b5f54659fcc37c1bcbb9ddc7d1b2ad1cc56677e7b2f118ba41f845a1d24,833b422a7db44909c07bea1a82a8722b067b25441256ab3caf258f18b1c8759a,161cb5de2656b728e0d004fe84033994e6676752de9c76fff913af1853b605c2,3.236049822000041,0,418,70,False,0.1173253133893013,0.0160220261394546,0.001594057894826
median_L1,00012505_007.png,12505,mixed_high_risk,0.6792164444923401,1024,1024,05ec4b5f54659fcc37c1bcbb9ddc7d1b2ad1cc56677e7b2f118ba41f845a1d24,81f61c32d0b2caf3c80ee4ae8492afed8d1bdea7d59cf89ab2e418cdf8d384c6,83726aaa2d383f28881e892fc5425518aa6d5e3b3b563d3beae0044f40884177,3.1581089299997984,0,130,441,False,0.0460380725562572,0.000351617440225,0.0
median_L1,00013106_000.png,13106,mixed_low_risk,0.4961561858654022,1024,1024,05ec4b5f54659fcc37c1bcbb9ddc7d1b2ad1cc56677e7b2f118ba41f845a1d24,3f6d589aadee31c874a6d89559845a9d511d5233e4d86015fb33f18026464021,74721b0d5d9d2e6a23a8477e2008aeddf1ce0405546b283a6c35ec7aa00ee02c,3.218783342000052,0,253,573,False,0.0919838473200798,1.7718715393134e-05,0.0
median_L1,00013310_057.png,13310,mixed_low_risk,0.7027689218521118,1024,1024,05ec4b5f54659fcc37c1bcbb9ddc7d1b2ad1cc56677e7b2f118ba41f845a1d24,a77027baf11715daa25ba68dc177af3a68a2d03578206e78bb6ab39d0045f68d,bbddc7704743f40b569089aa086c7b05536af7555f76c35727a4c55add89c32a,3.2418692060000467,0,180,148,False,0.4178929924964905,0.0024833257567019,0.0001551632865409
median_L1,00013391_005.png,13391,mixed_low_risk,0.5718112587928772,1024,1024,05ec4b5f54659fcc37c1bcbb9ddc7d1b2ad1cc56677e7b2f118ba41f845a1d24,fdce818985803cd8d026066a78a97c00a6ced8e1dd5cae6cbda9ad6dd94fc187,ecc05d49fbce93c860f0375f4880aaef8d36100afe6f77ed8ad6cecb445dcef3,3.363231027999973,0,596,486,False,0.1261747926473617,0.0014873827157978,3.071158748195694e-05
median_L1,00013471_029.png,13471,mixed_high_risk,0.5671740770339966,1024,1024,05ec4b5f54659fcc37c1bcbb9ddc7d1b2ad1cc56677e7b2f118ba41f845a1d24,e9b810e413dc37ea49727c45c4f879dd7a462ab5ef6f5e6f0b0c26bc3d5205b0,866d4e7d00bbf4aae2ed0dafb40700de0a3eb8543d9e3b8dae5ff178eee2c588,3.1954493060000004,0,414,651,False,0.0745477899909019,1.1584263935869514e-05,0.0
median_L1,00013670_151.png,13670,mixed_low_risk,0.5708653926849365,1024,1024,05ec4b5f54659fcc37c1bcbb9ddc7d1b2ad1cc56677e7b2f118ba41f845a1d24,fc8dcab91c30b1483494a605f080b66219847c28d0dfa6d88f288fc986d4834c,28271f713c4b52428a211e71c8d5be995d4f5155b59c627fc90a2543ba9ef7c5,3.091737986999988,0,240,893,False,0.3372818827629089,0.0064870937638734,0.0005283459108164
median_L1,00013922_021.png,13922,pure,0.5766902565956116,1024,1024,05ec4b5f54659fcc37c1bcbb9ddc7d1b2ad1cc56677e7b2f118ba41f845a1d24,4b9643f4e65577039fed7845665f9d0cfa35fcc0efc09e85be56e198c55d7e79,2e46c51ddbcba7c5442c56020724270eb8608a7c4296a39dd82ca06d97c2ad9c,3.1821644609999566,0,701,468,False,0.0830381214618682,0.0077329063630433,0.0004442470013327
median_L1,00013922_022.png,13922,pure,0.5736880898475647,1024,1024,05ec4b5f54659fcc37c1bcbb9ddc7d1b2ad1cc56677e7b2f118ba41f845a1d24,2e32e1f05d35134cb247c4b54ee9060f9e5fc6e345973a66b60e3fd7bc97e727,7e0836f2e3a51466d4e410ffdd6216de3f7ad493b2adcbb227279e584c3226e2,3.414426284000001,0,25,11,False,0.0842338502407074,0.0104209403462706,0.0012647700890536
median_L1,00013993_083.png,13993,mixed_high_risk,0.7379403710365295,1024,1024,05ec4b5f54659fcc37c1bcbb9ddc7d1b2ad1cc56677e7b2f118ba41f845a1d24,ce7b5b8029e2307a6ab768133b92bb4d04dbd0bf742d8a522595b6914d43ca1a,156c3bf136eef0b257b93c9895aff78edf9519a374fdc4cd731f460bd476d744,3.260326503999977,1,697,354,False,0.1104069203138351,0.0032378196309122,0.0004568460789381
median_L1,00014203_018.png,14203,mixed_high_risk,0.6622958183288574,1024,1024,05ec4b5f54659fcc37c1bcbb9ddc7d1b2ad1cc56677e7b2f118ba41f845a1d24,83f073da8f7f759e91dd289758590f11a44d46f15384fe4690c277883697e760,14aa261e09c680c03047da005f0417b133f45d5d6bd279f61a6a2c603f97437a,3.109599227999979,0,907,340,False,0.0452637895941734,0.0003436426116838,0.0
median_L1,00014251_029.png,14251,pure,0.5149779319763184,1024,1024,05ec4b5f54659fcc37c1bcbb9ddc7d1b2ad1cc56677e7b2f118ba41f845a1d24,c1e2c7cb15b84ea39bfc10eea5554f93dfdaf67ea8c0a7114dd9c81ba10924b8,0daf6e1066a92dfdfc020c40f8c7b7dffa244ec375c6b02cddb0719d99e6c945,3.109735222999916,0,52,404,False,0.4824221432209015,0.0046937157699693,0.0002776409691842
median_L1,00014617_003.png,14617,pure,0.4560559391975403,1024,1024,05ec4b5f54659fcc37c1bcbb9ddc7d1b2ad1cc56677e7b2f118ba41f845a1d24,a21be0d44e35b19d5740a16a7b9b794d1042e95b408a9de5eb486e429a4d9ee9,3bda70ea4e1c0523fd5e8aeec1755de1b29dc96f9721ceb64d5f94d0f362cff1,3.44472447499993,1,491,637,False,0.0743029788136482,0.0188006390505534,0.0023226674001405
median_L1,00014738_000.png,14738,mixed_high_risk,0.6421141028404236,1024,1024,05ec4b5f54659fcc37c1bcbb9ddc7d1b2ad1cc56677e7b2f118ba41f845a1d24,c7495ba56ed6c7fad9864934f571eeab3d1753ad7ac0b7957e1b3b2ed797aaa4,8b829b03e5cac9cc68d767894e7b1da81a7c5e74cd525e19a622ce936944b633,3.175123470000017,0,413,623,False,0.1402906030416488,0.0079698847084889,0.0008057933401703
median_L1,00015069_001.png,15069,mixed_low_risk,0.6315414309501648,1024,1024,05ec4b5f54659fcc37c1bcbb9ddc7d1b2ad1cc56677e7b2f118ba41f845a1d24,dd54378c6ddfb789f66ed1ca6b7ab6120343f65f1ca2194f72b972550279e6cd,57eee60d3fbf9283ee8a3cca0167f3e71bb4dc8acccf3e186e99d50bdcb5766a,3.1089999420000822,0,985,436,False,0.3706535696983337,0.0020211307451253,0.000101008170742
median_L1,00015732_020.png,15732,mixed_low_risk,0.6068858504295349,1024,1024,05ec4b5f54659fcc37c1bcbb9ddc7d1b2ad1cc56677e7b2f118ba41f845a1d24,c70116a9606fa8fbed2106c68743f01d3e09107338ca660d173149bf29991f3a,f3676744bbf278d1b5224812d8ca4d4e45e8ba478ab6db731faffd54c4008734,3.157441413000015,0,125,802,False,0.0622848570346832,0.0058226374015847,0.0001322156702012
median_L1,00015831_011.png,15831,mixed_high_risk,0.4023002982139587,1024,1024,05ec4b5f54659fcc37c1bcbb9ddc7d1b2ad1cc56677e7b2f118ba41f845a1d24,cf7683b6fa6e571fc933bb99ffa29e1846c81b84a90f24b3a00046f83b17ee28,df7e697f601a3df013d2d5d1ed79c79221429a605b7fb030729e73ac420bbe88,3.390138938000064,0,578,386,False,0.0965920388698577,0.0010505634840505,1.381902603504505e-05
median_L1,00016094_007.png,16094,mixed_low_risk,0.3171036839485168,1024,1024,05ec4b5f54659fcc37c1bcbb9ddc7d1b2ad1cc56677e7b2f118ba41f845a1d24,fb8d67f87be1f1cfa9a40f72ad8dd8cac8cd951a62e99fe31c334494e9941c13,f249777e9d96e87abc8bc8609e6f513c40a27c81a56deeebcb4c63763cf80833,3.238102372999947,0,711,610,False,0.024793304502964,0.0022350114544337,0.0
median_L1,00016191_004.png,16191,mixed_high_risk,0.5265766382217407,1024,1024,05ec4b5f54659fcc37c1bcbb9ddc7d1b2ad1cc56677e7b2f118ba41f845a1d24,17dcaff83588c298a824845a904429722a4c55f36593d8c02e01496eaff6fb18,c8c42ede7fdd58ce20be491e30ecec88d75c9b90822b4ee421a8ce60bfa872c9,3.2228030209998906,0,687,688,False,0.0462961308658123,0.0025654464704421,0.0004402183483007
median_L1,00016417_008.png,16417,mixed_high_risk,0.4618311524391174,1024,1024,05ec4b5f54659fcc37c1bcbb9ddc7d1b2ad1cc56677e7b2f118ba41f845a1d24,1ed054dfd375d56466b41768a0e902c87789ca39e5b723fa9b0dbca575e2cd56,76fbe157b5842961aeb9f3409df77b9e4706cc7ed723979dce73e20d593f2052,3.188171114999932,0,523,592,False,0.0438669137656688,0.0,0.0
median_L1,00016705_006.png,16705,mixed_low_risk,0.6104426980018616,1024,1024,05ec4b5f54659fcc37c1bcbb9ddc7d1b2ad1cc56677e7b2f118ba41f845a1d24,1726f677eaaf374ca5be5b3e47d61f15ccd4d5bcdd0689984c6cb25beb953d7a,ecab6f4a9a16df34aaa0a844a22b4cfb15459da9fd98049349908cb27b9a57fa,3.4121398209999825,0,541,491,False,0.0386012680828571,0.0032605013550135,0.0003475540881049
median_L1,00016732_040.png,16732,mixed_high_risk,0.6453967690467834,1024,1024,05ec4b5f54659fcc37c1bcbb9ddc7d1b2ad1cc56677e7b2f118ba41f845a1d24,cced009640c5a1b9c1225aa6cc4391fc2e0a2ee5ded6314539749f414ee647e3,6e00efb8e3140ae4e4b135fa44ef2ce51e4a1448e01da77414b632ddd9c5fd3f,3.270055023000168,0,381,15,False,0.0577034130692482,0.0201917315757938,0.001577287066246
median_L1,00016786_001.png,16786,mixed_low_risk,0.6004942655563354,1024,1024,05ec4b5f54659fcc37c1bcbb9ddc7d1b2ad1cc56677e7b2f118ba41f845a1d24,798d0004e7f0e24c6c704b695b82a08512444803dfe9a47db8e4f55b54951355,110523a8e67361ef1f23c282825c051a46bb98ebb118e76d910be34e8b34be7f,3.176517682999929,0,189,1022,False,0.1304219216108322,0.0011539963782267,5.408426328219366e-05
median_L1,00016786_009.png,16786,mixed_low_risk,0.5611408948898315,1024,1024,05ec4b5f54659fcc37c1bcbb9ddc7d1b2ad1cc56677e7b2f118ba41f845a1d24,1e590a250fd144da3efa200aaaab1ca67287b14a33343391c8852665e603daa2,cc7c816f00fdd975a4f135608be2f76dafeaa2eb73a9cbf8916a4c0e3f1143de,3.227630784999974,0,262,230,False,0.0782052502036094,0.0015594485090506,0.0
median_L1,00017083_002.png,17083,mixed_high_risk,0.5209178328514099,1024,1024,05ec4b5f54659fcc37c1bcbb9ddc7d1b2ad1cc56677e7b2f118ba41f845a1d24,59a967193e39b697d15b4064ac308b6026da146820a8f43e80918c6b4cde8033,0166683cecb7d5d8adf146bf238adde6bd50e17f7cf2d65897290dd8ffb117ae,3.221714052999914,0,66,875,False,0.0556450374424457,0.00015843914805,0.0
median_L1,00017138_037.png,17138,mixed_high_risk,0.6100042462348938,1024,1024,05ec4b5f54659fcc37c1bcbb9ddc7d1b2ad1cc56677e7b2f118ba41f845a1d24,84357a600f8e3f772d5ec8d89340401b6424ea13e8946b0ecd461bf55f293eac,55ceb2fa92d4f27cbe60b30d44b3bd01c120bf6eae64702fa4be995d0d927c91,3.39485080999998,1,289,802,False,0.1092817112803459,0.0028586904188733,0.0008303689503521
median_L1,00017544_003.png,17544,mixed_low_risk,0.5656107068061829,1024,1024,05ec4b5f54659fcc37c1bcbb9ddc7d1b2ad1cc56677e7b2f118ba41f845a1d24,2a3ee5fbd861980c124d619afcee360ca202598e333af5334d5a87fafd440e09,f097e6747e2d12abf4393e8061cba79dad903239f71324ef85f07a0fd64dd6f9,3.1353597600000285,0,285,674,False,0.1640543937683105,0.0054961729102741,0.0003567376633098
median_L1,00017714_009.png,17714,pure,0.5608114004135132,1024,1024,05ec4b5f54659fcc37c1bcbb9ddc7d1b2ad1cc56677e7b2f118ba41f845a1d24,d692422a4fb15d7e269dd6626a212e42f8be9f51757abe91a148fc9de569aed1,dbdbc6d4f901747994fc8db1d0e2a588df37e810254a03add3630a40e6da707a,3.108297038000046,0,372,646,False,0.0321535542607307,0.0007201646090534,0.0
median_L1,00017972_032.png,17972,mixed_low_risk,0.672404944896698,1024,1024,05ec4b5f54659fcc37c1bcbb9ddc7d1b2ad1cc56677e7b2f118ba41f845a1d24,6630a9d41cc16812871991d460571b61457429c0a235ab44ba326d207a7c47a6,06c0221632e7edc2ceedb07000e1732bbd160ae77193c03d9568d46fb173f245,3.130468196000038,0,893,655,False,0.0838876888155937,8.240022705840345e-05,0.0
median_L1,00017981_014.png,17981,pure,0.5269812345504761,1024,1024,05ec4b5f54659fcc37c1bcbb9ddc7d1b2ad1cc56677e7b2f118ba41f845a1d24,34ad86296187017e0ec35ccfd4ae688706db5211343799f60f98ab7e606e2beb,c11135e941dd3cd4a1156964318f3fbe5bbce09da57c9eb6406e0df06ff46099,3.556739366999864,0,290,619,False,0.025804404169321,0.0009977194982896,0.0
median_L1,00018253_054.png,18253,mixed_high_risk,0.6388334631919861,1024,1024,05ec4b5f54659fcc37c1bcbb9ddc7d1b2ad1cc56677e7b2f118ba41f845a1d24,0f8cc1e54d36b9354a895ebb6c909c789ae9da672e862df6c3167770ea8ad05e,cd275d9e504b8e6471ae3886dc5139cd57cdbaf1d10b10e01e9692f07fc6ae58,3.2272936230001505,0,774,760,False,0.0412318855524063,9.870693909781858e-05,0.0
median_L1,00018253_059.png,18253,mixed_high_risk,0.6199080944061279,1024,1024,05ec4b5f54659fcc37c1bcbb9ddc7d1b2ad1cc56677e7b2f118ba41f845a1d24,55a1a80cfb7ca8db69c613bed9a998a4de93bc538d6f054392c9f997d1c3308f,3354b6df87bb8a6d75db5ab01cdd1bd18e25e9eb05d294baea3855e76c1d512e,3.194122363000133,0,925,605,False,0.0741815641522407,0.0026594958777813,7.800433704113948e-05
median_L1,00018393_000.png,18393,mixed_low_risk,0.260455310344696,1024,1024,05ec4b5f54659fcc37c1bcbb9ddc7d1b2ad1cc56677e7b2f118ba41f845a1d24,41c0b2fa51c69701a75a8c3a5801fb1e2b0e63a70cadf370a62539087257f135,04d135c92734a50fb6da79cbc5e977de34d3f308652f202bfc4efee1492ff828,3.139053517000093,0,345,633,False,0.0442682728171348,2.792282132186636e-05,0.0
median_L1,00018721_010.png,18721,pure,0.2085586637258529,1024,1024,05ec4b5f54659fcc37c1bcbb9ddc7d1b2ad1cc56677e7b2f118ba41f845a1d24,1b1bf4d7d0a555fa998657b10ec4956e8a31dc82749831acf3b8c6f41d0176d0,ba83e7b332a7ea7f3be1a1f75e42b4b4a0dc7e0268d85be16c67f615980d49f9,3.394490835999932,1,309,596,False,0.1667127013206482,0.0099347311268988,0.0009640412609659
median_L1,00018921_038.png,18921,mixed_low_risk,0.6126209497451782,1024,1024,05ec4b5f54659fcc37c1bcbb9ddc7d1b2ad1cc56677e7b2f118ba41f845a1d24,a357eb4ba83b1d48435ac52b02d5d1e8e2fecc4b9aa1fad686eabb364d1fc213,9719299e5b04ab5dd1c8493019ce256f6de4fa7d9669038bb3f9ea5dae486338,3.223416040000074,0,166,523,False,0.1041708067059516,0.0016707087038534,0.0002062504749188
median_L1,00019018_007.png,19018,mixed_high_risk,0.6091798543930054,1024,1024,05ec4b5f54659fcc37c1bcbb9ddc7d1b2ad1cc56677e7b2f118ba41f845a1d24,29942df0ce7bf7ec043596dc28924fdff7312cc506284ff269617012e0f27a64,a884b0cd70e99f74eff4544a4b154de129df7dadc64cd9230673f5b0c34cd6b7,3.12984416900008,0,920,509,False,0.3267361521720886,0.0045617804851759,0.0007971275439031
median_L1,00019150_002.png,19150,mixed_low_risk,0.5645476579666138,1024,1024,05ec4b5f54659fcc37c1bcbb9ddc7d1b2ad1cc56677e7b2f118ba41f845a1d24,1998f5a5b5c0b550e583649c501d4deef71bd76eddba80d843da6f5df0651867,bc9992fb7df15654f1db3044476e3e56d41a81cbc8689c1efde8b248677110ba,3.115356999000141,0,473,674,False,0.093886062502861,0.0,0.0
median_L1,00019363_043.png,19363,pure,0.5233502388000488,1024,1024,05ec4b5f54659fcc37c1bcbb9ddc7d1b2ad1cc56677e7b2f118ba41f845a1d24,4f4c6210c3d26e301e31e12a17f9d3a04a51a582a910943427d439ac661dbe6c,89b160aae7651e8da1fb7195b24aba1d1535c8a24507fdfdca4c75e27f845346,3.378335736999816,0,834,1016,False,0.0751288011670112,0.0116685345111741,0.0016233766233766
median_L1,00019625_002.png,19625,mixed_high_risk,0.554013729095459,1024,1024,05ec4b5f54659fcc37c1bcbb9ddc7d1b2ad1cc56677e7b2f118ba41f845a1d24,cd74408dd1aa8f9ee57d078bbdf4ebcabf021adf5e5cc8b761c480cf5223d03b,c839afd21ae48b11e4c9c1d8d0a78ad7b8b224c00ded710c4ff82b574d33d288,3.163354713999979,0,948,431,False,0.3229064345359802,0.0046545540244953,0.0002370888453402
median_L1,00019634_004.png,19634,mixed_low_risk,0.5410206317901611,1024,1024,05ec4b5f54659fcc37c1bcbb9ddc7d1b2ad1cc56677e7b2f118ba41f845a1d24,1804388352e7a70b61d843e24099bdc3164efc582b8e640d119e6fd747b6b1e8,a49765a7b31b83cf50cdc5aaf686afd28a00edfd8208aae86c2d33c65bb55f14,3.121035511999935,0,454,427,False,0.0486707128584384,0.0007981235951395,0.0
median_L1,00019646_006.png,19646,mixed_high_risk,0.6326479315757751,1024,1024,05ec4b5f54659fcc37c1bcbb9ddc7d1b2ad1cc56677e7b2f118ba41f845a1d24,c153afe643392729b832d55c9cbb35649954d5c933838aeb80e0bb7ec76dabb2,2b5a588f10e227cf0097b007a1b0db3c3644842ad5fac8ad033a93d5552cfc3b,3.125911336999934,0,724,518,False,0.0473699942231178,0.0,0.0
median_L1,00019706_012.png,19706,mixed_high_risk,0.5949154496192932,1024,1024,05ec4b5f54659fcc37c1bcbb9ddc7d1b2ad1cc56677e7b2f118ba41f845a1d24,b74910b0da1ce1b13939cf29852886c30f5551028a08a3828c24bcc554d75adf,d06329f03a15a3bbf62cdcbc230042d2191b5f17e37c22102fb037d1a1558cde,3.3845108719999644,0,765,509,False,0.0300632938742637,0.000705965407695,0.0
median_L1,00019750_012.png,19750,mixed_high_risk,0.5637097358703613,1024,1024,05ec4b5f54659fcc37c1bcbb9ddc7d1b2ad1cc56677e7b2f118ba41f845a1d24,f340883bb802ef4abb24a86d69ff6c7515ef649d6c5e7fec83dce0296711927a,2eb4e18829dd2ea09c1b77fce95910896dc92a551a69fe93c8dc50137a5b1988,3.3538080309999714,0,747,674,False,0.3111574351787567,0.0079069533382817,0.0006556118777683
median_L1,00019750_029.png,19750,mixed_high_risk,0.6051456928253174,1024,1024,05ec4b5f54659fcc37c1bcbb9ddc7d1b2ad1cc56677e7b2f118ba41f845a1d24,8fa27e3c3a136cde26eb09790292b9352517800aac2f4a6d752c6145a2db502e,5c1d1f5867b868544f765a10aca7f4f5c72d9f702978aa7f85e3b0cef68f7965,3.101908782999999,0,345,637,False,0.0534495338797569,0.0043356034209692,0.0006775211196036
median_L1,00019769_014.png,19769,mixed_low_risk,0.4955457150936126,1024,1024,05ec4b5f54659fcc37c1bcbb9ddc7d1b2ad1cc56677e7b2f118ba41f845a1d24,9dc01a209b9919e42fa1a4d93f1e8c6214db499837d06226306fe6611c9de1c7,81396f04285ef10ffec444023a6d8c450e813cb32ad47451f21c433bb0ec9943,3.1337728089999928,0,413,670,False,0.0371558517217636,0.0,0.0
median_L1,00020113_030.png,20113,mixed_high_risk,0.5542663335800171,1024,1024,05ec4b5f54659fcc37c1bcbb9ddc7d1b2ad1cc56677e7b2f118ba41f845a1d24,e99ae3d32c63bcb67dbe32c7c0b73cd1178ff71880502ee2e4ad757a2b1ef6f0,23a603eb3779cc901d656684fd4ff2ee59f7e3e04ee077b29e743907a6237808,3.265249496000024,0,249,569,False,0.021686241030693,5.63570784490532e-05,0.0
median_L1,00020184_013.png,20184,mixed_high_risk,0.7007445693016052,1024,1024,05ec4b5f54659fcc37c1bcbb9ddc7d1b2ad1cc56677e7b2f118ba41f845a1d24,7202a2f3ee3780694e55f8ea122780456f95227db8a39374690b47c68d286889,b7bf722bc6c3f8e069cad52e135614afd731c373828c11db8044bffa1437ea27,3.421392372000128,0,729,642,False,0.1025411114096641,0.0106416535236988,0.001542152159013
median_L1,00020259_002.png,20259,mixed_low_risk,0.5062189102172852,1024,1024,05ec4b5f54659fcc37c1bcbb9ddc7d1b2ad1cc56677e7b2f118ba41f845a1d24,e15d6fc23bfb301e8248be9e053ce148de865d499684bad6a63da08de0f5024e,dd70eefa4113da7d88b1b8b5722f08943247f1f9c321bbdeca085951d9736a9f,3.1442647970000053,0,674,79,False,0.0834618359804153,0.0060324825986078,3.98628717212788e-05
median_L1,00020405_041.png,20405,mixed_high_risk,0.5241178870201111,1024,1024,05ec4b5f54659fcc37c1bcbb9ddc7d1b2ad1cc56677e7b2f118ba41f845a1d24,39cb2c2825623dedc9e641371772f3f87dee64c447a01159b25e581d869f72d3,7df389c52f08e173858cf64ba3662245c93be3543a55c516b6ee75c3acbb8fbd,3.3028732519999267,0,418,454,False,0.139823168516159,0.0004934129372872,5.951908578684232e-05
median_L1,00020482_011.png,20482,mixed_low_risk,0.4714083075523376,1024,1024,05ec4b5f54659fcc37c1bcbb9ddc7d1b2ad1cc56677e7b2f118ba41f845a1d24,46dffa9cdefb26104f4a198e7b75b2c74372337f4096078451598c5f13347d4f,963ee61332f7c339da05113534020799b00bac9fcf3068233ceb0eb49c241311,3.1121865850000177,0,294,683,False,0.0871788263320922,0.0046716377683945,0.000327052709995
median_L1,00020482_032.png,20482,mixed_high_risk,0.5863341093063354,1024,1024,05ec4b5f54659fcc37c1bcbb9ddc7d1b2ad1cc56677e7b2f118ba41f845a1d24,56580c3cb1959c476ecc9682c6aa061416350389775ee4c5312640cf3159f11e,cf8216ecd56307f34e35065e721eed884136cbe117aee688baa94ef4bd8b1f11,3.4167178919999515,0,11,1022,False,0.0622892640531063,0.0,0.0
median_L1,00021009_001.png,21009,mixed_high_risk,0.5972306728363037,1024,1024,05ec4b5f54659fcc37c1bcbb9ddc7d1b2ad1cc56677e7b2f118ba41f845a1d24,8fe4a7a32c5480c9f5dab6039143b960e6c7ce6dfa7c968706f94a13a266de29,4f69672b3dd9b86f22e271c7476f0d65cee83fd3dd1b68a5a8528dde5a267228,3.252263030999984,0,925,578,False,0.3114475309848785,0.0021254286281066,0.0001257168000502
median_L1,00021201_010.png,21201,mixed_high_risk,0.5553377866744995,1024,1024,05ec4b5f54659fcc37c1bcbb9ddc7d1b2ad1cc56677e7b2f118ba41f845a1d24,18391e08d1bf98ef4ab5c80410b5aa231577f546ec61101235a2750afd7a05e9,a68241d64e6154cee60fa846433947ba9cae9e568608c92e7a150ce2026e39af,3.1405789920002007,0,285,852,False,0.0814936459064483,0.0004757470240505,0.0
median_L1,00021703_001.png,21703,mixed_high_risk,0.5603172183036804,1024,1024,05ec4b5f54659fcc37c1bcbb9ddc7d1b2ad1cc56677e7b2f118ba41f845a1d24,3fd813476e2407b6c08c5a008ba2f47a7a811b14f7d61fbf99e8197322e3c291,01c5e5369bd8b739c5678cf2cb1d17ae502f94faeb8431c46207f5da26d29e06,3.1886438070000622,0,815,231,False,0.0104281576350331,0.000280662363177,0.0
median_L1,00021710_003.png,21710,pure,0.593113124370575,1024,1024,05ec4b5f54659fcc37c1bcbb9ddc7d1b2ad1cc56677e7b2f118ba41f845a1d24,aa3dd0b2dab8bd7544533020399f23e913d3e7cc1c671b9412e2c3062f6d3d61,49f319a92f1eaf7b00e8982ea52f242fbfe78ac9aa570e12d7fdbb74b038d2de,3.4269739540000046,0,322,687,False,0.0460399128496646,0.0032556008392215,0.0003621688741721
median_L1,00021840_016.png,21840,mixed_high_risk,0.4868519008159637,1024,1024,05ec4b5f54659fcc37c1bcbb9ddc7d1b2ad1cc56677e7b2f118ba41f845a1d24,369c5228ac033cf58df96bab9afcc5c3ca63f55ccba2d64c737bdcefe825ca9b,c227bd7a1f7a11b497aa17849e7ce36cd629fd5272ef4d28c6b0000a09a5ea20,3.208265906999941,1,299,619,False,0.0724055618047714,0.0111309403344801,0.0015614935685983
median_L1,00021926_007.png,21926,pure,0.6564977169036865,1024,1024,05ec4b5f54659fcc37c1bcbb9ddc7d1b2ad1cc56677e7b2f118ba41f845a1d24,a5d90bbb15cf5a161fea592cd4aee205f2e559e4fa09d551cce5787fe3c5e01f,89b07326747bcffd321764efd4d72c509410cbdfcddcc81bb0677c9aa351eedb,3.1241610000001856,0,614,692,False,0.0129542388021945,0.0,0.0
median_L1,00022369_013.png,22369,mixed_high_risk,0.5129483342170715,1024,1024,05ec4b5f54659fcc37c1bcbb9ddc7d1b2ad1cc56677e7b2f118ba41f845a1d24,2e1bfd1fce3efcdbfa6365722c7bfd550ed1969aaed289985de0700aeee006e1,463fc78194b141f8d7a8f8034de0488c19be0376c8ee32ca41befb8bdf373247,3.1334167620000244,0,875,235,False,0.1083404794335365,3.592179824522016e-05,0.0
median_L1,00022416_048.png,22416,mixed_high_risk,0.5029323697090149,1024,1024,05ec4b5f54659fcc37c1bcbb9ddc7d1b2ad1cc56677e7b2f118ba41f845a1d24,935d2c5fb2ed4d76e89929af5c82aa2aaae04de5d3981b9d6e213fde38656138,313a0314bdc2063d4a4aa3e4408cde374155a57266b18673e3e350a243daf70c,3.3437250269998917,0,921,377,False,0.3250200152397156,0.0033532515993409,0.0003801600327522
median_L1,00022470_006.png,22470,mixed_low_risk,0.5340657830238342,1024,1024,05ec4b5f54659fcc37c1bcbb9ddc7d1b2ad1cc56677e7b2f118ba41f845a1d24,dc018bdf172b2faab3148dbbf3a2be92f128e722ffe840b422099dbd1542950d,f9a53c59e4dd576e8e6c8b9c0900ce472c7766b4fe52835419fbe878a039ab16,3.28608601499991,0,235,889,False,0.5272684693336487,0.0058054996761616,0.0004259319412386
median_L1,00022727_000.png,22727,mixed_low_risk,0.5572692155838013,1024,1024,05ec4b5f54659fcc37c1bcbb9ddc7d1b2ad1cc56677e7b2f118ba41f845a1d24,1af2f47c11e8755518213572676682f85ab5a887c0f61ac9b24cb0e08bc390a8,afbd78789863a0958c6e9d4e8341966273d4247e6021457e3932b0192d0772a3,3.173064247999946,1,491,376,False,0.3129274845123291,0.0044633912100212,0.000600408833298
median_L1,00022899_014.png,22899,mixed_high_risk,0.6049631237983704,1024,1024,05ec4b5f54659fcc37c1bcbb9ddc7d1b2ad1cc56677e7b2f118ba41f845a1d24,b77cc2783b3fc6c752b4503eb90d34866526ca93c170c82fba0d3bed3124aa0b,115da2c1f1575a767fe586668e3648176d508535681558889cfe7401d2ae4346,3.1819782079999186,0,724,843,False,0.0599405951797962,0.0,0.0
median_L1,00023026_008.png,23026,mixed_low_risk,0.4487982392311096,1024,1024,05ec4b5f54659fcc37c1bcbb9ddc7d1b2ad1cc56677e7b2f118ba41f845a1d24,d283dda07ec289cc31417e7d0b05b31a98d324f4268506c810efff9ee327ba3b,8078ae00786b942ec50cf7bea76c8599ea94b1304bd0234796a538b4d386951f,3.476735119000068,1,436,820,False,0.5234848260879517,0.0075002557707165,0.0009279841925126
median_L1,00025521_003.png,25521,mixed_high_risk,0.6631323099136353,1024,1024,05ec4b5f54659fcc37c1bcbb9ddc7d1b2ad1cc56677e7b2f118ba41f845a1d24,844e8eba07bdc586d31e2e22de94e46fef05490cf7b4c61f5bd7040cc9ad248f,622c6886004950665d98b34a18afeb2677848b13a7aefac0be3def2a2c413e5f,3.266936772000008,0,742,889,False,0.0454616993665695,0.002196112880202,0.0002265582962816
median_L1,00025787_027.png,25787,mixed_high_risk,0.6665740013122559,1024,1024,05ec4b5f54659fcc37c1bcbb9ddc7d1b2ad1cc56677e7b2f118ba41f845a1d24,1ca83b7f00fec37d61ecf1502d20726218283850ecafbfb3a1a97dc437da4e54,a02b4b47c378caf5ebf931035bfca6c33233aec446f8311c9acc8308bb622afe,3.1607460410000385,0,199,1017,False,0.1010098084807396,0.0009065379120067,9.948170034122225e-06
median_L1,00026098_003.png,26098,mixed_high_risk,0.6798797845840454,1024,1024,05ec4b5f54659fcc37c1bcbb9ddc7d1b2ad1cc56677e7b2f118ba41f845a1d24,2cb3bc27f5b8e2df66cb7479197cc98143c6cd4b304108cdf51648ee063cec5b,936aa623c6b1aebebaa0644623a358c47d3f24f081d1efdc77ae4a42d32be9ff,3.1771947919999093,0,628,107,False,0.043246641755104,0.0003672065246801,0.0
median_L1,00026194_010.png,26194,mixed_high_risk,0.6105598211288452,1024,1024,05ec4b5f54659fcc37c1bcbb9ddc7d1b2ad1cc56677e7b2f118ba41f845a1d24,29e9d557cfefa215215b29617899a16ff20bb71dbf7a1ef90dc709432fe6de4f,b9ddbf0fc1e1b26c3ff0bbd7be0c4ee19811e1958c654e9ca2b881243281813e,3.224221523000097,0,834,834,False,0.0092331198975443,0.0,0.0
median_L1,00026538_012.png,26538,pure,0.6023083329200745,1024,1024,05ec4b5f54659fcc37c1bcbb9ddc7d1b2ad1cc56677e7b2f118ba41f845a1d24,ab24853e6dd6e34f6e9d780b39ebaf0714fdc7ea30984547dcfdf16aaaed2fd7,8b79f8eb8df9267a840127fbb479cff6b4339e54c308d81c68a2d472f71c65ad,3.484480672000018,0,89,619,False,0.0587697029113769,0.0084726298328442,0.0005450779461462
median_L1,00026538_034.png,26538,mixed_high_risk,0.6097897887229919,1024,1024,05ec4b5f54659fcc37c1bcbb9ddc7d1b2ad1cc56677e7b2f118ba41f845a1d24,ed861363f3c9787de59eac689fdee4425845b7d9c389779f95cfb2ad3e545c7f,8c383ee47f5d328087b202f6a222a41636434097f3cc654c13820f276c87c77c,3.144679177000171,1,568,569,False,0.0454027280211448,0.0061093247588424,0.0013453867396794
median_L1,00026865_003.png,26865,pure,0.5198098421096802,1024,1024,05ec4b5f54659fcc37c1bcbb9ddc7d1b2ad1cc56677e7b2f118ba41f845a1d24,bfc782ca7e4b4d19d88913be50e7cf826edeac9ed92c52af175e76f684fa3b87,4092fdd9ffc4d5470c7e3529f684aa0fa3abe677bd007dce2994ec2d537c77c3,3.1520244030000413,0,953,729,False,0.0450290292501449,0.0115379673647693,0.0007130336611307
median_L1,00026911_000.png,26911,mixed_high_risk,0.5923206210136414,1024,1024,05ec4b5f54659fcc37c1bcbb9ddc7d1b2ad1cc56677e7b2f118ba41f845a1d24,a0506ae536c27d00421ccf1c17ba3619bbb2620d9485f2b49683e3a5347c1c3b,b6d1254f06923249a2c31d89c69dc81dd7dc05d291223eb94258b925a40bb645,3.192738696000106,0,912,523,False,0.1217770799994468,0.0020842207752692,0.0001071007818357
median_L1,00027113_002.png,27113,mixed_low_risk,0.575602114200592,1024,1024,05ec4b5f54659fcc37c1bcbb9ddc7d1b2ad1cc56677e7b2f118ba41f845a1d24,358a3fd91e93cf45e3d0b917e5d02ced75c7816e51695301ff83553a27f5e1bd,1a03785630bba1be5290d0036e54c2530185b1edb01ea6bedb60e12815bf3f0c,3.4427092920000177,0,180,619,False,0.1083141341805458,0.0008816769694087,0.0001495483639408
median_L1,00027357_014.png,27357,mixed_high_risk,0.6576769351959229,1024,1024,05ec4b5f54659fcc37c1bcbb9ddc7d1b2ad1cc56677e7b2f118ba41f845a1d24,c427815704e5ec458ac1c5315c0ac002b01426032ac1cecc003b5590bed47376,ea9d7be0590cfddbcb965086dbf8f1f33aede6d706145190afa0b524eb1cf50b,3.2453156579999813,0,834,999,False,0.0335577800869941,0.0005035753852351,0.0
median_L1,00027441_002.png,27441,mixed_high_risk,0.5715678930282593,1024,1024,05ec4b5f54659fcc37c1bcbb9ddc7d1b2ad1cc56677e7b2f118ba41f845a1d24,d331538aac3b322c45bca49f2bb5f9615d6c5a1528672be193a046427956e78e,7e6397cb273b7560484c6934734efec595d7c0c286198685a6b726972ba25398,3.136087466999925,0,697,340,False,0.0769021064043045,3.695013579174904e-05,0.0
median_L1,00027479_013.png,27479,mixed_high_risk,0.649007260799408,1024,1024,05ec4b5f54659fcc37c1bcbb9ddc7d1b2ad1cc56677e7b2f118ba41f845a1d24,0c0bab7375d9b359f4e4b56e5ad1bc84732beca78b45cb702c9eb25d77348f18,12d38989ec15be11aa6ce50fa7f6c57171c51c0ba25f9615e632af5d11db3113,3.1163471630000004,0,11,527,False,0.3174695968627929,0.0073472825218893,0.0005405597008312
median_L1,00027927_008.png,27927,mixed_low_risk,0.4834399819374084,1024,1024,05ec4b5f54659fcc37c1bcbb9ddc7d1b2ad1cc56677e7b2f118ba41f845a1d24,f654470b065f79238ffefc328856282d860cc5beba69e05239e31b9b92b0bde2,18fdc95ce0de45f12c15586b3981ca7a070eb8163d5097d6e03824235a7086d1,3.513012939999953,0,217,674,False,0.0315972007811069,0.0001073698677203,0.0
median_L1,00028208_005.png,28208,mixed_low_risk,0.5742234587669373,1024,1024,05ec4b5f54659fcc37c1bcbb9ddc7d1b2ad1cc56677e7b2f118ba41f845a1d24,9e215dfb80d5b72c77b9681a5a35409d00801db72bbc7e62710c00d5257d10a6,8a6d9608106e8628e75d670c4e8872f048374b1af734dfe9bc70c438f16543dd,3.226869461999968,0,121,578,False,0.3222435116767883,0.0029402790491248,0.000226497409218
median_L1,00028285_014.png,28285,mixed_high_risk,0.6105393171310425,1024,1024,05ec4b5f54659fcc37c1bcbb9ddc7d1b2ad1cc56677e7b2f118ba41f845a1d24,dc652a1cf25cdcc67c55dbcb3dc72c18579f3763406781f6b0294ec1e3bfd9d8,ff38ce4fe62498878e73025a53b866de504737a8a72e0599d184ce14bdff1494,3.118449604000034,0,454,528,False,0.0785510540008544,0.0,0.0
median_L1,00028383_002.png,28383,mixed_high_risk,0.5195347666740417,1024,1024,05ec4b5f54659fcc37c1bcbb9ddc7d1b2ad1cc56677e7b2f118ba41f845a1d24,226d8a009361555d092519984dd4c1fc8485d06afdb30e0c1eba97f446886d19,925884b55b2d3db881ac0bf64ef189b71efc5727411c566b1c6b9f766dec5fe7,3.099898960000018,0,395,852,False,0.1472044289112091,0.0004599749888599,2.905055522873681e-05
median_L1,00028518_012.png,28518,mixed_high_risk,0.6926716566085815,1024,1024,05ec4b5f54659fcc37c1bcbb9ddc7d1b2ad1cc56677e7b2f118ba41f845a1d24,385ddf7260dd10db5c05dac40cde889b05338d740043957071575ed847dbd10d,25c54659d5ce96d1db84a34c91093db9232501a6e05e6b86beff145463e5f894,3.452619326000104,0,102,491,False,0.2269810736179351,0.0023764061267693,3.142908028034739e-05
median_L1,00028640_003.png,28640,mixed_high_risk,0.6425778269767761,1024,1024,05ec4b5f54659fcc37c1bcbb9ddc7d1b2ad1cc56677e7b2f118ba41f845a1d24,7775c0d6cc716252889625dc69acf55a296a14ee8dc7cc63da9b14cd866624db,f56f1bd66a73e6e825e61df4f61f67a472a57b6bfc9935d62bea941a7b773be7,3.1646782580000945,0,514,857,False,0.0374922417104244,0.0018227316259383,0.0
median_L1,00028640_008.png,28640,mixed_high_risk,0.6487252116203308,1024,1024,05ec4b5f54659fcc37c1bcbb9ddc7d1b2ad1cc56677e7b2f118ba41f845a1d24,b26c01396b4d0c3c6bbf93d8ce15f85e5a8fe4d3669ca546b6ea75f4d40eddda,0d2f3b22e1337cfbb99838369958f9ae6520f595dca7ca0355dc89624a5f30e9,3.180211668000084,0,491,783,False,0.0270572584122419,0.0,0.0
median_L1,00029039_020.png,29039,mixed_low_risk,0.53251713514328,1024,1024,05ec4b5f54659fcc37c1bcbb9ddc7d1b2ad1cc56677e7b2f118ba41f845a1d24,3702ed8ee8076839f786c91b3fc18acd414f48275e9f9c3aca0659e722ccab33,404b594ca8ec9d6fc6f530d5f276aa080a8b7df5a89da1fc0f03f055fabd986c,3.2124862820001,0,907,486,False,0.3064076006412506,0.0005894889584183,5.3576642726836805e-06
median_L1,00029404_004.png,29404,mixed_high_risk,0.6767430901527405,1024,1024,05ec4b5f54659fcc37c1bcbb9ddc7d1b2ad1cc56677e7b2f118ba41f845a1d24,6ba2b4f98e9c933a0828c24ef394e25f837c2ffe3226ef1aa101ba326f3090ea,2fe22f6319d2e4429af9a44aa49379f94dd3ead9349552eb22d3a92eaf522377,3.4159464989998014,0,299,491,False,0.0842384994029998,0.0166864409357792,0.0011727395857421
median_L1,00029431_000.png,29431,mixed_low_risk,0.5030591487884521,1024,1024,05ec4b5f54659fcc37c1bcbb9ddc7d1b2ad1cc56677e7b2f118ba41f845a1d24,2fc514b9dd56023e48f63d1fc0d66484062d621c909a81c941faca8a8b307fad,edd2df0ece8ca379cc0977f94492247b18f62e5b9b09834c9529cb6fc23c64aa,3.222668718000022,0,546,463,False,0.1246687769889831,0.0002130675238774,0.0
median_L1,00029532_014.png,29532,mixed_low_risk,0.5504906177520752,1024,1024,05ec4b5f54659fcc37c1bcbb9ddc7d1b2ad1cc56677e7b2f118ba41f845a1d24,af6636b6d6b63a004141eacb4f05d93f6e90ea5c5717b8d1afbfe7dfe7d277b8,fec401824a5e43294d087fd1807a85f546a856e25e8a329948ec02aa3ff6c30a,3.2130002949998016,1,473,724,False,0.1248134523630142,0.0230201966516077,0.0028027001623515
median_L1,00029617_006.png,29617,mixed_high_risk,0.6088833808898926,1024,1024,05ec4b5f54659fcc37c1bcbb9ddc7d1b2ad1cc56677e7b2f118ba41f845a1d24,4d31a17d9da4fb9a4dd86dd0e171676fe6224d59a212895c3ed4cdbbe026cd0f,8838b43260a4d48106aafef782fb44f694f19bbb59fb0139e9e606a5489102d6,3.1222547719999056,0,318,834,False,0.0401680469512939,0.0004692510232279,0.0
median_L1,00029861_013.png,29861,mixed_low_risk,0.6197694540023804,1024,1024,05ec4b5f54659fcc37c1bcbb9ddc7d1b2ad1cc56677e7b2f118ba41f845a1d24,2626e1942ec5cdead49d22041adedd2602e909dc2e21c05ab2500c25e582b861,380556778f9ad229e53c258ca8481513ea6f38b192956a66552ae8e351dc0d92,3.1814337430000705,0,166,436,False,0.2686733901500702,0.0001105766572676,0.0
median_L1,00030323_028.png,30323,pure,0.730330228805542,1024,1024,05ec4b5f54659fcc37c1bcbb9ddc7d1b2ad1cc56677e7b2f118ba41f845a1d24,bca58f19cc11a9695c13a86c933ca01931452d514dbf950b5468ffd00ae923c6,429cac1192e03e0e472a72b184617fade7284bbca67f79c8fc0b4722ab2f460d,3.494940619999852,0,34,34,False,0.0595901012420654,0.0,0.0
median_L1,00030408_013.png,30408,mixed_high_risk,0.6297490000724792,1024,1024,05ec4b5f54659fcc37c1bcbb9ddc7d1b2ad1cc56677e7b2f118ba41f845a1d24,bc5b77b30a24c67df8ef31b4ccfa92857ee6a61240cfc1856f2acb2b1cd143c7,2e91f7148049dcde392c8cb504ad27e5a34e97f493fbfb29f44fe79f06352efe,3.086146962999919,0,198,157,False,0.031842902302742,8.478408320144699e-05,0.0
median_L1,00030573_002.png,30573,mixed_low_risk,0.5329393744468689,1024,1024,05ec4b5f54659fcc37c1bcbb9ddc7d1b2ad1cc56677e7b2f118ba41f845a1d24,2635c2575958fbf7d01a708352a65f8ede34419906cf5ac251e881b62d1ddd3d,84328b69766ddab88e92d81c8ed38b785ccd0c6e9be846ac4048f72f73ec5358,3.177723675999914,0,358,596,False,0.0355942957103252,0.0005325699830243,0.0
median_L1,00030636_004.png,30636,mixed_high_risk,0.7556889057159424,1024,1024,05ec4b5f54659fcc37c1bcbb9ddc7d1b2ad1cc56677e7b2f118ba41f845a1d24,43a48fd5ac1457606870470bdc10a9818e1a2525250c70a6954cfd47effa6481,03605654fafeb841d36758037da070728e8b7faa2fcdf85d9cdda0567a651cc0,3.1485682039999574,0,907,317,False,0.0380849987268447,0.0007012399196761,0.0
median_L2,00000032_037.png,32,mixed_low_risk,0.5539571642875671,1024,1024,41bbeafe61f12d574366a557a76688d1df38d146f582ccd6931a6793ccc9a8ad,e4e853c011cfc246e6d978754cb44e5d8486005e8887430e8340ffb967e224a9,ddc1e19e352e1a5df40f9e257d253160473043b4c16f72b6a34499b589e4325c,3.9765704080000432,0,820,47,False,0.0457093156874179,0.0,0.0
median_L2,00000211_016.png,211,mixed_low_risk,0.6732881665229797,1024,1024,41bbeafe61f12d574366a557a76688d1df38d146f582ccd6931a6793ccc9a8ad,93a0bf12ecb51a6c086102722def635b4347c8aba485991b76f91d5499d93e7c,19bd73c30077c4d4845afdf6b3fbdf6af8717f35638f1bada69b48b304f9a805,3.4087804319999577,0,930,619,False,0.1077025756239891,0.001229067445076,0.0
median_L2,00000468_041.png,468,pure,0.6122369170188904,1024,1024,41bbeafe61f12d574366a557a76688d1df38d146f582ccd6931a6793ccc9a8ad,fe99a8a30f6e7271bfa3c0cfb4a43ebff9a13a5a2bfb42a715604239b4792e23,88be108470aa5c76b9b47b8497edcb865fb4c49ca727c42edec249e54ed3aa1a,3.2243101630001547,0,313,596,False,0.0134908882901072,0.0017083710179881,0.0
median_L2,00001039_005.png,1039,mixed_low_risk,0.5436103343963623,1024,1024,41bbeafe61f12d574366a557a76688d1df38d146f582ccd6931a6793ccc9a8ad,d5db2d74b6882a2998aa1e328327438704aa4d76302aaf438e97ef0bb74130d9,4119c3be7988b03d5b44f3c1c3cf06390d40ef969872f65e2a37fda9b5be76da,3.2405112120000013,0,729,582,False,0.0833354443311691,0.0061633779183271,0.0003536842105263
median_L2,00001900_026.png,1900,mixed_high_risk,0.6964314579963684,1024,1024,41bbeafe61f12d574366a557a76688d1df38d146f582ccd6931a6793ccc9a8ad,177a0e9b0f843117d629a32f6fdce0cc1566715f9ee4051a242ed347433c0be2,8d4a724cac96ce9171a7fbd7a49d7c135c1e2c9326c88f69918f973230f4cd42,3.5218407259999367,0,422,363,False,0.0625258088111877,0.0008724432565675,0.0
median_L2,00002224_007.png,2224,pure,0.4754236042499542,1024,1024,41bbeafe61f12d574366a557a76688d1df38d146f582ccd6931a6793ccc9a8ad,6b4b4c686004a035bdd20b0ea8cdf7766d5feea0c7d2e90a832423100be73ef9,306166280bc73cb61d0c53a4f7cd2a1f5b73e24fdf79ff1aadf8d3cac603655e,3.350732439000012,0,162,761,False,0.0831929594278335,0.0108041721547826,0.0010235224058359
median_L2,00003149_007.png,3149,mixed_high_risk,0.603335440158844,1024,1024,41bbeafe61f12d574366a557a76688d1df38d146f582ccd6931a6793ccc9a8ad,19b32ab94aa34f12a6bd7b5dd568ef752ca460d111122ffc4b8b193c4f4d1106,b378fc05c995388d9d0fd527aef9c0dac7599a68cc2936fd6538f28bffbddbd1,3.269432376000168,1,578,377,False,0.1130393892526626,0.0148790494458653,0.0021805133866961
median_L2,00003333_002.png,3333,mixed_low_risk,0.589765191078186,1024,1024,41bbeafe61f12d574366a557a76688d1df38d146f582ccd6931a6793ccc9a8ad,370acc6bd725b24294562c245135fbea7b9d416157b6882992fab1c2243bae55,1761f233ab1e594386348764375dbf74d78d1b98931e2b0a0c562dd5a554be71,3.1901233069997943,0,473,834,False,0.1769822984933853,0.0008260835893331,0.0001294431356305
median_L2,00003973_008.png,3973,mixed_low_risk,0.5962143540382385,1024,1024,41bbeafe61f12d574366a557a76688d1df38d146f582ccd6931a6793ccc9a8ad,7c7b48f7bd7ff4b34985e9832d512a5acec3ccc95254b01fa15d0c1c97fa0df5,f1a51c1c67f6308dcfa9822d6a221d7c2eeccd8d7d69b56332245c9295344771,3.451688937999961,0,605,701,False,0.0714869052171707,0.0086240351860635,0.0009709176300578
median_L2,00005066_030.png,5066,mixed_high_risk,0.7038470506668091,1024,1024,41bbeafe61f12d574366a557a76688d1df38d146f582ccd6931a6793ccc9a8ad,ca11d28f2ba3315c1d3e8b98c8f188ca582b5e76fc4bb15f49205ae0967a6b3b,3628acc1e3b52b7a4f0ec1405cc8824ff5fd463f71d21e24393a425b1b849e76,3.313405886000055,0,907,578,False,0.0276873689144849,0.0,0.0
median_L2,00006096_010.png,6096,mixed_high_risk,0.557044267654419,1024,1024,41bbeafe61f12d574366a557a76688d1df38d146f582ccd6931a6793ccc9a8ad,0b9e7ed829c0d77140e268dd1e44bc67674684261aa451ec4bc69f28747b9d23,a0ea559905706a921b86cb12fe71d4f95acc5bbe3c7752937c02819a0e96c98a,3.162367072999814,0,633,537,False,0.0750446394085884,0.0016545258174966,4.6319885126684886e-05
median_L2,00006304_060.png,6304,mixed_high_risk,0.5639733076095581,1024,1024,41bbeafe61f12d574366a557a76688d1df38d146f582ccd6931a6793ccc9a8ad,1c1f1452054152f2c5e2897542643f764356e16b391681b2194fc7ae1b67c1a2,a21951eb4b9cd84b6437350f137fd999c8c0200a549a64648bee5854541ff59e,3.3040157959999306,0,450,450,False,0.0248191431164741,0.0,0.0
median_L2,00006836_002.png,6836,mixed_high_risk,0.5930065512657166,1024,1024,41bbeafe61f12d574366a557a76688d1df38d146f582ccd6931a6793ccc9a8ad,efb6956fbcc129c854ffcc3fe2d05c78491188f0c6ba4e7b0d620fc1142e5d36,8be72baf4c0f1fd6100347b1e6449121c1bf7f47e2000133d6647a433f312d7f,3.4999332789998334,0,16,605,False,0.0986105725169181,0.0007177086323785,0.0
median_L2,00007124_006.png,7124,mixed_high_risk,0.5650684237480164,1024,1024,41bbeafe61f12d574366a557a76688d1df38d146f582ccd6931a6793ccc9a8ad,3f0476aedfd9011ddea820622901d0247c6916cae74582178789fea0b3d425d8,213ad1a856c33df1dcfcf231c2fc17f43888b66ce15d7ce9de91ef7787307443,3.2292159439998613,0,1022,1003,False,0.1436601132154464,0.0212116844431632,0.0031778929188255
median_L2,00008814_010.png,8814,mixed_high_risk,0.5714367032051086,1024,1024,41bbeafe61f12d574366a557a76688d1df38d146f582ccd6931a6793ccc9a8ad,1c4e818d382fe85353347d8eef08fb4b5293bc1e316fd7a7ca9179d0a7316e64,082039e90c0d216e7c745f1b5a1c0c5ecaed7f5ceb94b3801b5be3aec4bbc2c6,3.126233855000009,0,322,637,False,0.0696914568543434,0.0025437254771563,7.011639321273313e-05
median_L2,00009431_004.png,9431,mixed_high_risk,0.4088017046451568,1024,1024,41bbeafe61f12d574366a557a76688d1df38d146f582ccd6931a6793ccc9a8ad,50042633114f75c9dc7d8c069e43f11ee1bd915ee8d5b2f54253a2bf5a10f366,6bec5cc71d4274e5898d3d540babffcc6ccc1c35d36988b7205fcfce93e2d5f6,3.1429398539999056,0,235,779,False,0.1010348051786422,0.0044115385980059,0.0001467387316882
median_L2,00010092_018.png,10092,mixed_high_risk,0.5802530646324158,1024,1024,41bbeafe61f12d574366a557a76688d1df38d146f582ccd6931a6793ccc9a8ad,80c7ddfd49a764fe29d3e4b4705f16fd5ce4e3d0c95f847a4ebfee811a9bbbb5,2d52a8caa30f98658458844156892359266fcb5dfc445d5897012235807ab98c,3.2556777810000312,0,852,25,False,0.0209105033427476,0.0015636932252081,0.0
median_L2,00010120_010.png,10120,mixed_low_risk,0.4617794454097748,1024,1024,41bbeafe61f12d574366a557a76688d1df38d146f582ccd6931a6793ccc9a8ad,edb24795c6b186f0be780778fbc7067505da59b29d91aa14971e89d045850f1a,0a98440af292e68c9fdf2e7517820370d663a8fcb866173bf5a09392963b758e,3.3538925809998545,1,404,747,False,0.347749799489975,0.0030783287829179,0.0006678862851003
median_L2,00010230_001.png,10230,pure,0.5009715557098389,1024,1024,41bbeafe61f12d574366a557a76688d1df38d146f582ccd6931a6793ccc9a8ad,d7a5644ff02390d940b1b8fd741650b6a8aa3aa94e2df788b5d083c0d7b6b77b,e67fbd7257ae602f0789698d65f8696c98eb5de9d0688357ff9a71779b5067c5,3.081692268999859,0,724,450,False,0.0224236585199832,0.0001063829787234,0.0
median_L2,00010277_000.png,10277,mixed_high_risk,0.5879874229431152,1024,1024,41bbeafe61f12d574366a557a76688d1df38d146f582ccd6931a6793ccc9a8ad,d9b2ebb6e20e8f33a990eaf509cdc5bb0dbd3f0d7bc9a7870fa352892384fd84,10a9e72ffe93539f660280bbf836e7fd03041c9e02326072881aa9f98e7b61df,3.123515983000061,0,363,669,False,0.0454101115465164,0.0,0.0
median_L2,00010805_049.png,10805,pure,0.5076535940170288,1024,1024,41bbeafe61f12d574366a557a76688d1df38d146f582ccd6931a6793ccc9a8ad,9139f30cc19e1463f0d8d3f24a931a87fd0f16e635b22bed799dc2f82e1783fa,47bf34d3752eb8d81857983bf362023ff0deaca8a3e5ef851ab22f1a4264f9b1,3.095745072,0,792,363,False,0.1164697185158729,0.0116718739737851,0.0018469530085132
median_L2,00010828_039.png,10828,mixed_high_risk,0.5779518485069275,1024,1024,41bbeafe61f12d574366a557a76688d1df38d146f582ccd6931a6793ccc9a8ad,ee6e4ff3dc1d72f601a8364b0de88b9936c0261df42fa08fd7a0103b3205b06a,165ff2e9c5ef6c68a9d5209b51b08b1370b64f5bf858052de75145cf1235f0cc,3.3233549149999817,0,157,56,False,0.0579549074172973,0.0,0.0
median_L2,00011023_004.png,11023,mixed_low_risk,0.5949321985244751,1024,1024,41bbeafe61f12d574366a557a76688d1df38d146f582ccd6931a6793ccc9a8ad,97937b86486e6e840990f93cb6826bf2e22e016611304ca94d67d595ea21803f,85281739e57d06acc1297210fe0a2d02a407aeead0db65959f140c2a01f91308,3.2367815709999377,0,290,335,False,0.053566962480545,0.0004826546003016,0.0
median_L2,00011124_000.png,11124,pure,0.5606210231781006,1024,1024,41bbeafe61f12d574366a557a76688d1df38d146f582ccd6931a6793ccc9a8ad,6e31e0054872961c1e710d6888fe26dc4d1bfb5811d260895dd92a4f48fba91b,fff4b8c182b0bf425e5c304bb6d2ecb5f86fa796a36e0b30fc1a6824434b0181,3.0861727989999963,0,235,628,False,0.0298971552401781,0.0012430487405953,0.0
median_L2,00011237_094.png,11237,mixed_high_risk,0.6534706950187683,1024,1024,41bbeafe61f12d574366a557a76688d1df38d146f582ccd6931a6793ccc9a8ad,9bac6f21eaad471a9170bf36147679853206d098e287e9c29be417be29eb6f1c,edc2cdbf0f5ef6722fc9b979dff4801edcdf2cb914a3e8c0a968349349f63485,3.1350740210000367,0,308,527,False,0.0387186519801616,0.0,0.0
median_L2,00011269_018.png,11269,mixed_high_risk,0.5299631357192993,1024,1024,41bbeafe61f12d574366a557a76688d1df38d146f582ccd6931a6793ccc9a8ad,930e6909bb09c29c253fe80f3adc59c2d3fe54824797ade2c6769c291c238557,e2dc3db3563f4bfcf9bc9928a3a78c7baa7b63ab61775d9af8abd6b2cedf58d8,3.3716564559999824,0,793,596,False,0.0619017593562603,0.00254884004884,9.555813916450334e-05
median_L2,00011366_002.png,11366,mixed_low_risk,0.5535203814506531,1024,1024,41bbeafe61f12d574366a557a76688d1df38d146f582ccd6931a6793ccc9a8ad,aa3641da42a4a4419e31e9d8bb4b414f94e0419d78d6952ae60932acd6023634,adfface17799e54c927e7507218ecf82206817f6473365c9afeda373f69db7f4,3.1909638889999314,0,399,29,False,0.3274235427379608,0.0007866523467676,6.39858946649983e-05
median_L2,00011925_072.png,11925,mixed_high_risk,0.5873526930809021,1024,1024,41bbeafe61f12d574366a557a76688d1df38d146f582ccd6931a6793ccc9a8ad,c9255d79837a4925fecf48f5db7fcd57697caa7566071f18f9f5079fe3f1e446,819dba10ee4e07e12a07c02e96068abb2d5684d520ce9842336d31b4c6a538b1,3.116197392999993,0,125,546,False,0.0772728472948074,4.318348663471088e-05,0.0
median_L2,00012021_054.png,12021,mixed_low_risk,0.6481221318244934,1024,1024,41bbeafe61f12d574366a557a76688d1df38d146f582ccd6931a6793ccc9a8ad,454ed5db2563fd6d3bdd7a2114e4ac76e71a3b92966b479c4c21bc7e9a93ac78,abf98d182367525ed8616f657fe563eb943086892cbcc01da1518b43e39b0c36,3.1167186509999283,0,907,358,False,0.1372605115175247,0.0184723311623643,0.0017542872152801
median_L2,00012021_081.png,12021,mixed_low_risk,0.6177247166633606,1024,1024,41bbeafe61f12d574366a557a76688d1df38d146f582ccd6931a6793ccc9a8ad,34cec3a8f45c3d999b5e7cebad85edaab5527e4c6a6d9a274a38ffd27d1ed73a,8109780c693ae17080020ac49aab841d5b9e0f2460dec3a379d28de7e4749301,3.4108825790001447,0,29,719,False,0.0517695769667625,0.0011156840382803,0.0
median_L2,00012364_045.png,12364,pure,0.5352521538734436,1024,1024,41bbeafe61f12d574366a557a76688d1df38d146f582ccd6931a6793ccc9a8ad,f13a9365c3111b3c50801e56a35667015ecc730a94c089abda61e2404adfc6aa,c52a69a0185e58fddc45745d887881285d4adfbd61f00bcf1f3345e15879f1c6,3.1970021860001907,0,285,852,False,0.0762244910001754,0.000151806497318,0.0
median_L2,00012376_010.png,12376,mixed_high_risk,0.618871808052063,1024,1024,41bbeafe61f12d574366a557a76688d1df38d146f582ccd6931a6793ccc9a8ad,3506c6fb74dfd105deb6f6fdac26609d5361a8995e1d7fcef908942ace320f9c,3ed47b034f35869bb5504958e03e7f793bfdeae4d9ccbe054f0542a8964e033b,3.2656479720001244,1,372,450,False,0.1226736828684806,0.0198679857121693,0.001593220338983
median_L2,00012505_007.png,12505,mixed_high_risk,0.6619699001312256,1024,1024,41bbeafe61f12d574366a557a76688d1df38d146f582ccd6931a6793ccc9a8ad,a7306b41c119f6a9a9a5f54953fd6d5e425b830e2d58d5744e5919901792fe7d,4a099df0b6c5db02e62183f3512cccc374b1db5d9623cda2e7b21ae63daf319a,3.177734884000074,0,11,788,False,0.0550561361014843,0.0091591945044832,0.0019640226755345
median_L2,00013106_000.png,13106,mixed_low_risk,0.4958759844303131,1024,1024,41bbeafe61f12d574366a557a76688d1df38d146f582ccd6931a6793ccc9a8ad,9a0f16ad1b3fd5f608679f90b0fe3f74c1a0b36e5aeb13baf212a96de51a70a7,a06ae255a4635f3071a58ab00c5bea68fa93201fd77c82eb6b5d854afb2f88ad,3.378238549000116,0,235,528,False,0.0780233293771743,1.745261614716046e-05,0.0
median_L2,00013310_057.png,13310,mixed_low_risk,0.5914738774299622,1024,1024,41bbeafe61f12d574366a557a76688d1df38d146f582ccd6931a6793ccc9a8ad,f1200b9361f3d7ef5a4e7278607009d185ca9a57e825723888e79903f7b46d50,9a443ffaa156726520ba7f5a7c2bdd6c522077fa4e3ef39fdb83ade17efd38e7,3.308516908999991,0,52,454,False,0.371986985206604,0.0002546195256801,9.132524343885204e-06
median_L2,00013391_005.png,13391,mixed_low_risk,0.6272863745689392,1024,1024,41bbeafe61f12d574366a557a76688d1df38d146f582ccd6931a6793ccc9a8ad,0e91af844de9f4e12eaf1e3468f83b9a84c91ead51091085c03386303a9410e8,d40ebbaa0de4df2392bbd81fa7b2c86421d2da0cd3d20b045b7458d61de643d3,3.11497294600008,0,724,43,False,0.140949085354805,0.0091912506557972,0.0005934535929522
median_L2,00013471_029.png,13471,mixed_high_risk,0.5438814759254456,1024,1024,41bbeafe61f12d574366a557a76688d1df38d146f582ccd6931a6793ccc9a8ad,ff0a94658d8464ea5ef4a2d658d4cd1b694f90aa1be39b19b6af6b5fef65e0de,4c3ae3718cc45c312385c207e4bc378bdebbcb0fa72531dc84554ef89f6aa120,3.161979544999894,0,98,568,False,0.069748617708683,0.0005796640221863,0.0
median_L2,00013670_151.png,13670,mixed_low_risk,0.5216025710105896,1024,1024,41bbeafe61f12d574366a557a76688d1df38d146f582ccd6931a6793ccc9a8ad,f27ddc1be31189d4bda7791fd5bacbe239107680dc54ef30fb9c192517734fe9,b8ac71248a4dfe9abb8d43098ceaa2f2b8675914ffb2087a74d2c2a8995d98de,3.149201006000112,0,253,861,False,0.3399614989757538,0.0013994627770341,0.0001130806845965
median_L2,00013922_021.png,13922,pure,0.5609349608421326,1024,1024,41bbeafe61f12d574366a557a76688d1df38d146f582ccd6931a6793ccc9a8ad,165125404b3ff5844da5b970b1ccbecbcde59c665b6f62e5e0371a4ab17a2607,4e938e801b2e7e0d232df56f0cdc28059e79918fcc492f9a91f02128bac658b0,3.509212471000182,0,271,450,False,0.0816438943147659,0.0038397431940243,0.0008407322013171
median_L2,00013922_022.png,13922,pure,0.6170987486839294,1024,1024,41bbeafe61f12d574366a557a76688d1df38d146f582ccd6931a6793ccc9a8ad,9e736072e2c5bead56050af83c0626667b0fc09bdb43eb61e616eb5292f95186,af9e9e8444edc53e696379fcba9e1bafdb1f720e4bd012a01494ddcf36934066,3.375323397000102,0,34,11,False,0.0666643753647804,0.0003115911923556,0.0
median_L2,00013993_083.png,13993,mixed_high_risk,0.6754561066627502,1024,1024,41bbeafe61f12d574366a557a76688d1df38d146f582ccd6931a6793ccc9a8ad,337c2a90790e2a093040368db0eb1b239cd86322200a644c63d5014cb2abcbd5,718ab175e7829ea3d8e69241d6bc27169bff90925bb0411c5d53f13799306fb6,3.1201193819999844,0,281,290,False,0.095275767147541,0.0004364545733361,3.5993665114939774e-05
median_L2,00014203_018.png,14203,mixed_high_risk,0.6242330074310303,1024,1024,41bbeafe61f12d574366a557a76688d1df38d146f582ccd6931a6793ccc9a8ad,00b3421f06e0177e5c3e5c55beface43d2a0a80d60a7a1f1d2993541fc8f1c6c,605f7776cdee3a2662479f9f572fad724acf883db621bb642ef81f425b47002d,3.1381561829998645,0,911,235,False,0.0469781085848808,0.000265823121295,0.0
median_L2,00014251_029.png,14251,pure,0.4747379422187805,1024,1024,41bbeafe61f12d574366a557a76688d1df38d146f582ccd6931a6793ccc9a8ad,37a7405328ae7d5c7e641e0fe17689c7bb4c8e52b6b96c6728685a76711b92f1,3eb49223c2fa5741896e1bb68c47256c29b9efb848902635c1cad53ffb67e261,3.4597294850000253,1,564,706,False,0.4789153039455414,0.0047155603854374,0.0004683546748556
median_L2,00014617_003.png,14617,pure,0.3940456509590149,1024,1024,41bbeafe61f12d574366a557a76688d1df38d146f582ccd6931a6793ccc9a8ad,aeed596b8a229300f909ef184ad02907edc1028b985490b6c64f4a27afc288fe,9c48f8ba6accd0fedd396ac8cb34c07107576b553ff92913dedd3d4b07fc9208,3.2276752909999686,1,514,637,False,0.1009781807661056,0.0326175749795775,0.0057725374600835
median_L2,00014738_000.png,14738,mixed_high_risk,0.6328595280647278,1024,1024,41bbeafe61f12d574366a557a76688d1df38d146f582ccd6931a6793ccc9a8ad,e5db50cd764d401aed8360f06cf4747b904df15c3adbeee6dca48bcba2cce8a9,6a991f6110071d5259f737c5bdd92d5c5ef5a0982f8bc5604a53bfbf5bede73f,3.2137159789999714,0,697,354,False,0.1524964570999145,0.0185123398748319,0.0034771168123296
median_L2,00015069_001.png,15069,mixed_low_risk,0.5966920852661133,1024,1024,41bbeafe61f12d574366a557a76688d1df38d146f582ccd6931a6793ccc9a8ad,74d45e1cf7790378698fd6551759d1e5b55136e496a9cc96732951d837cf7913,f8324fd4bb90c9184219e36bcbeaeb6688e141f665d5f66d30e22ada2789882c,3.1288643330001378,0,770,893,False,0.3616817593574524,0.0030781101001676,0.0003084338927905
median_L2,00015732_020.png,15732,mixed_low_risk,0.6450912952423096,1024,1024,41bbeafe61f12d574366a557a76688d1df38d146f582ccd6931a6793ccc9a8ad,9d9bbc2a6f17d841b21cb25c4f7f17451063ab79d1c1a516faf924cad558023b,bf38c1ca63f50c51c06262e0ffdc5e9f146ef25d18c390ed3cf6a9b3cf94326b,3.459466496999994,0,308,468,False,0.0552234575152397,0.0041079519992033,7.917238467222633e-05
median_L2,00015831_011.png,15831,mixed_high_risk,0.4942891001701355,1024,1024,41bbeafe61f12d574366a557a76688d1df38d146f582ccd6931a6793ccc9a8ad,fbdeaeb029a0b8f9e6cab94db818d4ec522c8103a5e1a201426b379c21ced1a1,6606b9fa6eca48caf95c20def59c690261913b86f7ddf8903be8b8766ce9f90b,3.263477678000072,0,331,802,False,0.0900060161948204,0.0013645729568931,2.7617443177110664e-05
median_L2,00016094_007.png,16094,mixed_low_risk,0.4055554568767547,1024,1024,41bbeafe61f12d574366a557a76688d1df38d146f582ccd6931a6793ccc9a8ad,370f40b4ab9d4bc31bfc2cc44c56c1a31dce0800785dc677728f7883666610ca,ae9e12bc95bc0a220ade0220640e36ccdd68553b900d051d084dcdce3c6aa47c,3.13062901100011,0,107,477,False,0.0193196330219507,0.0004136290781241,0.0
median_L2,00016191_004.png,16191,mixed_high_risk,0.5139431357383728,1024,1024,41bbeafe61f12d574366a557a76688d1df38d146f582ccd6931a6793ccc9a8ad,ea4f082271177c2a70d2f77185893106cf51bf4e1816d09b7e22347e0c1149b4,b480b75d33e6b3ef6c7545f5aab6b9993a8e799551d0b067d3e90f7aa4c585f2,3.18614707200004,0,308,459,False,0.0597744919359684,0.0081379743582421,0.0012639623750734
median_L2,00016417_008.png,16417,mixed_high_risk,0.4607799649238586,1024,1024,41bbeafe61f12d574366a557a76688d1df38d146f582ccd6931a6793ccc9a8ad,9c6e727bd7aa2558d85d22880fc4c40d482c21a6ee1877b841a7e4ec6c1f7836,d2b2f1115551c4a76f5f2f59e6c3dc35431fc30ffb3c40becbc1d5d18b620404,3.350804995000089,0,614,683,False,0.0436545275151729,0.001057762107228,0.000109555424089
median_L2,00016705_006.png,16705,mixed_low_risk,0.6874020099639893,1024,1024,41bbeafe61f12d574366a557a76688d1df38d146f582ccd6931a6793ccc9a8ad,ca11f5bf37a7323aa551eab972c0e4602ee98bf58fa01998a3fd3eaf815afa16,ea7d6b1991c0e8609067442305f65c0e0533c53aee79557b24fbc0c83cb437c5,3.1629393769999297,0,363,674,False,0.0480323806405067,0.0351222045024663,0.0071666240081904
median_L2,00016732_040.png,16732,mixed_high_risk,0.6296567916870117,1024,1024,41bbeafe61f12d574366a557a76688d1df38d146f582ccd6931a6793ccc9a8ad,bb1f49df7176a7bf924ac229150b37f664b6e60e4c14410cee30c8eefc2bc61f,ee8706df4509d4905323d3d0321de2c9d2551412f877bef39f16e8e1309a2227,3.206341143000145,0,280,669,False,0.0831634402275085,0.0242292181605307,0.0033335555703713
median_L2,00016786_001.png,16786,mixed_low_risk,0.618007242679596,1024,1024,41bbeafe61f12d574366a557a76688d1df38d146f582ccd6931a6793ccc9a8ad,c3780c2956f67e195a393c552c792f53e6584e70f9abf0a78dbba7d0a70a4981,4f31da9dd1810b5cb715759745a331ba1e301487b453d605a3be03a76357b1a2,3.1259456450000016,0,294,596,False,0.1041395366191864,3.594051844197853e-05,0.0
median_L2,00016786_009.png,16786,mixed_low_risk,0.5086517333984375,1024,1024,41bbeafe61f12d574366a557a76688d1df38d146f582ccd6931a6793ccc9a8ad,07b9e19cb452768e1f96f695d435bb33fdb7b7d221a30fa147aea57523f1d2b3,5649168386545c0363dfbc2d4218a30baddaa51f9966212d6c77bdfc4c8dc592,3.4010788720001983,0,308,838,False,0.066855564713478,0.001008550756413,0.0
median_L2,00017083_002.png,17083,mixed_high_risk,0.5134832859039307,1024,1024,41bbeafe61f12d574366a557a76688d1df38d146f582ccd6931a6793ccc9a8ad,7f0a6501235c902bb64dac3f77650f7c9aa2146071aa18d68636f401d01e0a58,dba82c395a5cca36e5133e9bf286d91affd0b9f0850b56806dbeeb1a72a34bca,3.2935271349999766,0,61,779,False,0.058496668934822,0.0006072328175602,0.0
median_L2,00017138_037.png,17138,mixed_high_risk,0.6171034574508667,1024,1024,41bbeafe61f12d574366a557a76688d1df38d146f582ccd6931a6793ccc9a8ad,e1b5ef206490302b72fe4f7f594fc58fa43124e8036f45575c9730d25fa80fab,ba1ee93eece968351e55b3d20dcacb5b0b8c8152a280f441842fc2d412adfb63,3.08358626800009,0,724,11,False,0.1044371947646141,0.0011587252007617,0.0
median_L2,00017544_003.png,17544,mixed_low_risk,0.5613849759101868,1024,1024,41bbeafe61f12d574366a557a76688d1df38d146f582ccd6931a6793ccc9a8ad,6647a85430a9b1b5a15c818de8a0113081d20748f9fbb69a7f09a495ebc8432a,bf066549a4aa5a0f883283b8e358cf881fbf90a9c822b88ba97dee424ec72f83,3.085748787000057,0,249,711,False,0.1609240025281906,0.0030478880030306,4.6916693546022346e-05
median_L2,00017714_009.png,17714,pure,0.5469805598258972,1024,1024,41bbeafe61f12d574366a557a76688d1df38d146f582ccd6931a6793ccc9a8ad,181b730712b1c220b405c7dcf54cfa0909c724ad47a8e9290b575c7fa0314f05,dca3137be4a0a98fbf894eb67f62c13b79984c69bbf514b98cb3addc6989c6f4,3.092375379000032,0,340,678,False,0.0316778123378753,0.0,0.0
median_L2,00017972_032.png,17972,mixed_low_risk,0.6427743434906006,1024,1024,41bbeafe61f12d574366a557a76688d1df38d146f582ccd6931a6793ccc9a8ad,3b5cf979ef3c6da0427f72f96cdbb5ef842f364c23a4adfb46096c8b8f88ab4f,f6077dec86153f8fb10ee8fea84f73000a1b2a2720376358bc62657ede1e5c75,3.4283776669999497,0,697,674,False,0.0825785994529724,0.0007359936812249,0.0002111971203731
median_L2,00017981_014.png,17981,pure,0.5105693936347961,1024,1024,41bbeafe61f12d574366a557a76688d1df38d146f582ccd6931a6793ccc9a8ad,f5571d64cc6ae5b3529f557002f42b35d5aa85e8d6ac526651b77e19cce3ac1e,33f3bd5e8abc1111925e4a3e46bb0c7e402d8e9d184487b8865d1a97d4308ced,3.2333043670000734,0,436,619,False,0.0253692492842674,0.0005622622788159,0.0
median_L2,00018253_054.png,18253,mixed_high_risk,0.5560356974601746,1024,1024,41bbeafe61f12d574366a557a76688d1df38d146f582ccd6931a6793ccc9a8ad,2ba0c31d36b3008a4e1a9ee2cfc7e2ca89fa1380a916b7a55c4a52c3ecb2759b,0e215d334939497e0539adc5b9fd491e6341abb635fdf1162cc5c75356e85ab0,3.1354998350000187,0,806,706,False,0.037278939038515,2.4845955078513214e-05,0.0
median_L2,00018253_059.png,18253,mixed_high_risk,0.6213670372962952,1024,1024,41bbeafe61f12d574366a557a76688d1df38d146f582ccd6931a6793ccc9a8ad,412990628027ca3df892d8a87bada1808f4eed1d182b719b8b4d57c772d49683,ad46d895d5d628a8246f39e6230acb2938e9a39d7f499dcc5b0892cfe1a0988b,3.124362504000146,0,893,413,False,0.0816487073898315,0.000514194895447,0.0
median_L2,00018393_000.png,18393,mixed_low_risk,0.2877790629863739,1024,1024,41bbeafe61f12d574366a557a76688d1df38d146f582ccd6931a6793ccc9a8ad,b936a18dda19f5a3cf64feb6100dd1f66ece1cf75058fd6265ce5974da8d29b4,7509668a27c62d0ddaabd47e5cfa329b5b1dce32f2481ac76cb39ebf0f52e59d,3.476446004999844,0,322,637,False,0.0424258634448051,0.0023540132128483,5.570254839158892e-05
median_L2,00018721_010.png,18721,pure,0.3468792736530304,1024,1024,41bbeafe61f12d574366a557a76688d1df38d146f582ccd6931a6793ccc9a8ad,7af196bf51c1f5f9fb5ccc966fbb0bcda0aace9a1f70e4cf215fbe15994f0fa7,96196ba4622e03c89b3b17f1824ca2ab8848f01d3e23de1fe394bdbf85a3ad66,3.1802519950001624,1,363,600,False,0.1533512771129608,0.0160288175649919,0.0014643827434054
median_L2,00018921_038.png,18921,mixed_low_risk,0.6257807016372681,1024,1024,41bbeafe61f12d574366a557a76688d1df38d146f582ccd6931a6793ccc9a8ad,1221b546462be0793f88f70000820d62fe5bbded0929301d600695c63353f1d2,d7a63e82704a085d89c500edcd282eb4af18056edf81c6a6f73830383fcabcca,3.1910732329999973,0,217,944,False,0.1010609492659568,0.0013471859978876,3.259416998946122e-05
median_L2,00019018_007.png,19018,mixed_high_risk,0.5796366930007935,1024,1024,41bbeafe61f12d574366a557a76688d1df38d146f582ccd6931a6793ccc9a8ad,06991937ed55437e2b9da99c852229b1b1c757c047c7e829da9462b5515f3376,562b5a18ed7e9a910bd849cdfa11d46ea8d486a767b822fb9643a46808253fc5,3.1918452810000417,1,294,729,False,0.2917708158493042,0.0005418367917668,0.000167940213284
median_L2,00019150_002.png,19150,mixed_low_risk,0.5000056028366089,1024,1024,41bbeafe61f12d574366a557a76688d1df38d146f582ccd6931a6793ccc9a8ad,296e08aaf3d7dfd1c08b657cfc7ce7e047a922fa2f43deda18993e695cbd5ae7,f33948ab6f1c6d969f72b2a7e572ee7a64ea433d8458ebbba1bb6c419a0bb6ea,3.4121884470000623,0,418,715,False,0.0996991172432899,0.0,0.0
median_L2,00019363_043.png,19363,pure,0.4511058330535888,1024,1024,41bbeafe61f12d574366a557a76688d1df38d146f582ccd6931a6793ccc9a8ad,8f7ab8118f368957accaa688560d6200b3423a98d7e50677a472092d67fc580e,c878ea5ad81b1b4d7883a22af60fec7a3946e9c914529c7acc58129fb627ac95,3.203572497000096,0,829,1003,False,0.0713351741433143,0.0003834422657952,0.0
median_L2,00019625_002.png,19625,mixed_high_risk,0.5723056793212891,1024,1024,41bbeafe61f12d574366a557a76688d1df38d146f582ccd6931a6793ccc9a8ad,8815b324e5ad94cc4d74de094251eca5ead4b4968f3500ad4cfb7c416477b819,159730e3a7b6bd5279d1650e683ec0405f1cac8a2044790114a86bf53473ed71,3.1253887819998454,0,130,43,False,0.306785374879837,0.0035620513008831,0.000155440989789
median_L2,00019634_004.png,19634,mixed_low_risk,0.5525501370429993,1024,1024,41bbeafe61f12d574366a557a76688d1df38d146f582ccd6931a6793ccc9a8ad,db32bb2f6af043dfb0166a2cd5a909472aca89cb3906756a558838bdaee4de8e,6a098b1c0e264a35cc628076044c84b25d1694f682059c48e1a347b20d8e19c0,3.1013889860000745,0,683,249,False,0.0439250543713569,5.180899749589846e-05,0.0
median_L2,00019646_006.png,19646,mixed_high_risk,0.5572026371955872,1024,1024,41bbeafe61f12d574366a557a76688d1df38d146f582ccd6931a6793ccc9a8ad,cd33e1d47ba3ffb764f69f53a6a8a5afa1ad2a4d696ca95ac47399c0ea59598d,72d7ca5066f049d8f4cccbc1739ff62741561c64318201ec15000913420e9b99,3.3809931559999318,0,601,413,False,0.0563367754220962,0.0001572601782282,0.0
median_L2,00019706_012.png,19706,mixed_high_risk,0.6020856499671936,1024,1024,41bbeafe61f12d574366a557a76688d1df38d146f582ccd6931a6793ccc9a8ad,67f76de826f77cd08701ad73fd775fae4a75f0c007e307c7c6da50d711dc1912,a85379f601bb66a040577e3683477aa2349819ba8ce5193c9ba4c616c6c4c1df,3.314086980000184,0,399,752,False,0.0376246497035026,0.006022331456102,0.0017191762903165
median_L2,00019750_012.png,19750,mixed_high_risk,0.5849859118461609,1024,1024,41bbeafe61f12d574366a557a76688d1df38d146f582ccd6931a6793ccc9a8ad,063be5109cff38d6296bcb8819161e835f9e55725863c4c1faf4b98c2d6cfdba,36fc31943060afee23f672c5bb920d9a351f47e13749df37aab10ba52f92b23a,3.140334879999955,0,16,994,False,0.2898376882076263,0.001580129710246,8.96582419939993e-05
median_L2,00019750_029.png,19750,mixed_high_risk,0.6887364983558655,1024,1024,41bbeafe61f12d574366a557a76688d1df38d146f582ccd6931a6793ccc9a8ad,a0b26357d3f1634a5440bad41c0fe7ebda550a6781d9b655b8b6e84e47b456e6,80e09289637f01d4a8d448f2a95b30a424128b195ce9baa8c5c4942508e04ba0,3.175680032999935,0,285,445,False,0.0472485683858394,6.344640893325438e-05,0.0
median_L2,00019769_014.png,19769,mixed_low_risk,0.3623649477958679,1024,1024,41bbeafe61f12d574366a557a76688d1df38d146f582ccd6931a6793ccc9a8ad,eb4e4dbe5f390b55cbda2ca09229408f6ae4f737ea4429cfdfa4f40cfe93fb19,80dfeba3f1138e311bf29710e6b553396e0ac02d636a70b0aa4cb9907fa9d936,3.1458342799999173,0,455,578,False,0.0254935510456562,0.0,0.0
median_L2,00020113_030.png,20113,mixed_high_risk,0.4630554020404815,1024,1024,41bbeafe61f12d574366a557a76688d1df38d146f582ccd6931a6793ccc9a8ad,14c343c1c3b85ed2ff5c8c169951df5031d31a1ca445e8ea5b6f1f86d784289c,1e64e045347d557f375cfa35dc66a7abc449ecb285261fb671107dbba757de74,3.6812080670001706,0,221,29,False,0.0248622950166463,0.0099948624538788,0.001852267624607
median_L2,00020184_013.png,20184,mixed_high_risk,0.6704331040382385,1024,1024,41bbeafe61f12d574366a557a76688d1df38d146f582ccd6931a6793ccc9a8ad,7be3b9d1cdf7710818f960372e9278911103ad07b97279843a5c1ef042cde37a,d9b301da18fe37467da28e2d55737488b7668a8df4e4f72a3e449047add42f1b,3.1659201939999093,1,340,679,False,0.1341829746961593,0.0274550145875845,0.0047682985609033
median_L2,00020259_002.png,20259,mixed_low_risk,0.6144559383392334,1024,1024,41bbeafe61f12d574366a557a76688d1df38d146f582ccd6931a6793ccc9a8ad,86f302a6b68e62885ec01c0174df5abcc396a434af5ba0241f1b3fac46687014,b51d5844fc067191702209ce5e575618a377c69663b571c6e6d5d3f22ff72e4a,3.1544001009999647,0,189,144,False,0.0820499584078788,0.0,0.0
median_L2,00020405_041.png,20405,mixed_high_risk,0.5306481719017029,1024,1024,41bbeafe61f12d574366a557a76688d1df38d146f582ccd6931a6793ccc9a8ad,c66efda77e8f39f449b2e46de6feef17b7107dae2ecd4f3f571bd1163383e3b5,bd48966f5a7e1dbff1901cd17f3b6915ce21c1e62c4cc9c2e1e1bafd756ecd89,3.1736777239998446,0,578,84,False,0.1411956697702407,0.0060676914752799,0.0003661589921721
median_L2,00020482_011.png,20482,mixed_low_risk,0.4092469811439514,1024,1024,41bbeafe61f12d574366a557a76688d1df38d146f582ccd6931a6793ccc9a8ad,c50bb5fa84329c2d2628d5188e423ea2dbbd1a98796ea23d1cd4f3eb9fb29c75,9af79c4a74f78ea927970b0c66f45e5ac86b20ce9467b23b538130681e83b510,3.38789762600004,0,244,715,False,0.0656483247876167,0.0026714005032573,0.0002346612754742
median_L2,00020482_032.png,20482,mixed_high_risk,0.5747041702270508,1024,1024,41bbeafe61f12d574366a557a76688d1df38d146f582ccd6931a6793ccc9a8ad,4fa941912aa79fbaf7c96c14ab19f7b45230a9ce515153297b5b5259a9301053,e576b2e1ac5901cd91fc4a66b6d09bf5324fd02eb932af6ddcc8942beefdf0ba,3.272252705000028,0,765,788,False,0.0492976754903793,0.0,0.0
median_L2,00021009_001.png,21009,mixed_high_risk,0.6200385093688965,1024,1024,41bbeafe61f12d574366a557a76688d1df38d146f582ccd6931a6793ccc9a8ad,a5db0c421ad069d4a082cfd26f38cda7d155d098b63926e1de4be42e0df72541,86778b4cfa91c41c7fc4967cbe3614119e4ec7feb2f8af8b4cb355fcc75748f6,3.1529016819999924,1,308,578,False,0.3491661250591278,0.0068274015846384,0.0009033991823665
median_L2,00021201_010.png,21201,mixed_high_risk,0.5490313768386841,1024,1024,41bbeafe61f12d574366a557a76688d1df38d146f582ccd6931a6793ccc9a8ad,0abb9cce5760343240d34b5362769e6fb32c158071b23a78637784fdcc6af155,934c128fbaebe5690688790c13b129fddaaf69ad2759cf91b167e1166560a90d,3.131753615999969,0,344,688,False,0.0860835313796997,0.0001741821125216,0.0
median_L2,00021703_001.png,21703,mixed_high_risk,0.5310106873512268,1024,1024,41bbeafe61f12d574366a557a76688d1df38d146f582ccd6931a6793ccc9a8ad,b7f848f8b0bf1c2db07f4110fd2c4b7cf9cb331e403bb1155a63a6de0a2c8060,b451e5d75aed1243779887ac08c93963c012c757b19b6d23e8132b379f736288,3.4502737239999988,0,912,486,False,0.0105192977935075,0.0003936620411376,0.0
median_L2,00021710_003.png,21710,pure,0.5236067771911621,1024,1024,41bbeafe61f12d574366a557a76688d1df38d146f582ccd6931a6793ccc9a8ad,4347b0fe7637bc729bc23d03883fd021bb5e77dc46300d2a9733b6a6a67b9d05,892dae69118f3c63e3ee7ea177cbf5dff17040117cae9026684765eb53ec323c,3.318260581000004,0,413,760,False,0.0388199873268604,0.0002034174125305,0.0
median_L2,00021840_016.png,21840,mixed_high_risk,0.4884417355060577,1024,1024,41bbeafe61f12d574366a557a76688d1df38d146f582ccd6931a6793ccc9a8ad,d70a661242b629816f7414538c66f492a875865206ce0507a33c31c1eff1b7b1,519f142c5f6e5be51fbed4c733e14ce3f99906913d4599b042c8e7cc497522e0,3.1721728180000355,1,294,619,False,0.1023890525102615,0.0102259766870928,0.0011157874131349
median_L2,00021926_007.png,21926,pure,0.574073076248169,1024,1024,41bbeafe61f12d574366a557a76688d1df38d146f582ccd6931a6793ccc9a8ad,237b4dfad6942d8e84a50e4e2db81e7673bc1f50c757718b9035cd59459444a9,16ab88cd5dddb1773cd2744a6d503474dc925fbaccf176f764307ca81cd2b866,3.1182583840000007,0,395,829,False,0.0138476490974426,0.0,0.0
median_L2,00022369_013.png,22369,mixed_high_risk,0.5453000664710999,1024,1024,41bbeafe61f12d574366a557a76688d1df38d146f582ccd6931a6793ccc9a8ad,5e681caf84599ff91390537b95ef105360f17030b523770b7670b05006f69e65,663449d200e6bb2de8ef7dba5561a6c0f42ec4d98d545ef705e15fc172259682,3.370364131000088,0,934,322,False,0.0999928563833236,8.93160179346564e-05,0.0
median_L2,00022416_048.png,22416,mixed_high_risk,0.5214817523956299,1024,1024,41bbeafe61f12d574366a557a76688d1df38d146f582ccd6931a6793ccc9a8ad,af3c3bf71b473cb797959b496201aab447f804ce8e9f0c520185780286699c04,0984c20d52a143fcc585dd4979e76d234b3efbd47aa0d582a0ff99b0ae158832,3.215490268999929,1,651,418,False,0.3490335643291473,0.0018986278762386,0.0002852524484168
median_L2,00022470_006.png,22470,mixed_low_risk,0.5311697721481323,1024,1024,41bbeafe61f12d574366a557a76688d1df38d146f582ccd6931a6793ccc9a8ad,1e1c7fedf345f665d1b2fada2d7383a16dc0535e436403b5611a61224daca21c,fad68a70acba5dd0e7a16cf71367684944d4d9cf38807878cb6dad47339d15ae,3.133853754000029,1,446,706,False,0.527716338634491,0.0045027353365998,0.0004087436725403
median_L2,00022727_000.png,22727,mixed_low_risk,0.5661941766738892,1024,1024,41bbeafe61f12d574366a557a76688d1df38d146f582ccd6931a6793ccc9a8ad,2b3b512d0871e486d91e533ba3daf9ffcc6b79eacd04c2c4b134fbcaa76755fc,0372659f86b2d12d00ebcf71007712e9038ab772c0eb445d7e557888bd32cf0d,3.2234079940001266,1,473,413,False,0.3178337514400482,0.0022868230484044,0.0004166261613454
median_L2,00022899_014.png,22899,mixed_high_risk,0.6223068237304688,1024,1024,41bbeafe61f12d574366a557a76688d1df38d146f582ccd6931a6793ccc9a8ad,7c6da9a87d1c3c5b9db13e22819c1991487e49118a94b890000818440c9013cd,8cdaa14fcb0feeffd19a8dda798b72df9a4217dfa565a0f61557de038dd9cd21,3.4058184159998746,0,729,825,False,0.0644411966204643,1.0570601044375385e-05,0.0
median_L2,00023026_008.png,23026,mixed_low_risk,0.4742398560047149,1024,1024,41bbeafe61f12d574366a557a76688d1df38d146f582ccd6931a6793ccc9a8ad,91a223040ec8608ba8932e27905c0738c22bab9d1fa441b607644500c67f0651,5f739f87434fcff4b075460eacbae6f0c79cf1f7a8c151ee591407c633150d56,3.370636875999935,1,423,875,False,0.5997470021247864,0.0022264563706291,0.0005010408948166
median_L2,00025521_003.png,25521,mixed_high_risk,0.6622573137283325,1024,1024,41bbeafe61f12d574366a557a76688d1df38d146f582ccd6931a6793ccc9a8ad,f8ef58b62c594d5351f9605f95b6b94c2a359c36115c764a1bd20590a710aa90,caed7e6f492c1200df5154484b2c0f832460b8bbbc6052973193b27fee7a6eb3,3.124363365000136,0,669,463,False,0.0447807796299457,0.006865278411106,0.0013080626756839
median_L2,00025787_027.png,25787,mixed_high_risk,0.6486272215843201,1024,1024,41bbeafe61f12d574366a557a76688d1df38d146f582ccd6931a6793ccc9a8ad,798d3e16408ac4df7208098b2f73802dd5edd9e5d64611a6f429597f259ce62c,3834ed8badfb0337e2f15a13d423a6f8548e21b04f1557d863afc8976afdef15,3.159685221000018,0,107,747,False,0.0973404571413993,0.0011837561266716,9.9367032006121e-06
median_L2,00026098_003.png,26098,mixed_high_risk,0.6203597784042358,1024,1024,41bbeafe61f12d574366a557a76688d1df38d146f582ccd6931a6793ccc9a8ad,e3ab6dbaae3b49eae1fd66841e5c2ab127d04b1c491995e278aefa72b517a792,3542470e29a8ea56c92d997faf22cb828af02eba7109bea47d2254a01ed5d925,3.180892551999932,0,930,486,False,0.0502718426287174,0.0002762212927156,0.0
median_L2,00026194_010.png,26194,mixed_high_risk,0.5918134450912476,1024,1024,41bbeafe61f12d574366a557a76688d1df38d146f582ccd6931a6793ccc9a8ad,ccb2fd5f82eccd31fbde7e579942423ffacd77887cb5cfd4232ab7982d77cdf8,a171b19e7957f371e6b858c7004ea2734c0cea644a1d20bbbefb0fe5518f5485,3.461122596999985,0,925,669,False,0.0095903193578124,0.0,0.0
median_L2,00026538_012.png,26538,pure,0.5568152666091919,1024,1024,41bbeafe61f12d574366a557a76688d1df38d146f582ccd6931a6793ccc9a8ad,1b89b9af391050a58bb592848b995f1b64b994ca3f99b0d4af0bfa593f1e42d8,bdf9f292297ad9765584d6bb373c7bddc74e28819f2acbd53b8b16e58d915410,3.2450635109998984,0,125,1012,False,0.0569108128547668,0.0070418834410636,0.000382984543838
median_L2,00026538_034.png,26538,mixed_high_risk,0.5515543222427368,1024,1024,41bbeafe61f12d574366a557a76688d1df38d146f582ccd6931a6793ccc9a8ad,3b62a65e49ce9b62d9401b78fa65ca7eff89c90a188dd8f71226991ec07d630a,dac49cf4a9f1e51b31d0cd13707575ee828f8403d1b4a0712cd68f911befc1eb,3.1169149500001367,0,866,678,False,0.0311351828277111,0.0,0.0
median_L2,00026865_003.png,26865,pure,0.5229468941688538,1024,1024,41bbeafe61f12d574366a557a76688d1df38d146f582ccd6931a6793ccc9a8ad,67b2ce5296d1850d002e8afc77288027811e38c244abb7e4db9558b244c838cf,309b9749b01a4a89c9274e553aa62badce1083dd182467a4bcea701eeedbe9da,3.1581578140001056,0,669,34,False,0.0508092418313026,0.0081505245816353,0.0003608805485384
median_L2,00026911_000.png,26911,mixed_high_risk,0.5718287229537964,1024,1024,41bbeafe61f12d574366a557a76688d1df38d146f582ccd6931a6793ccc9a8ad,b0c4f1385b9da6a0c028079b59b411fc7ec708491718c1b2366c9b876a480af2,ebf643fefc3f659450057c577e670b5877afea934406262527181345f7ff21be,3.3566351289998693,0,925,637,False,0.1086159572005271,0.0071950931823543,0.0007472131997499
median_L2,00027113_002.png,27113,mixed_low_risk,0.5391658544540405,1024,1024,41bbeafe61f12d574366a557a76688d1df38d146f582ccd6931a6793ccc9a8ad,b84b72ca2e0849b025bf57e731b9ac19ab045e9d6c085e088ec22fa7f0fa06ba,4b3131ae879a86efae4a0f6a3cbb820965a9618eb03f789efd9131e23bd24fb6,3.2218028830000094,0,308,651,False,0.1005737707018852,0.0022535265292814,3.975352812562115e-05
median_L2,00027357_014.png,27357,mixed_high_risk,0.5262800455093384,1024,1024,41bbeafe61f12d574366a557a76688d1df38d146f582ccd6931a6793ccc9a8ad,ec61d15353339b41f8cb4f0b730f2d9a7a44ea818dda6026a9699d5d6ce1c1b0,092edd9b49333b50f222c9140a3e8b54a5dde87aef777768520553dcf7240192,3.1586078129998896,0,930,532,False,0.0293523166328668,0.0001457141816327,0.0
median_L2,00027441_002.png,27441,mixed_high_risk,0.593042254447937,1024,1024,41bbeafe61f12d574366a557a76688d1df38d146f582ccd6931a6793ccc9a8ad,1038aee949f95c655b61927d85b9c73e4e7d2fe5436c2f844f925d8501af2605,935e21c96a68f6b2f3b50e121bc073fd883e18f330fd1ff6da0b578af172cc4e,3.1665432360000523,0,637,669,False,0.0751662403345108,0.0077402633790977,0.0003322995126273
median_L2,00027479_013.png,27479,mixed_high_risk,0.5806161761283875,1024,1024,41bbeafe61f12d574366a557a76688d1df38d146f582ccd6931a6793ccc9a8ad,65b613d8dad5fdf81f03da1d7ae04b9b3db62d81c408ddc9cc69c626e7883eda,649552781ab74ec18291e0c33ede826eb2cb74f87b6a83c83f2ac96d955cfb8e,3.3923368030000347,0,299,678,False,0.2980836927890777,0.0072576837596011,0.0004309098099864
median_L2,00027927_008.png,27927,mixed_low_risk,0.5624516606330872,1024,1024,41bbeafe61f12d574366a557a76688d1df38d146f582ccd6931a6793ccc9a8ad,8187e94969d280a23376a011e04a98f61b75e3039b23babd922e61ee989af5b8,50c29cfe874e8ce60af1c4e9401599a6b7a266ef55caf820075eda1b20d9bcb6,3.197566640999866,0,345,665,False,0.0313176773488521,0.0005139379985198,0.0
median_L2,00028208_005.png,28208,mixed_low_risk,0.5690696835517883,1024,1024,41bbeafe61f12d574366a557a76688d1df38d146f582ccd6931a6793ccc9a8ad,a45524d437cdca6b3fb83fe9b8425882e5540af987b884f14c569ad05100a11c,9960bf8b46cdec96efb75ce66d4a9226374a147ffc1f073a5eab36eba10d0268,3.1460545639999964,0,52,857,False,0.3415305018424988,0.0035492889267047,0.000372804114085
median_L2,00028285_014.png,28285,mixed_high_risk,0.5621182918548584,1024,1024,41bbeafe61f12d574366a557a76688d1df38d146f582ccd6931a6793ccc9a8ad,85dc01dafe90622c3149938e8b4d295b1cb2c544055dbfdffff8f48fb5045a42,119b2208305f32cf4211446c44be2232afbbc1c707f0b69ccb38ec0864360fcb,3.271983477000049,0,491,683,False,0.0820307508111,0.0004300725311511,4.707322239743922e-05
median_L2,00028383_002.png,28383,mixed_high_risk,0.581950306892395,1024,1024,41bbeafe61f12d574366a557a76688d1df38d146f582ccd6931a6793ccc9a8ad,2028815f31be41e7df7711d22fdeb710059b8c692639fbff1cc9d9dbf8dcec45,9627c446513c0e5c3e85c0cef56ac1baa5e0fca6a234d5f403a4ebb4b1dbca08,3.406049101999997,0,468,820,False,0.1156392768025398,7.222302470027445e-06,0.0
median_L2,00028518_012.png,28518,mixed_high_risk,0.6612704992294312,1024,1024,41bbeafe61f12d574366a557a76688d1df38d146f582ccd6931a6793ccc9a8ad,1d56fd85891fb6789650639322422f3cce0420a41e49e40d5fce62a12b405145,0c5ac2934a0d47325353a03bb58fe71a31e23c810ca5d3796f3ddb4d0b690d42,3.2136753659999613,1,368,651,False,0.2493264079093933,0.0076092470468874,0.0007330687304296
median_L2,00028640_003.png,28640,mixed_high_risk,0.5698258280754089,1024,1024,41bbeafe61f12d574366a557a76688d1df38d146f582ccd6931a6793ccc9a8ad,c415c931190a59e4861fc14bcfcd0b18eaa2c870fb35cfa0322811cb3cb0094d,ba56ec04f221d91f4fe8bb9384872ec9b12b89acae2623258e9570e704b1d210,3.142349453999941,0,669,468,False,0.0345384925603866,0.0007766236287739,0.0
median_L2,00028640_008.png,28640,mixed_high_risk,0.683929443359375,1024,1024,41bbeafe61f12d574366a557a76688d1df38d146f582ccd6931a6793ccc9a8ad,7acd3f17cfe1c90763830d473197af3a4ac7384d765e1e280c8d7f61f3c68189,a8af612c7e6f404d61acbdb4614dda65544b721714ab7a2de124314f1e061a94,3.135184022999965,0,537,911,False,0.0328237488865852,0.0001100473203477,0.0
median_L2,00029039_020.png,29039,mixed_low_risk,0.5532597899436951,1024,1024,41bbeafe61f12d574366a557a76688d1df38d146f582ccd6931a6793ccc9a8ad,dd91ca7821115c5c6e70efd10929c1b970c14414e2aa49d860a9df9a300e30b9,8db75b3bd3a646c667c3c3f1988afcd212fcfcc542d87405fadc8b80e346f4af,3.3623149370000647,0,925,436,False,0.2896369993686676,0.0006744108861599,0.0
median_L2,00029404_004.png,29404,mixed_high_risk,0.6159566640853882,1024,1024,41bbeafe61f12d574366a557a76688d1df38d146f582ccd6931a6793ccc9a8ad,981905e251c41e7d0168b2a146998d0acba1125b8ef071c88b50349473f7ea79,47dd427f6f4a6f6695c5a6fe4364f829be1e03e2b77c6181989e4f0af8d728b8,3.422539779999852,0,400,125,False,0.0771252512931823,0.0155695938496379,0.0018056763899604
median_L2,00029431_000.png,29431,mixed_low_risk,0.5155164003372192,1024,1024,41bbeafe61f12d574366a557a76688d1df38d146f582ccd6931a6793ccc9a8ad,c8585c0c79060dd56eb7102d9d07def010418e86e21ed464a703a98311a0264a,07f05ec6877758dc6a0dfd727b58e69f71d990a302e6031f42ada418356f23da,3.1195042580000063,0,637,596,False,0.114697940647602,0.0027975790181573,0.0001860084447833
median_L2,00029532_014.png,29532,mixed_low_risk,0.5117812156677246,1024,1024,41bbeafe61f12d574366a557a76688d1df38d146f582ccd6931a6793ccc9a8ad,6c6e97c117922f6bf5e15a00e6c32fe99fc05e0dd879812d0966a6272871627a,2d41b9b663d986b9f24fe7bc27a1b6aa98807dfffb77f2be126585a01fe55ab6,3.1950401779999997,1,303,852,False,0.246232584118843,0.0081965810503259,0.0008567952430728
median_L2,00029617_006.png,29617,mixed_high_risk,0.5457603335380554,1024,1024,41bbeafe61f12d574366a557a76688d1df38d146f582ccd6931a6793ccc9a8ad,b604aabaafd524c0ab0f3b9c88b6946c86fc08e849d56f4818c82448ba5a2390,0281bfeab46e6ec565f8eaf8bb326d654c8bc8f2c529ef8ab28b930245955494,3.2371589520000725,0,450,829,False,0.037949226796627,0.0005141944737625,5.449294316386028e-05
median_L2,00029861_013.png,29861,mixed_low_risk,0.6004641056060791,1024,1024,41bbeafe61f12d574366a557a76688d1df38d146f582ccd6931a6793ccc9a8ad,1bfc7a415f8df38552056fee03cd5edb75a349a0991cb096a0697869de4f5749,1c66f8d689b6b333561c789a4f4d06bf0560818492f4497b47c6ca6639bfca6c,3.514470940000137,0,267,980,False,0.2822681665420532,0.0029850361778656,0.0004589380628907
median_L2,00030323_028.png,30323,pure,0.6212197542190552,1024,1024,41bbeafe61f12d574366a557a76688d1df38d146f582ccd6931a6793ccc9a8ad,0bbc7919f362f6f8fbe171a577edc4e781cef96e488f049da4a8ff5768d2f877,20ae2b6207eaedf88452417b2d34d300be7f8b89ef95d5aeac4ebb952a6ff7e0,3.193985158000032,0,66,34,False,0.0634168237447738,0.0,0.0
median_L2,00030408_013.png,30408,mixed_high_risk,0.594279408454895,1024,1024,41bbeafe61f12d574366a557a76688d1df38d146f582ccd6931a6793ccc9a8ad,d7cc2a58d3f4d9ce349da9eae6e73851206d652e540a4f8f13b7fa07cfb7ab6f,5021ed771640be25b3127b448f95bde70a117ee607fe6d79c7f96767a24e5b2d,3.148772295000072,0,642,70,False,0.0361689738929271,0.0,0.0
median_L2,00030573_002.png,30573,mixed_low_risk,0.4405782520771026,1024,1024,41bbeafe61f12d574366a557a76688d1df38d146f582ccd6931a6793ccc9a8ad,a00af92771e04c1b28d2d2cf72c40001c48abce7e5dfad1381f57116915a49ec,27b5126c77876c4c0c7f8739aab3ab38e555e950182e923f49ef2384ab3ce7fc,3.157319019999932,0,235,75,False,0.0271339993923902,0.0021359914560341,0.0
median_L2,00030636_004.png,30636,mixed_high_risk,0.658108115196228,1024,1024,41bbeafe61f12d574366a557a76688d1df38d146f582ccd6931a6793ccc9a8ad,e2364da8208959c5db579fd15a65a4b07325fbcb53163039075b28927dbf5188,d8409ffe4274cbce00f738610ca38d545e5949bcb4b24a8e973f56007924835c,3.4831029439999384,0,102,1012,False,0.0334798581898212,0.0001247388280787,0.0
median_L3,00000032_037.png,32,mixed_low_risk,0.5213861465454102,1024,1024,a46f6e71c3e3725bc060cb3c113a419f12ef917ec7b326822e104e84e10fe159,072d1c4266e8b2b77423bf53914c78e517f544286486b137e139a45148c20db9,cead78085e15f49f8231f83364200eee9e5fce2930768a3e5caeaaceb7afe0e5,3.577506074999974,0,857,11,False,0.0581624507904052,0.0001794570608196,0.0
median_L3,00000211_016.png,211,mixed_low_risk,0.6242980360984802,1024,1024,a46f6e71c3e3725bc060cb3c113a419f12ef917ec7b326822e104e84e10fe159,f618acb6c07c8f66c82ca44bec9f9d098c1ed06a478c99b1a188f121d558fb19,f41ef337acf65cf01931de1e5910910ee313c244a09325f2f4e860072a8eedab,3.180430195999861,0,925,651,False,0.1213498637080192,0.0043394282771053,0.0002607935949093
median_L3,00000468_041.png,468,pure,0.5403850674629211,1024,1024,a46f6e71c3e3725bc060cb3c113a419f12ef917ec7b326822e104e84e10fe159,1959b8c2dead9caa18c9dd4e9a7becbc19a3325a5bf8ccce69e99bf9b36ed065,0dc321dcb39f48c0603d26ee143ede11d81e966107e47becdeb53caedea06a8d,3.122756231999801,0,180,889,False,0.0124159026890993,0.0043821209465381,0.0
median_L3,00001039_005.png,1039,mixed_low_risk,0.5113744735717773,1024,1024,a46f6e71c3e3725bc060cb3c113a419f12ef917ec7b326822e104e84e10fe159,be6fdc4077156b505fe7a5b167f4c0c1def9255811e5fa107a7191a45a668f47,7945b89c57d7ccc68ce073b939f9d22ec6cc568abbf01c9697f280d7554e5b20,3.5156933820001086,0,280,267,False,0.0716164633631706,0.0,0.0
median_L3,00001900_026.png,1900,mixed_high_risk,0.7062391042709351,1024,1024,a46f6e71c3e3725bc060cb3c113a419f12ef917ec7b326822e104e84e10fe159,d3d0ea8731364b34dd4bf7fb8353a5bb4edee85c981d2ab068c092984b1f929c,50a8ac7484b0298246db4bc9d32cb2523294dcc42ffb2e2f5f7ed0a4043d3d35,3.223433562000082,0,688,381,False,0.0618580803275108,0.000361593235425,0.0
median_L3,00002224_007.png,2224,pure,0.4491123259067535,1024,1024,a46f6e71c3e3725bc060cb3c113a419f12ef917ec7b326822e104e84e10fe159,95f9a2291fb46ac71954755db74085b621e99add4e78f54d9b1b491c18f8bef6,fb727971030a4983d9ef6408645fdf819c9d8dac1a603d0e6bbe2fb36830be70,3.1644270859999324,1,381,568,False,0.1006381064653396,0.0123801698164886,0.0016994733500168
median_L3,00003149_007.png,3149,mixed_high_risk,0.5051248669624329,1024,1024,a46f6e71c3e3725bc060cb3c113a419f12ef917ec7b326822e104e84e10fe159,0a447f72fdd1787e34382564a27a78953f889cac7de3965cb757f6bf9a95d462,22f75101008532a5c0a931487ec0a671aad4b93828f9eab20a6b5de7b8597f8c,3.280530274000057,0,523,619,False,0.0891127064824104,0.0017975645028315,8.305992773786287e-05
median_L3,00003333_002.png,3333,mixed_low_risk,0.6084713935852051,1024,1024,a46f6e71c3e3725bc060cb3c113a419f12ef917ec7b326822e104e84e10fe159,6da5f5c8c9d6e8f37ecaaf6ce820c868f6e1da6829bfeceb65a0498baa47c11f,47be8284e0a670d644343fabc8d6600d327ff3fbaf152dd8e21b643f73a37dc5,3.4483388200001173,0,450,783,False,0.1732357442378997,0.0013501503964998,5.169695246465221e-05
median_L3,00003973_008.png,3973,mixed_low_risk,0.5891028046607971,1024,1024,a46f6e71c3e3725bc060cb3c113a419f12ef917ec7b326822e104e84e10fe159,979a7a2afc1e4f959b08d1214a753a29942accff7cf29dccb2197581ec9ec6dd,45a396e3d51467f17319190d66c6cdaf7d193300288a9d8019e27bbc95f56a05,3.280355785999973,0,724,706,False,0.0753928944468498,0.012650167678397,0.0009009617766966
median_L3,00005066_030.png,5066,mixed_high_risk,0.5949609875679016,1024,1024,a46f6e71c3e3725bc060cb3c113a419f12ef917ec7b326822e104e84e10fe159,c4250f329ac52c6004cf2e0ac43f359bcdebbaa2c6e3fe20e9418ce591877802,7567113b127ddd5b47684375767136572a4c8e1b7c30781e7867f61f4f4a29d0,3.225597909000044,0,560,285,False,0.0306384172290563,0.0,0.0
median_L3,00006096_010.png,6096,mixed_high_risk,0.5087718963623047,1024,1024,a46f6e71c3e3725bc060cb3c113a419f12ef917ec7b326822e104e84e10fe159,3f2dcefe3fa41bfdfba2b025ba91c855baf5277050113be9c25bd1fa916c3915,8b5c446941232e98fb3c9880bb8c558c3301dd49e87d1b2747f36b68cdd7438c,3.202179770999919,0,596,450,False,0.0652399286627769,0.0030361700255214,6.91754288876591e-05
median_L3,00006304_060.png,6304,mixed_high_risk,0.4367437958717346,1024,1024,a46f6e71c3e3725bc060cb3c113a419f12ef917ec7b326822e104e84e10fe159,9b0c1b51e0e00eb5e2cd27b61dc47379e4dee7e53b3be753c6e7703b7bc6be54,bf759c3441ce6968cfb0c9d945db52c6cd8e75a00a216d1b1af878305dd0f5e4,3.491040701999964,0,527,596,False,0.0295041836798191,0.0,0.0
median_L3,00006836_002.png,6836,mixed_high_risk,0.5562841296195984,1024,1024,a46f6e71c3e3725bc060cb3c113a419f12ef917ec7b326822e104e84e10fe159,4908e495fedf36c1b91d1eeeb0589ec7eb340042fe6b0bd2ec4b4e2093810e7b,f0140a17637cf026bada5e1dd0680171c2ab4d82f995871433adbc6b5de2a058,3.2576353259999,1,322,450,False,0.1137531325221061,0.0043214556482183,0.0006040809020941
median_L3,00007124_006.png,7124,mixed_high_risk,0.5815293788909912,1024,1024,a46f6e71c3e3725bc060cb3c113a419f12ef917ec7b326822e104e84e10fe159,253d7468a38e2fe057952adcf4735ca65a7e15eb6eed5c3bf26d41145fc17fcf,628d522037eb936d5798bed8abe04de66c6bf80a5d5c6c3429f9779b8dfc8d8c,3.1281143969999903,0,125,783,False,0.1435542404651641,0.0052687850147543,0.0004785271803438
median_L3,00008814_010.png,8814,mixed_high_risk,0.5479015707969666,1024,1024,a46f6e71c3e3725bc060cb3c113a419f12ef917ec7b326822e104e84e10fe159,2b665dbc707a172d1dff7987020d228686a96265c908ec3bee210f016f8594ec,a849bc58ed621114e6a2445153d7139136c99f10053c59979d12a256509bbf0b,3.1492516889998114,0,322,642,False,0.0684775412082672,0.0006480107774424,0.0
median_L3,00009431_004.png,9431,mixed_high_risk,0.4400544166564941,1024,1024,a46f6e71c3e3725bc060cb3c113a419f12ef917ec7b326822e104e84e10fe159,61995c8df3b78af9f2746d7affb1bb15bc5c6dfa3b383baf85596a889e44dffb,2aba5c725e124e4515d7fdd82569f5c422a7ee3ef189389be635658b07bcfe6a,3.2830276519998733,0,340,706,False,0.0929367095232009,0.0002559508574353,0.0
median_L3,00010092_018.png,10092,mixed_high_risk,0.6024861931800842,1024,1024,a46f6e71c3e3725bc060cb3c113a419f12ef917ec7b326822e104e84e10fe159,5091fab652136418768817d9baafcb5e350804dfe9f4716c4dcf48673464ac4e,5d8cdd15f9b6076db95460345f130b6ac1134990930e2e7500f0803b1d9d8ffd,3.400868859999946,0,363,477,False,0.0213359389454126,0.0,0.0
median_L3,00010120_010.png,10120,mixed_low_risk,0.4498082995414734,1024,1024,a46f6e71c3e3725bc060cb3c113a419f12ef917ec7b326822e104e84e10fe159,64a67631f2f5dc54d7a26ec5bcc9779850aa6d2554fe900ea6639e62da1c5f96,187735753628b2ce18e36c49c020a164aa020b27e9ce0827588b9bf79725349b,3.191144755999858,1,358,710,False,0.3498623371124267,0.0025030925890321,0.0004609917493366
median_L3,00010230_001.png,10230,pure,0.4786502420902252,1024,1024,a46f6e71c3e3725bc060cb3c113a419f12ef917ec7b326822e104e84e10fe159,ac52133e69af9c4803596227cb270d3b320db158115e8c40aa2ffd74227f8dc6,891a4ec17e07576420f74d1ff4713cb85cde3a8bb141ccf072640108d718e840,3.1544164379999984,0,61,514,False,0.0163466837257146,0.0,0.0
median_L3,00010277_000.png,10277,mixed_high_risk,0.5119730234146118,1024,1024,a46f6e71c3e3725bc060cb3c113a419f12ef917ec7b326822e104e84e10fe159,a95e3755b8205585722bfd9b54955fc9f3ae818449e32255542d0c104f55836d,bfb953efc78d40a78d295469e5891a0e29cbb7dbeaa9ba464484624a80b9a6e6,3.0738337059999594,0,249,647,False,0.0378574207425117,0.0,0.0
median_L3,00010805_049.png,10805,pure,0.4650106132030487,1024,1024,a46f6e71c3e3725bc060cb3c113a419f12ef917ec7b326822e104e84e10fe159,21db968c2d71757f390edbb79ae697ae861d12995d6573dbdc01f62b903f0cb0,985e781b414131876bc07e5526ecd57e98489d5f1e339fcb14fb93ffcba8af58,3.2835250979999278,0,907,418,False,0.11601422727108,0.0140035840307413,0.0021505376344086
median_L3,00010828_039.png,10828,mixed_high_risk,0.5407140851020813,1024,1024,a46f6e71c3e3725bc060cb3c113a419f12ef917ec7b326822e104e84e10fe159,758680912097cb4558534067419d122722cbae92af2b5708c9f35abc2d31e870,5de13164e9501e06521de1e0d983258f24f1dd18e464f1fc7f50ce08bcd4a380,3.1210600460001388,0,253,66,False,0.0547860562801361,0.000171352909105,0.0
median_L3,00011023_004.png,11023,mixed_low_risk,0.5554294586181641,1024,1024,a46f6e71c3e3725bc060cb3c113a419f12ef917ec7b326822e104e84e10fe159,3c19398388e174a37f6cb5428da223fc00bd87962b2afe42262f8d8bbf210967,9e1cac7ff0146d29d79490428871f2aaacde07c723944508b1fe255c27398bb1,3.136239413999874,0,651,418,False,0.0563743412494659,0.0005893793835091,0.0
median_L3,00011124_000.png,11124,pure,0.5511454343795776,1024,1024,a46f6e71c3e3725bc060cb3c113a419f12ef917ec7b326822e104e84e10fe159,7295cee81fec9f5b0d4afe6395b358385f2f93565be5f56e90ff966cade6b765,c481475bd5f2fd345e11daba5e8e66202b7c5219c2141075f00b6d60d201cdd3,3.162823668999863,0,386,665,False,0.0354500412940979,0.000639467962655,0.0
median_L3,00011237_094.png,11237,mixed_high_risk,0.6568446755409241,1024,1024,a46f6e71c3e3725bc060cb3c113a419f12ef917ec7b326822e104e84e10fe159,1c8fdce3fe40dbcc6c6cd7ee06e918faa2a70d6471f4dbb749deb82fc18eb3e8,89f99a64c0eb2e05f3af0683f8f8a42792931da99d6968204a0caab304d6c96c,3.4029379619998963,0,89,212,False,0.0406320318579673,0.0002788067072927,0.0
median_L3,00011269_018.png,11269,mixed_high_risk,0.580035924911499,1024,1024,a46f6e71c3e3725bc060cb3c113a419f12ef917ec7b326822e104e84e10fe159,e18dddee654911ce8ddad677532df6ad9f61f3519643236c1bf0a5b667cde44a,5fc940d8c9da594bee6c61ad19277b7577b8949f37fc000be09c538e8f1671bc,3.15831729599995,0,258,477,False,0.051925141364336,0.0012408468396703,0.0001912076355582
median_L3,00011366_002.png,11366,mixed_low_risk,0.5172979831695557,1024,1024,a46f6e71c3e3725bc060cb3c113a419f12ef917ec7b326822e104e84e10fe159,977c3485c8aad1b22220151065c623e383cbee6d25eca9aed44dd99921209bc3,ecb71a903d83f191af0e83a1004c3ad042a1f97c4176920ff70ad8fee20104da,3.2210080729998936,0,231,116,False,0.3077210783958435,0.0005093823032098,2.1331614163243733e-05
median_L3,00011925_072.png,11925,mixed_high_risk,0.5395533442497253,1024,1024,a46f6e71c3e3725bc060cb3c113a419f12ef917ec7b326822e104e84e10fe159,a69789e13d9567b1d0cf228f49e672a900e70317bb5187b97fa91eaf0e2f4794,edfbbf9e32f77d4c4f29a01b9280035db22b8746401a7d77e34b5857490f611d,3.1873443150000185,0,623,281,False,0.0831655040383338,0.0016064936163016,0.0
median_L3,00012021_054.png,12021,mixed_low_risk,0.6567503809928894,1024,1024,a46f6e71c3e3725bc060cb3c113a419f12ef917ec7b326822e104e84e10fe159,5ef6697a6cb4be6ed6ca0ec6036815dc263d466473c756cca838cc5d137069c5,07f9301a579b2722488220c8a2d73f1d638c6112e325c1b1de59ee1f2ed549f4,3.415405804999864,0,770,80,False,0.1648011654615402,0.0092688714222156,0.0007938908211099
median_L3,00012021_081.png,12021,mixed_low_risk,0.5978939533233643,1024,1024,a46f6e71c3e3725bc060cb3c113a419f12ef917ec7b326822e104e84e10fe159,7fe0cbbc10b58c0e27717c1cdd815c51f1e504196763386885c2fb032ab97a57,875e31e8581c7c38d673f6533b906d490cf3ec3172a09ca7c8349c3752f8e6bf,3.2579380090001,0,276,619,False,0.0528967976570129,0.0002247134902998,0.0
median_L3,00012364_045.png,12364,pure,0.5954174399375916,1024,1024,a46f6e71c3e3725bc060cb3c113a419f12ef917ec7b326822e104e84e10fe159,97bb97dbced5d945c474b897ba9ad717c8f6a0bea1db2fde63a4dfeb98581198,a1f5f80bfca5fa3ee36c7b0ecb8baed80260ac4d4a2174a1ccb178e55a5a4dcc,3.202930606000109,0,984,637,False,0.0914604067802429,0.0011014052411697,0.0
median_L3,00012376_010.png,12376,mixed_high_risk,0.5487380623817444,1024,1024,a46f6e71c3e3725bc060cb3c113a419f12ef917ec7b326822e104e84e10fe159,9cce80403e686dfb07c559da3ffa42a15907a691a4540b4c1675f1b8660c1e74,1db535e89197bcd16619e9467b558ed579e66d197d1ee40f6466c282db4a4914,3.163532803999942,0,765,482,False,0.1199215650558471,0.006593516375564,0.0004748096522019
median_L3,00012505_007.png,12505,mixed_high_risk,0.5841873288154602,1024,1024,a46f6e71c3e3725bc060cb3c113a419f12ef917ec7b326822e104e84e10fe159,51f82e4a77ade9947bdf70d3e0e1961d9ed3691e49b497fb39b73f3a4c259a6b,1d862299ea284cc957acd5b0d537587ccccd6c4208bc26d5486e397758d0b363,3.423045355000113,1,496,418,False,0.0518674738705158,0.0045472094719231,0.0010513365395369
median_L3,00013106_000.png,13106,mixed_low_risk,0.4827907979488373,1024,1024,a46f6e71c3e3725bc060cb3c113a419f12ef917ec7b326822e104e84e10fe159,30df147ed9e75ce12f31344917c19cde872ef9633cd475331efa1dcc41854440,08f3a7b5c0e2d01b5bc687412f8dda9f7a45254fbc6010d79a5d9f257bfba6bd,3.32837030099995,0,212,633,False,0.0913770124316215,0.0012949701985335,1.7736471506358525e-05
median_L3,00013310_057.png,13310,mixed_low_risk,0.5363637804985046,1024,1024,a46f6e71c3e3725bc060cb3c113a419f12ef917ec7b326822e104e84e10fe159,2fc40003846764193afe616b0f43652c9020b27effb1f76133c3935e7e7adf06,37653c4dc3590750ed1d327b9a2099a7fa8a4d02465bd3bd43f5efcc6c600b08,3.303739381000014,0,47,637,False,0.415909081697464,0.0001506151258663,0.0
median_L3,00013391_005.png,13391,mixed_low_risk,0.6192788481712341,1024,1024,a46f6e71c3e3725bc060cb3c113a419f12ef917ec7b326822e104e84e10fe159,fced4cb51b427d689ffea7a5997fbb291c9360b708055ca9a3d444f0798afb8a,80f532e4561ae256d2d23ec072d348038e4d4c6315a4f57952da6ab479e1b500,3.160000729000103,0,573,345,False,0.1508745551109314,0.0053612769586937,0.0003274896891918
median_L3,00013471_029.png,13471,mixed_high_risk,0.5594668388366699,1024,1024,a46f6e71c3e3725bc060cb3c113a419f12ef917ec7b326822e104e84e10fe159,96ec9ff00a4316514e4245cb0f8debab6ba2601aa21f3e240af50664d6ca6fd8,648b423015b39240e47a95538ab7121712bae9c6ad9f9ee2c035d8d8a319b2de,3.2241185369998675,0,102,1012,False,0.0746775940060615,0.0002172446517796,0.0
median_L3,00013670_151.png,13670,mixed_low_risk,0.4897599220275879,1024,1024,a46f6e71c3e3725bc060cb3c113a419f12ef917ec7b326822e104e84e10fe159,035b4943af0a69e3f5f88752065173a05c629277b71c0275fb8532b8785f0b86,506a809a65cdb3c5948448249313e911a9b75846524ead6ec5807020e85e7dd4,3.384839170000077,0,999,1007,False,0.337780237197876,0.0036940163618191,0.0003757273990805
median_L3,00013922_021.png,13922,pure,0.5553427934646606,1024,1024,a46f6e71c3e3725bc060cb3c113a419f12ef917ec7b326822e104e84e10fe159,830d5b3926562326fc54f6df4d9d9764fe953d6a987daa9b9ec4355aa61f496f,1740ce6b567ee516320afecb811730eaf3b2873bdc0f7ec2ea3180cf2dbb98e2,3.1686106909999125,0,29,857,False,0.0852859690785408,0.0050990200698396,0.0003814367450731
median_L3,00013922_022.png,13922,pure,0.5896392464637756,1024,1024,a46f6e71c3e3725bc060cb3c113a419f12ef917ec7b326822e104e84e10fe159,6e8f7cd745cf7bf020859a83360531a830be434f3e9ea7d33f0e33247ddfd1a2,1a17b9ee46a110e67ec2f55152eb29cfea674e84c4310753c00fce4bb19095ae,3.1384362209998926,0,11,20,False,0.0691588819026947,0.0003933573908433,0.0
median_L3,00013993_083.png,13993,mixed_high_risk,0.5968016982078552,1024,1024,a46f6e71c3e3725bc060cb3c113a419f12ef917ec7b326822e104e84e10fe159,f0fae3896b5f0da89ee7380c59063eb93a4387eae5cbbf25f10b107e533eba84,096a525a5f21984f871cfdebffe939af39d9aced9e836e6f43d240a5bd853725,3.1406677200000104,0,258,747,False,0.0954824164509773,0.000894149205266,0.0
median_L3,00014203_018.png,14203,mixed_high_risk,0.5770519971847534,1024,1024,a46f6e71c3e3725bc060cb3c113a419f12ef917ec7b326822e104e84e10fe159,75d309a912ffec77e8289ef459b65251b344db8c2fd6d6853a1419ae3b883ab9,8949c0b8bd235ce52059af90a7215aefe9deac7fe46153bba1da2734be6f14f2,3.387895852999918,0,907,226,False,0.0401538498699665,0.0014673143088443,0.0003733930762255
median_L3,00014251_029.png,14251,pure,0.4362314939498901,1024,1024,a46f6e71c3e3725bc060cb3c113a419f12ef917ec7b326822e104e84e10fe159,283aec3dea4ff050068be9ae149606fa40c2d8d519e049fae583821611ccabd6,1d66f26601cf22863884c0320c7593b54a23bbf6db8b9b13ba39ea8f539df138,3.185057992000111,0,528,857,False,0.4985836148262024,0.0092073803510072,0.0006372624748957
median_L3,00014617_003.png,14617,pure,0.5131661891937256,1024,1024,a46f6e71c3e3725bc060cb3c113a419f12ef917ec7b326822e104e84e10fe159,dd023114e2a067030a12a34bd5d358582977b4dde3659098677f980149e86879,3e2063c9107a98d1dda2537dc694bf6301ae95c228f431c84215591de4f0654f,3.098338700999875,1,523,569,False,0.0943347662687301,0.0242373589636439,0.0049024142077513
median_L3,00014738_000.png,14738,mixed_high_risk,0.5910930633544922,1024,1024,a46f6e71c3e3725bc060cb3c113a419f12ef917ec7b326822e104e84e10fe159,6689f9e82ccafcd25146b5f26584f1a183ad2d4dd7ace2146cb8f73904c2d6da,d6753d251bc5169cc1117539722e24f909c28769fb0fc8c426e6049e585dd36a,3.18957050899985,0,326,669,False,0.1895623952150344,0.0197862178758244,0.0025895599844836
median_L3,00015069_001.png,15069,mixed_low_risk,0.4818193614482879,1024,1024,a46f6e71c3e3725bc060cb3c113a419f12ef917ec7b326822e104e84e10fe159,1b4b73ea3092c70f1bffbe667a1f3c13447b7383fe14ad23c350c63f1394f23d,45298d1f0e003439f255f2504d8ddbe6207396999441a5e4528d7e44300699a1,3.430134185000042,1,349,642,False,0.368077278137207,0.0023273075281329,0.0002839078828115
median_L3,00015732_020.png,15732,mixed_low_risk,0.5799141526222229,1024,1024,a46f6e71c3e3725bc060cb3c113a419f12ef917ec7b326822e104e84e10fe159,b4d5afb245364a3bdc4f7ac4b2be64e9ca6778271838bcd114ce025d91257328,ee8710e71578407b322c6d052b2694e84b69a6b4adfa5dac6d5129be4c256626,3.2184040770000597,0,729,395,False,0.0604217126965522,0.0106299598314881,0.0001055047081476
median_L3,00015831_011.png,15831,mixed_high_risk,0.4124220311641693,1024,1024,a46f6e71c3e3725bc060cb3c113a419f12ef917ec7b326822e104e84e10fe159,3ec959f705b403324560bbdd0951a1fe08a674ff543c34905aa3712641ffc6b8,fe8bc9e4931963dfd3c4222faf03511440052279a01129911d021e427916769b,3.0802650580001227,0,66,948,False,0.0810161679983139,0.0036570604445131,0.0004370092181631
median_L3,00016094_007.png,16094,mixed_low_risk,0.4408971667289734,1024,1024,a46f6e71c3e3725bc060cb3c113a419f12ef917ec7b326822e104e84e10fe159,15f519f34c51a0ab3e840db68e83ad053b3cd172bbd46cf3ecf75e8ada0f62b9,df251f7db3b88b35a1873766733d75106e628513f688f59466d740f385b243f8,3.2195289240000875,0,107,477,False,0.0231820698827505,5.941770647653e-05,0.0
median_L3,00016191_004.png,16191,mixed_high_risk,0.4543756544589996,1024,1024,a46f6e71c3e3725bc060cb3c113a419f12ef917ec7b326822e104e84e10fe159,b7381d8a925973581a4893ef1d3baf6a4e998862b67191a2178376f1f47af982,449bd5753e663d86305e09205300e8f1bf3d2c365f592afeba8d41fe33ac1e81,3.369159876999902,0,313,496,False,0.0499348267912864,0.0034176541446059,0.0
median_L3,00016417_008.png,16417,mixed_high_risk,0.4563757479190826,1024,1024,a46f6e71c3e3725bc060cb3c113a419f12ef917ec7b326822e104e84e10fe159,53f25e6f7d920742708d5da8a00034153c71c8f3e16eabdeebdb5c0c32e0026a,f0a92377fac17526e3b890fd6c5960269952fda3eb5eee2818e4e8bd0dfac671,3.18120150499999,0,477,400,False,0.0438775718212127,0.0006061492799364,0.0
median_L3,00016705_006.png,16705,mixed_low_risk,0.6746292114257812,1024,1024,a46f6e71c3e3725bc060cb3c113a419f12ef917ec7b326822e104e84e10fe159,89496aa72af9aaf928b7133b745256ca574f87c924a3eba9b20c7027d7151ccf,cbc71ac458d7e50054d54c924c60203306caa458e15d107f45e9f246fc51ef96,3.079080033000082,1,715,527,False,0.0683947578072547,0.0486975311112,0.010789814415192
median_L3,00016732_040.png,16732,mixed_high_risk,0.6065146923065186,1024,1024,a46f6e71c3e3725bc060cb3c113a419f12ef917ec7b326822e104e84e10fe159,90e1ca28dc1fdd5dd4204c83f673563975172b128e74d59c633f05d56097ce12,887243cf02036971694443fd75a7c77d749716ffbe255f0e1acfbce3d0ae4b73,3.1351674790000743,1,244,770,False,0.0762760192155838,0.010476501305483,0.0016343139216863
median_L3,00016786_001.png,16786,mixed_low_risk,0.4987193942070007,1024,1024,a46f6e71c3e3725bc060cb3c113a419f12ef917ec7b326822e104e84e10fe159,4b187936131e9c8bc13cc18e77afe6edc780a8f7630b21cbbf734d82dc7e209e,a779d4a3d3343784f32ff0b1f07842815545b12dfc78ba0f06b0a81b360e9672,3.4099931349999224,0,326,614,False,0.0970392003655433,0.0,0.0
median_L3,00016786_009.png,16786,mixed_low_risk,0.5353459715843201,1024,1024,a46f6e71c3e3725bc060cb3c113a419f12ef917ec7b326822e104e84e10fe159,f5c47322b8c6a864549f821df17264d97952fe1263ad8dabc27c545ddf84c39e,093dcc6212504043232636997c07b26ac23a4d47195cb2fc1889b3d66575bb73,3.326135387000249,0,267,797,False,0.0847413912415504,0.0011357937280585,0.0001661782034625
median_L3,00017083_002.png,17083,mixed_high_risk,0.4854897260665893,1024,1024,a46f6e71c3e3725bc060cb3c113a419f12ef917ec7b326822e104e84e10fe159,72b3b3c42cb2bfc6f6434f57f7c9aacb27256f0abfc34d68f2587faec46165a1,1f5028a9e074eae738ed45ffb57183fbaa766238f12d94fdb115ba86d13917be,3.0923955479997858,0,93,843,False,0.066973477602005,0.0009555980265789,0.0
median_L3,00017138_037.png,17138,mixed_high_risk,0.5514172315597534,1024,1024,a46f6e71c3e3725bc060cb3c113a419f12ef917ec7b326822e104e84e10fe159,ca135848faac6e848b770e30ad0436dab1af7dc7765f34b7ff4684c99ab017c1,0efe098c7ee8276a9db39022ef484821abc654088ae6f888e96a4060b9603a9b,3.115156521999779,0,852,16,False,0.1111882328987121,0.0016265060240963,6.138735420503377e-05
median_L3,00017544_003.png,17544,mixed_low_risk,0.4927325546741485,1024,1024,a46f6e71c3e3725bc060cb3c113a419f12ef917ec7b326822e104e84e10fe159,6232ffca224417cbbee640af32a2d2a44fe71469c7f7042893e1f1fce13068d9,bb7ae052b976068d4ca65ed2864149636c47796296d09f64445ded48862e875c,3.128793373999997,0,79,998,False,0.1392772048711776,5.232253938724493e-05,0.0
median_L3,00017714_009.png,17714,pure,0.4451566338539123,1024,1024,a46f6e71c3e3725bc060cb3c113a419f12ef917ec7b326822e104e84e10fe159,9d4e8f99f138c775946d26c6534f1a6443f59ca2ec5d9c83dd2b08dd0b8ed69a,2dd8c0e311c7dc96d400f40e8eeade44c2010bced42565f80252e2e958a4af11,3.4596899909997774,0,253,807,False,0.0229814983904361,0.0,0.0
median_L3,00017972_032.png,17972,mixed_low_risk,0.5673162341117859,1024,1024,a46f6e71c3e3725bc060cb3c113a419f12ef917ec7b326822e104e84e10fe159,045feeb8bd0fb78aac458710771973f4a97fa8865ee460eabaebd0b78bdc62ae,3ee027ba068bd8a027cd8f9b7a904d1e0d47784053568d2e534156640f4389a3,3.214110208999955,0,765,125,False,0.0890259817242622,0.0006781596887603,1.832508704416346e-05
median_L3,00017981_014.png,17981,pure,0.5371416211128235,1024,1024,a46f6e71c3e3725bc060cb3c113a419f12ef917ec7b326822e104e84e10fe159,b1fd226d91eba5f3582dfb23787bf4fd3c8894563075742fa48c9822af2e7115,d94824b1c12f8b46e34f9c6b9ad83bf9f7f9e0304d44fe6c44c92f42856af575,3.1070065710000563,0,445,514,False,0.0348171815276145,0.0,0.0
median_L3,00018253_054.png,18253,mixed_high_risk,0.560143232345581,1024,1024,a46f6e71c3e3725bc060cb3c113a419f12ef917ec7b326822e104e84e10fe159,32a0ffbf11241b217ee1baa068eefc229bd152138a0db8ca6dfdf8d5b03c9566,16f2129de17f10a0426fb5c6d0997aeeb538889e579b333a00fd90bcc3d13016,3.166024641999684,0,194,1003,False,0.0470374636352062,0.0067355080966909,0.000855565061834
median_L3,00018253_059.png,18253,mixed_high_risk,0.6226406097412109,1024,1024,a46f6e71c3e3725bc060cb3c113a419f12ef917ec7b326822e104e84e10fe159,0d868bc3076f5b51edf4b4acf2f4055663f741fc7ce53467a5617b5843c21e73,f23dbfeac3a9e6241df874900e09235a908db7c5efdf4cfb4e71390917bd8abe,3.372656214000017,0,495,728,False,0.0803215429186821,0.0002471615045956,0.0
median_L3,00018393_000.png,18393,mixed_low_risk,0.3126759529113769,1024,1024,a46f6e71c3e3725bc060cb3c113a419f12ef917ec7b326822e104e84e10fe159,426812084635d4488140d712d1d2eb9165b8899cd2e6d39db35a63399f4aeff6,bdfe9af2d6ce1ee74f76ae89f92104036196443362eb15bcecc20f96974b1d17,3.164637675999984,0,574,381,False,0.0441520996391773,0.00577262280186,0.001233045622688
median_L3,00018721_010.png,18721,pure,0.4390213787555694,1024,1024,a46f6e71c3e3725bc060cb3c113a419f12ef917ec7b326822e104e84e10fe159,e29b2fc3fe3f50287fc83113b386e61ea75fd0aafc187dac845447058d1c71de,58fc6a10474493195cf1739f48ce023e1f5169161d02cd34361e5690195281e0,3.197117395000077,1,454,564,False,0.1279207617044448,0.0064721200980392,0.0021002736136267
median_L3,00018921_038.png,18921,mixed_low_risk,0.5625289678573608,1024,1024,a46f6e71c3e3725bc060cb3c113a419f12ef917ec7b326822e104e84e10fe159,3603624d490a61f8803be88c9f0fc7cf526bd53c4f3a19b4832b7fcad080d713,43a1531567c7b9b304d962f9ebb2bdbcd006e78d4f57f12846bde62ec69b7c38,3.108546368000134,0,230,1022,False,0.1024650707840919,0.0003147008713958,0.0
median_L3,00019018_007.png,19018,mixed_high_risk,0.4650220870971679,1024,1024,a46f6e71c3e3725bc060cb3c113a419f12ef917ec7b326822e104e84e10fe159,34774daec679212afdced7bc7182f217e52aca0785d9b7906ad6bdc4e5efb04a,711ba79d0a55e9db3715eacc59f451c5887758c1e60c5fc72836e11cf3983bbf,3.3628682389999085,0,125,779,False,0.2991426885128021,0.0018920981382172,8.743459892000783e-05
median_L3,00019150_002.png,19150,mixed_low_risk,0.474304586648941,1024,1024,a46f6e71c3e3725bc060cb3c113a419f12ef917ec7b326822e104e84e10fe159,61d1b08b5980120135c1c2f7cd1ba2ee748832baac19e25a2db101e4d3afba73,53aa570ff741a3cf755fd0ad652c877123201117e541a13f90c0031c1d51e259,3.152705405999768,0,418,710,False,0.0848051235079765,0.0,0.0
median_L3,00019363_043.png,19363,pure,0.494100958108902,1024,1024,a46f6e71c3e3725bc060cb3c113a419f12ef917ec7b326822e104e84e10fe159,a22a338c79730a5c3395f6c06d60740074c7659fcddd190fc36b140a20815146,11642fe55fbce7829d3825c2fac53fb7181f9b26a9d56644c2658857ef7fd6ef,3.1165294819998053,0,29,994,False,0.0599899664521217,0.0002072646251101,0.0
median_L3,00019625_002.png,19625,mixed_high_risk,0.5347769260406494,1024,1024,a46f6e71c3e3725bc060cb3c113a419f12ef917ec7b326822e104e84e10fe159,4047ffb48e07fe401cdc3655235acd51b9f2aa02e914d512c987616408dac8b6,fe92fec18f3408c1d61b06d14536312b7f405b3444deafc1cf29a61c41157c0b,3.2488299890001144,0,125,43,False,0.3140884339809418,0.000797725006463,0.0
median_L3,00019634_004.png,19634,mixed_low_risk,0.5106925368309021,1024,1024,a46f6e71c3e3725bc060cb3c113a419f12ef917ec7b326822e104e84e10fe159,5358f49f998c36168e8f7b46ee652302a446ef99eb4b6aaddf6fed0b40403f79,4252eeaef0b68b59ea36325fcba60cade89fa75eee991e9bfa9235c3bbdd37e4,3.3482457260001866,0,390,418,False,0.0352218449115753,0.0,0.0
median_L3,00019646_006.png,19646,mixed_high_risk,0.4889828264713287,1024,1024,a46f6e71c3e3725bc060cb3c113a419f12ef917ec7b326822e104e84e10fe159,f466816ceda0ee15372bb2ffc0330650e49e94765ef06cac7b2bdcca6d9392a3,4820220bfcb4ad0e5edfbd6bf3df4ea7404421c810bafce62a8f44fa80a2f838,3.216898854000192,0,706,486,False,0.058011345565319,0.0004120030213554,0.0
median_L3,00019706_012.png,19706,mixed_high_risk,0.583602249622345,1024,1024,a46f6e71c3e3725bc060cb3c113a419f12ef917ec7b326822e104e84e10fe159,f0e17322eed29a2152715d5d3a905b988af00339a2ba2f36931929c87dc9ab54,3d52a873935c1af15c8f628ceb74468c738e570972a0a2df6db418970a3ff47d,3.127708462000101,0,272,596,False,0.0414708107709884,0.0022190169754798,0.0003821023270031
median_L3,00019750_012.png,19750,mixed_high_risk,0.5215650200843811,1024,1024,a46f6e71c3e3725bc060cb3c113a419f12ef917ec7b326822e104e84e10fe159,e085e055f7bca72133bfa35786cee10aac6dd2e6cd3bb05def46a09819e90752,997c467d4916d1fe2a12ff6f62ac20e4e49095bb27e51744b1427d2122c6da55,3.191574409000168,0,272,628,False,0.3138503432273865,0.0086597989823796,0.0007572876958323
median_L3,00019750_029.png,19750,mixed_high_risk,0.6420097351074219,1024,1024,a46f6e71c3e3725bc060cb3c113a419f12ef917ec7b326822e104e84e10fe159,a8914370ec25a20b0bc0c734babd11a788560fde5acd6c415acbe3e6d2dfc39f,3d3e8d61fb20fa4058084a7787c26f83b1682611f0c49ff2b286bfafe1200292,3.341404899999816,0,322,340,False,0.0446775220334529,0.0,0.0
median_L3,00019769_014.png,19769,mixed_low_risk,0.5002244710922241,1024,1024,a46f6e71c3e3725bc060cb3c113a419f12ef917ec7b326822e104e84e10fe159,0fadcfbf68a2612f7657ce91766ba319c81d0981e35232b9d2327e0325541142,1361e936665f18e6d122206f838a2344d57d0ffb669e32ea307a57006bf5c6c8,3.3524207419995946,0,345,651,False,0.0266846641898155,0.0,0.0
median_L3,00020113_030.png,20113,mixed_high_risk,0.4478689134120941,1024,1024,a46f6e71c3e3725bc060cb3c113a419f12ef917ec7b326822e104e84e10fe159,b987971da7f8034d2fc2fd46ab567054c5680ace79061a8d431e5e193adc5c0b,77da845f065bc4a4d7a4c720fb51804f50d6e36eca8acfa51f8da9ce28221cd6,3.2108536959999583,0,235,75,False,0.0317496918141841,0.0102580372250423,0.0002851765242685
median_L3,00020184_013.png,20184,mixed_high_risk,0.6640325784683228,1024,1024,a46f6e71c3e3725bc060cb3c113a419f12ef917ec7b326822e104e84e10fe159,78860aef1e0df9158d67b445abe0ea89c5702cd8b91261b986c83eb8b30a4b34,138974ce3a9ee467ea79fa9e3fbab2e66237460caf26c5acd700a5f954fd4158,3.1533928599997125,0,335,427,False,0.1190675348043441,0.0167843346210203,0.002626158599382
median_L3,00020259_002.png,20259,mixed_low_risk,0.5502582788467407,1024,1024,a46f6e71c3e3725bc060cb3c113a419f12ef917ec7b326822e104e84e10fe159,a23875b844f7008a88b09b6c6b4dbcb48f040f7dfd05c0f199c1085cc1c7873b,ed08e0dda390d0e10b9af9dfd13f4409c576b1d7e4c8464f8824bc6d34cdf9fc,3.1106794340003034,0,322,125,False,0.0825623199343681,0.0100131012539771,0.0005953916684859
median_L3,00020405_041.png,20405,mixed_high_risk,0.5475516319274902,1024,1024,a46f6e71c3e3725bc060cb3c113a419f12ef917ec7b326822e104e84e10fe159,503167d91e3d7726449daf36200ebd07f2083dc9703baf88c838868c52f4c83d,6f1ebea7c18ecf64ede701a45a4bc40c3f2f6b6979e9c49f9ffb4c50b821390b,3.444629221000014,0,587,491,False,0.1316306740045547,0.0037506936869701,0.0002470624277342
median_L3,00020482_011.png,20482,mixed_low_risk,0.3649227619171142,1024,1024,a46f6e71c3e3725bc060cb3c113a419f12ef917ec7b326822e104e84e10fe159,687e2b52adeca587485e0385da5a2198058cbcd6870d99af603baa59d71dafab,e0ecbacbfc0f811ec2e58014ed4fa602085c401d3a1fc143b8a686a0a5441f5b,3.142080769999666,0,377,651,False,0.0782329440116882,0.0052599705856908,0.0005960121369744
median_L3,00020482_032.png,20482,mixed_high_risk,0.5663663744926453,1024,1024,a46f6e71c3e3725bc060cb3c113a419f12ef917ec7b326822e104e84e10fe159,2edab623bad54870444335d6f7c8c9526685db4cc3e6fe934f24fe50353e3786,5fd31e4e21c7a8897c101d72dbb391b4ca14176ac205035980e99d1a837358d6,3.0843515440001283,0,11,1022,False,0.0422264337539672,0.0,0.0
median_L3,00021009_001.png,21009,mixed_high_risk,0.5477031469345093,1024,1024,a46f6e71c3e3725bc060cb3c113a419f12ef917ec7b326822e104e84e10fe159,0a88d6927512f0f143b434be7130afe89b4114342284de7c7ca2c377286df78a,105ebf9071f67e377a85658f7b8836820a6cb3ec396d2d879496a271bc5cf154,3.184607185999994,1,258,541,False,0.3704083561897278,0.0058040024264033,0.0008665957373785
median_L3,00021201_010.png,21201,mixed_high_risk,0.5514332056045532,1024,1024,a46f6e71c3e3725bc060cb3c113a419f12ef917ec7b326822e104e84e10fe159,cdee2162fa5414dca03565529756b5f962da01600c9ed03c691f5d3d2d1a237e,355aa83aa1d21d666175cc94faec1f9cb55cfd56f9185adbf24fb655f0f1b34a,3.3757743300002403,0,240,665,False,0.0843783244490623,8.25951392760536e-05,0.0
median_L3,00021703_001.png,21703,mixed_high_risk,0.501862645149231,1024,1024,a46f6e71c3e3725bc060cb3c113a419f12ef917ec7b326822e104e84e10fe159,db7b4d711f5efb34d2c3b4d6a6456659a106f731529a2f90b6024d1e0e768952,762624babc62f189a5d4b9ee40a9aa3218d0843762e1c72bba3428372706e1c4,3.2141007189998163,0,935,468,False,0.010222028940916,0.0002817695125387,0.0
median_L3,00021710_003.png,21710,pure,0.5253066420555115,1024,1024,a46f6e71c3e3725bc060cb3c113a419f12ef917ec7b326822e104e84e10fe159,a6dc128fb804c3fc8fe9b1e9e26fab0e8b921add2f12f42a4e7b6f60b0958d93,6602cb116e6f661973daa6a0b8a6f4a43c36fd759a10a6f7bfdacad5fb60572f,3.117743359999622,0,226,742,False,0.0334373377263546,0.0,0.0
median_L3,00021840_016.png,21840,mixed_high_risk,0.5519235134124756,1024,1024,a46f6e71c3e3725bc060cb3c113a419f12ef917ec7b326822e104e84e10fe159,89a0f89fdb567f9adc8242b03d149f0b89a87613ff72ea290a60cf7facb248b4,26610243fe522ede04337255acd2e0ff60ed7e8df81c7b27899a62e65f47ad7a,3.1752172240003347,1,217,619,False,0.1225849464535713,0.0361184775706868,0.0068298013503492
median_L3,00021926_007.png,21926,pure,0.4943074584007263,1024,1024,a46f6e71c3e3725bc060cb3c113a419f12ef917ec7b326822e104e84e10fe159,0f0e86a352b6a9ef71d6eab3ada7407632092aaf285fe254d89dacec43ff5c91,b4407c87e358c3019066ce033aafda47e709f8274101a6716f31d3bcc7a35398,3.3474663930001043,0,614,715,False,0.0207657013088464,6.389163977893492e-05,0.0
median_L3,00022369_013.png,22369,mixed_high_risk,0.5989802479743958,1024,1024,a46f6e71c3e3725bc060cb3c113a419f12ef917ec7b326822e104e84e10fe159,acdc3d4dfe365dcad63d3aa9cbb2bc53f7569f99ccb7a615bc5f770e20754685,dc415883af85d3b322cef50feae1ef8b8d9e888ae66bee678978c3d979deab0e,3.207836120999673,0,916,395,False,0.1024685353040695,3.582014704170361e-05,0.0
median_L3,00022416_048.png,22416,mixed_high_risk,0.5249947309494019,1024,1024,a46f6e71c3e3725bc060cb3c113a419f12ef917ec7b326822e104e84e10fe159,47367e8240cba61e32fe0edb5d343af5ec2e001e0299230034cb81d7bb32a8ff,c1d355808abe919da7979c131d3050fc52c22d819fd4362876bf61947ab7d8c2,3.0956552070001635,0,966,340,False,0.3373132944107055,0.0002920891309983,3.656053144388507e-06
median_L3,00022470_006.png,22470,mixed_low_risk,0.4150661528110504,1024,1024,a46f6e71c3e3725bc060cb3c113a419f12ef917ec7b326822e104e84e10fe159,413645509b2cbccc28772bd8dfb66a46dc44a08eaef3403f60a956d7431e247b,f215e9b7830e5091ec16f931c9077476c9ed4f90a40ab60435891024e5b7000a,3.175350447000256,1,445,596,False,0.5615256428718567,0.0025452403575374,0.000122643945262
median_L3,00022727_000.png,22727,mixed_low_risk,0.589333713054657,1024,1024,a46f6e71c3e3725bc060cb3c113a419f12ef917ec7b326822e104e84e10fe159,5bb5b158c825fda6fdbdf26ebed3e4331e5258081c985a1d97b6c8243c45c2ca,1411c10d6b47afcbe86701d3e4edcaff8b12d4d879a612376642dde9be5eb07c,3.3774687790000826,1,473,413,False,0.3541097342967987,0.002056079302944,0.0002673768937749
median_L3,00022899_014.png,22899,mixed_high_risk,0.5886568427085876,1024,1024,a46f6e71c3e3725bc060cb3c113a419f12ef917ec7b326822e104e84e10fe159,38ec2713fecc5b583a5762f323e92ff7ce2e7b07303ac71f80df71c97ffa6d9b,84e25740885808ac3a35611fcacce42cb90bec338f7980c6bf7341f1b2c7dbd0,3.1971313969997937,0,394,852,False,0.0528425760567188,0.0,0.0
median_L3,00023026_008.png,23026,mixed_low_risk,0.4386641681194305,1024,1024,a46f6e71c3e3725bc060cb3c113a419f12ef917ec7b326822e104e84e10fe159,f2bb49ed0dcc1eb809422e15d93959afd33d3242bf2ae88d24ffb73cfcd9a4ca,9f8b2a2571c82d2986f51f21b8e6f7300d292e480b8c604d6ed88386e9a0c5a2,3.2381848989998616,1,358,838,False,0.5163583755493164,0.0096879806945992,0.0016795336824128
median_L3,00025521_003.png,25521,mixed_high_risk,0.6830299496650696,1024,1024,a46f6e71c3e3725bc060cb3c113a419f12ef917ec7b326822e104e84e10fe159,18e72cdb6854fe42637caffeb48b16f5a132099adee3c8e5600ab8eace14ef0d,0a89b19b1d29db954c963696de02a8311d68f36f69c6ad7bc346396946caa68d,3.1414564439996866,0,308,514,False,0.0477616228163242,0.0007479431563201,0.0
median_L3,00025787_027.png,25787,mixed_high_risk,0.5341715216636658,1024,1024,a46f6e71c3e3725bc060cb3c113a419f12ef917ec7b326822e104e84e10fe159,b2792923313350af0cbf3436ab8d5682b9ac4608b710e62731aec71940a8d961,65136745931de13f397ac87943bb1473d710c0b165d8265c4ab4fb9c9213b3b2,3.259051626999735,0,157,902,False,0.1069417744874954,0.0008811607824707,0.0
median_L3,00026098_003.png,26098,mixed_high_risk,0.5402618646621704,1024,1024,a46f6e71c3e3725bc060cb3c113a419f12ef917ec7b326822e104e84e10fe159,c7bf35d1e711e8a7549d12ada061ab126947bcff177fcd4f14d16c23083aa4a4,ae4b78bf938024d36140d997e451b4e85f69124c08f047f9c14a2a39ec5d77f5,3.387429288000021,0,838,285,False,0.0505355820059776,0.0011383834954364,2.0467477178762943e-05
median_L3,00026194_010.png,26194,mixed_high_risk,0.6015224456787109,1024,1024,a46f6e71c3e3725bc060cb3c113a419f12ef917ec7b326822e104e84e10fe159,23fc005298f3bb0e4040f8f7004dd58c3d90a37f735f818d370e5a7493f12656,719d6f6314b83480444055c5d8ff1ba60290421c4151d3ecc13352df4c0a6255,3.118778437999936,0,98,235,False,0.0111556686460971,0.0,0.0
median_L3,00026538_012.png,26538,pure,0.5163164734840393,1024,1024,a46f6e71c3e3725bc060cb3c113a419f12ef917ec7b326822e104e84e10fe159,b2b4e2c45fe349cbeef4ebf750423c48760251fed5f52ed4161a987c27d3fc61,04e34757911b681ce9ea8a0e05f376ee88ac2c9dbcbb988936a673b897d77494,3.152176163000149,1,678,564,False,0.0741630718111991,0.0172580350382496,0.0032203482342666
median_L3,00026538_034.png,26538,mixed_high_risk,0.5393145084381104,1024,1024,a46f6e71c3e3725bc060cb3c113a419f12ef917ec7b326822e104e84e10fe159,b5319eff502c7945e16593b5c63b13d390f572ac793f17f5b13ebef7c30f6004,d57307b16a75b9faf44dd206992b75d5d9c986348abfc551440adb591405eae8,3.147287327999948,0,66,1017,False,0.0309304241091012,0.0,0.0
median_L3,00026865_003.png,26865,pure,0.4961097240447998,1024,1024,a46f6e71c3e3725bc060cb3c113a419f12ef917ec7b326822e104e84e10fe159,8611a9acd3c1b6110fad50c9bcff0264d5cb6a46a102c6d3d81dc48cef92eb17,4f4f992d934bfb3ed1cfddbd6d0396c65e21b2006d431e4600aacfbe1c19a53b,3.422409133000201,0,647,11,False,0.0464874319732189,0.0084394023242944,0.0006277463904582
median_L3,00026911_000.png,26911,mixed_high_risk,0.5136697888374329,1024,1024,a46f6e71c3e3725bc060cb3c113a419f12ef917ec7b326822e104e84e10fe159,3b42addff1407222badfbf651cdf148a50b77a35f7f9e68906b415adac27236b,1436a4ebfd8906b49707b289169833b95a2656e7a3bb72a33e8b6749cd46e75e,3.2002384019997407,0,130,761,False,0.1110240593552589,0.0010003334444814,0.0
median_L3,00027113_002.png,27113,mixed_low_risk,0.5868728756904602,1024,1024,a46f6e71c3e3725bc060cb3c113a419f12ef917ec7b326822e104e84e10fe159,1133c69594bcbfb480382b65aa5232e5b7b9d91a072a7900607a0df158e8ffb6,b4b7b2cd4211ee9f90cda5fa3e3423bd7520cfe907a5d97199cec5b7882516df,3.0798099519997777,0,427,345,False,0.0953629910945892,0.0002339044500321,0.0
median_L3,00027357_014.png,27357,mixed_high_risk,0.5189545154571533,1024,1024,a46f6e71c3e3725bc060cb3c113a419f12ef917ec7b326822e104e84e10fe159,fe8d68d7e9930d5efa0512bbd2097a67483287d0b8b144800360a4bd485210f8,4c10152a37896a192058cdf2d248d6c9e8e8b7ef1e00c61ac13cd381fa62a4d5,3.1099610530000064,0,888,925,False,0.0306777469813823,0.0,0.0
median_L3,00027441_002.png,27441,mixed_high_risk,0.4910836219787597,1024,1024,a46f6e71c3e3725bc060cb3c113a419f12ef917ec7b326822e104e84e10fe159,b6c52a6837cfd2d6137bb18bd9b3817bd8bde6ade7618e2a6207613c1be60e96,b6bfcbb12f2a9e67724e415033fbfa7651af58d7aa36242253a87634d0cdfeee,3.349083494999832,0,633,674,False,0.0781074315309524,0.0,0.0
median_L3,00027479_013.png,27479,mixed_high_risk,0.5356525182723999,1024,1024,a46f6e71c3e3725bc060cb3c113a419f12ef917ec7b326822e104e84e10fe159,61309854cad3b9dd45425656975b423b9190adeacbd80c9147b00b235fa16136,fcbfd657a292a5b3a4ffa39e77360cf49a1142b451eab6c908ffd22b7884c607,3.1905023350000192,0,11,537,False,0.3197255432605743,0.0046395650663232,0.000280994424479
median_L3,00027927_008.png,27927,mixed_low_risk,0.572672426700592,1024,1024,a46f6e71c3e3725bc060cb3c113a419f12ef917ec7b326822e104e84e10fe159,0064259e20afc9d1392299cab15f5e2100db0c3579658fbe9f77f7eae1a38bc5,5a171e2075b2185e968e395a5e3de99b3abe8584846f6ab1484462b66c3a63a0,3.1103657170001497,0,404,729,False,0.0341279506683349,6.15637184485943e-05,0.0
median_L3,00028208_005.png,28208,mixed_low_risk,0.574402391910553,1024,1024,a46f6e71c3e3725bc060cb3c113a419f12ef917ec7b326822e104e84e10fe159,f0f494e858ed4942a3c9977ec27dc3a2979bcb04cb59243d5f665b8530f5d69a,1d4f13f594d5dbaca302259ff26f9540e1f439b3cd3e7122136fc5c85747725c,3.1630952239997896,1,294,381,False,0.3495330214500427,0.0039031680656204,0.0005192813703452
median_L3,00028285_014.png,28285,mixed_high_risk,0.4477103948593139,1024,1024,a46f6e71c3e3725bc060cb3c113a419f12ef917ec7b326822e104e84e10fe159,d85955b38246f25b94f467c4d4c31c3425819d5d8dd6f5896f6bbf61f0a1d6fd,6a88e9c8bf8a3bb826680e0674053aaf1c246f319d723ac47fc1161395f4840a,3.3805904900000314,0,459,697,False,0.0663196519017219,0.0,0.0
median_L3,00028383_002.png,28383,mixed_high_risk,0.5422854423522949,1024,1024,a46f6e71c3e3725bc060cb3c113a419f12ef917ec7b326822e104e84e10fe159,3c84ffbc776d00df21d52ebdcfda975a41a253313322da9467d44f67d908bca4,4b11db9d37e6bbcbc826a519ee4efc7cec38766b224132209f15a4502e853114,3.236286140999709,0,436,875,False,0.1263831406831741,0.0001075854946063,0.0
median_L3,00028518_012.png,28518,mixed_high_risk,0.5873650312423706,1024,1024,a46f6e71c3e3725bc060cb3c113a419f12ef917ec7b326822e104e84e10fe159,7aa65b82dae7b98849fa229822c5a5fbfffe22aa00cb7c7389eff66c6be91f4b,87a7978a6155063828e7ef2af31f9f58e1a4d1153a3a11b875e5430848e75c62,3.168285642999763,1,628,615,False,0.2794142663478851,0.0017558480221813,0.0002464449012122
median_L3,00028640_003.png,28640,mixed_high_risk,0.5559704899787903,1024,1024,a46f6e71c3e3725bc060cb3c113a419f12ef917ec7b326822e104e84e10fe159,ab3cbb8490472f5b9e54cef6cc9268194753f821dd2b9eccc5713a5a5c3a1191,60592317341de23618be45008f4968f24b315e8418a71114d55558fa43ebc138,3.10729739899989,0,436,925,False,0.0354078486561775,0.0007898414241448,0.0
median_L3,00028640_008.png,28640,mixed_high_risk,0.5786922574043274,1024,1024,a46f6e71c3e3725bc060cb3c113a419f12ef917ec7b326822e104e84e10fe159,467bdd34fc930a21dde998d9b20562aae2a7083a00a9dfcacd27bd0249391134,22f3be155da10db827031029aea8c7dd5fcabaac72c3715172a0fa0d77ac2e55,3.4117137409998577,0,422,930,False,0.0372630953788757,0.0,0.0
median_L3,00029039_020.png,29039,mixed_low_risk,0.5360845327377319,1024,1024,a46f6e71c3e3725bc060cb3c113a419f12ef917ec7b326822e104e84e10fe159,c199d19247025d454f5df358454f109409e9f2669b96b07fb400bd1e6a6ca84c,219aa83bfd35c15cda1b3b5b19531176df8a28461bc5d9e30c4c96b9d5b4dad9,3.273881438999979,0,765,43,False,0.3319164216518402,0.0060884087689998,0.0004576879531712
median_L3,00029404_004.png,29404,mixed_high_risk,0.588164746761322,1024,1024,a46f6e71c3e3725bc060cb3c113a419f12ef917ec7b326822e104e84e10fe159,b7d059067c18b1e8001ee0458f53a555cb62b8199688211d7b89813bab96bc43,a06663ee1a7059d1a471b6538d5a26c2ec853b687826b07cef55e8aca5f5378c,3.1080706520001518,0,107,390,False,0.0746131688356399,0.0060934326337169,0.0002815128833543
median_L3,00029431_000.png,29431,mixed_low_risk,0.4573152065277099,1024,1024,a46f6e71c3e3725bc060cb3c113a419f12ef917ec7b326822e104e84e10fe159,19ff07bb6140a862d55571394deef6728ad332011c51fd27db438bb98801e41c,fff4a989eb03bd0a40aed2794c06f009d530eabf30784b297b989401cb88e2a8,3.100703331999739,0,491,381,False,0.1309242248535156,0.0014779998347577,0.0001399776035834
median_L3,00029532_014.png,29532,mixed_low_risk,0.4949865341186523,1024,1024,a46f6e71c3e3725bc060cb3c113a419f12ef917ec7b326822e104e84e10fe159,a77b3e70e333a697c616a39eb89f677fd295dfad87b875d22c85fc27c28bf76b,034c33983b0fafb1997ddffd0ec85eaa0c4603ab31d47b9e8c8ca72c1befe6f3,3.101446167999711,0,294,852,False,0.1766426563262939,0.0406316388150081,0.0079445080384753
median_L3,00029617_006.png,29617,mixed_high_risk,0.4079941511154175,1024,1024,a46f6e71c3e3725bc060cb3c113a419f12ef917ec7b326822e104e84e10fe159,2372470e3d88587b28f642d52c93f60bce557ad5aa32ca602757443479cb859e,fde6f80184f68db448512d1a0b08c0ac57e3d1ca3615a5e67c19878b16ba587e,3.453416957999707,0,400,770,False,0.0374439693987369,0.0027225077604193,0.0007031207745145
median_L3,00029861_013.png,29861,mixed_low_risk,0.5508298873901367,1024,1024,a46f6e71c3e3725bc060cb3c113a419f12ef917ec7b326822e104e84e10fe159,3fdd7f0d9eda154c720054c902ad161ed447a12d14429b26e8bb4758746c7089,b5e552aefd92356af1ed49b7d4b7c2bde925bb8745502c2b43f3372eb2288fc9,3.114529378000043,0,157,1003,False,0.3225000202655792,0.0052134886525211,0.0003125895438797
median_L3,00030323_028.png,30323,pure,0.5310198068618774,1024,1024,a46f6e71c3e3725bc060cb3c113a419f12ef917ec7b326822e104e84e10fe159,ee880a50ecdf3097e223c59817774ca7a43d3f2e5e777f7f6ab050dd90ed8468,8666220cf9efa40d91f2c9dcf7a4641875eb516e0f584aa9a7731d8ed51da4cf,3.1975803870000163,0,468,642,False,0.0702582970261573,0.0,0.0
median_L3,00030408_013.png,30408,mixed_high_risk,0.5456410646438599,1024,1024,a46f6e71c3e3725bc060cb3c113a419f12ef917ec7b326822e104e84e10fe159,9578d51800f3cc71116fabb683eccdb3a58b657b289fb645bd62ee4bcd07c76e,0763e658464d8878cf55e747f2b46988f3ef16794071c2a1e0b40f7b5c30f541,3.1236126499998136,0,25,1003,False,0.0284776017069816,0.0,0.0
median_L3,00030573_002.png,30573,mixed_low_risk,0.4019512236118316,1024,1024,a46f6e71c3e3725bc060cb3c113a419f12ef917ec7b326822e104e84e10fe159,ea60368eb2212abac82377a6f74981a690b3fe708b8681a6c53dc78d465e898d,74030ff7a112040abc15f707159c08360e167a3a0e42cb1ba4e0a7d249dcf773,3.371852859000228,0,683,43,False,0.0359805338084697,0.0021886917592439,0.0001371648035114
median_L3,00030636_004.png,30636,mixed_high_risk,0.5392834544181824,1024,1024,a46f6e71c3e3725bc060cb3c113a419f12ef917ec7b326822e104e84e10fe159,6a3a09cf1cd619f65ac2614de9f75bab076fabe10a2e08437713f09747a16b29,d89dc08fe6d838e460e65abd5e950793e18a2ea232ffd6a332012c03668ba57b,3.181820861999768,0,102,930,False,0.0300450008362531,0.0002169735292294,0.0
clahe_dwt_L1,00000032_037.png,32,mixed_low_risk,0.6075989007949829,1024,1024,1a5f4e0780a7a2a11a58cbc7a97e7db9d3ba18580e492a6b251c69dad8b4d093,08422488f791c1783585bf04684522df04132fcb15e2584379485eeee81ef313,20aa03f767fdb3cea2284bacaaea778fb9604e860398819406926093ab3da379,3.4959580869999627,0,665,354,False,0.0422688610851764,0.0001837869296861,0.0
clahe_dwt_L1,00000211_016.png,211,mixed_low_risk,0.7095250487327576,1024,1024,1a5f4e0780a7a2a11a58cbc7a97e7db9d3ba18580e492a6b251c69dad8b4d093,37d1182bf7ab0afce7f1827d3b88622dd115abc69b5a1cc88fbc7d65be51da69,f0f9f008055277f4adb6597c55393570715704639fd7168e180a4442278a2747,3.308051075000094,0,884,573,False,0.0885721743106842,0.0001297572242334,0.0
clahe_dwt_L1,00000468_041.png,468,pure,0.6774983406066895,1024,1024,1a5f4e0780a7a2a11a58cbc7a97e7db9d3ba18580e492a6b251c69dad8b4d093,831033815d88855644c2b5b7574de3554e7a12f660cd53f0b1806f4db782cd5d,d57bdc1479bcb4a5f94ab5acdba9e5334dcd5b245a2286a8b1af1794d3937405,3.1749329980002585,0,399,6,False,0.0052963090129196,0.0,0.0
clahe_dwt_L1,00001039_005.png,1039,mixed_low_risk,0.5192635655403137,1024,1024,1a5f4e0780a7a2a11a58cbc7a97e7db9d3ba18580e492a6b251c69dad8b4d093,18fc46bfe2bc3aad088e7be0e597ca9514c36c93b64157334cc7050732b479c2,33845079a883a3f0280d81f3cdfb2ddc55249c279689fb3aad4e32911a663b4a,3.1220890089998647,0,733,596,False,0.0871374979615211,0.0044126746344481,0.000185172715642
clahe_dwt_L1,00001900_026.png,1900,mixed_high_risk,0.5679225325584412,1024,1024,1a5f4e0780a7a2a11a58cbc7a97e7db9d3ba18580e492a6b251c69dad8b4d093,977efc0fe4f87edddb59ca303a2bb76c26a9bb4a7e99e2757dad53dc0fc216cb,615ae26781228c2adb1d78d538635e873509bfa5134df4df85b4571708fb9151,3.0911145270001725,0,619,879,False,0.0620216727256774,0.0,0.0
clahe_dwt_L1,00002224_007.png,2224,pure,0.6606912612915039,1024,1024,1a5f4e0780a7a2a11a58cbc7a97e7db9d3ba18580e492a6b251c69dad8b4d093,cc8ab93bf2519da0ada32f8e059954eaa5ea99cb3e8ae1056f3552548e5f3370,bd11e629214d5cef79eed8b1d2ae6a25bb167993422c9af78794dfae0b505ade,3.133866023000337,0,765,605,False,0.0487791448831558,0.0010861823361823,0.0
clahe_dwt_L1,00003149_007.png,3149,mixed_high_risk,0.679868757724762,1024,1024,1a5f4e0780a7a2a11a58cbc7a97e7db9d3ba18580e492a6b251c69dad8b4d093,15c33d3229f90c4896b57e2109fa380e9bada979dc69e3a24f3a7dea8525ea03,b210a2cc8a3759f51c2296f16e76e526db38e15222e061d4eaa78b00cf44a5bf,3.338889804000246,0,706,317,False,0.0943825542926788,0.0019075588735796,5.546542424116366e-05
clahe_dwt_L1,00003333_002.png,3333,mixed_low_risk,0.5588635206222534,1024,1024,1a5f4e0780a7a2a11a58cbc7a97e7db9d3ba18580e492a6b251c69dad8b4d093,884cbe053c6a10f470724daedd1353c4082d85ce722f797d0ab93e15d2714b6a,d3a9665fe323f9193b363f0e4b949824fc66070121a074dc398457c1ab5b751b,3.194417321999936,1,766,637,False,0.1299980878829956,0.0037798994291927,0.0005433891960427
clahe_dwt_L1,00003973_008.png,3973,mixed_low_risk,0.598972737789154,1024,1024,1a5f4e0780a7a2a11a58cbc7a97e7db9d3ba18580e492a6b251c69dad8b4d093,f5b127a2db6a7d352736193564dc1f698a36ead45748072926f63a89fc0e5100,0633133a95d1bb8fb4037e17f7d9dacb9124be75703166ea15603ae40053ee6e,3.117014437999842,0,642,34,False,0.0650407522916793,0.0038845969185107,6.787483879725786e-05
clahe_dwt_L1,00005066_030.png,5066,mixed_high_risk,0.6884153485298157,1024,1024,1a5f4e0780a7a2a11a58cbc7a97e7db9d3ba18580e492a6b251c69dad8b4d093,bead75bbf1b93f53f51d6d4907807b17d4587803a60f00014c45fb904ff9ce86,dcb62701996f9cac6ff27fdbf1faa98c6d5b8501a805b10043b04a73cd050f67,3.115875727999992,0,550,267,False,0.0306841228157281,0.0,0.0
clahe_dwt_L1,00006096_010.png,6096,mixed_high_risk,0.5819649696350098,1024,1024,1a5f4e0780a7a2a11a58cbc7a97e7db9d3ba18580e492a6b251c69dad8b4d093,853889e2677515823ecb05a8997e596e4955e845c929a860e7da6ae00226bf35,08a85c9e5b1aeecd4fce6bd80e22247d2f215c98ac6f29ec6333e82749a7e4dc,3.37460443100008,0,720,559,False,0.0577803403139114,0.0035598775749419,0.0002758176845105
clahe_dwt_L1,00006304_060.png,6304,mixed_high_risk,0.7273098230361938,1024,1024,1a5f4e0780a7a2a11a58cbc7a97e7db9d3ba18580e492a6b251c69dad8b4d093,08fc5167ab2455f24eb11b2f4cfaf070ba52d5db75146ab1c5870d2179b650ae,e324208c13127c2562537eaabd30ab913efde23c1d54d508420c5dc4a1eac725,3.2036678009999378,0,121,834,False,0.0427223779261112,0.0009792234332425,4.4519633158222776e-05
clahe_dwt_L1,00006836_002.png,6836,mixed_high_risk,0.6120811104774475,1024,1024,1a5f4e0780a7a2a11a58cbc7a97e7db9d3ba18580e492a6b251c69dad8b4d093,a7857869643b689826492a05ca56c5ac659a64a0561bd867da2258be60b58739,15067082ae5579623e187ecbafee865ec5820bc1f3c3e8752597b2ebaf2b7c38,3.078067737999845,0,285,610,False,0.1018662005662918,0.0031016895470877,0.0001233087089578
clahe_dwt_L1,00007124_006.png,7124,mixed_high_risk,0.6215503811836243,1024,1024,1a5f4e0780a7a2a11a58cbc7a97e7db9d3ba18580e492a6b251c69dad8b4d093,08c3369ef876b01bbe1955e92c4f05d7b6a18a5ea5543d262c31b6f3a6dc4723,7a905030f5da2a67e5a42a00a45400bb57d9909af8dbfff4421582b510273802,3.1274543780000386,0,258,290,False,0.1286690533161163,0.0029172780080139,7.827039813542518e-05
clahe_dwt_L1,00008814_010.png,8814,mixed_high_risk,0.6135267019271851,1024,1024,1a5f4e0780a7a2a11a58cbc7a97e7db9d3ba18580e492a6b251c69dad8b4d093,4c1cbdd0951d74a2f106fb574667edd49b3d207b281ba53b3a8c3147dd2fedd3,6592025a48cbe0b96eda0db2502deaaaae22e5cdc496d07ffd82c20f3475f127,3.2524540389999856,0,728,610,False,0.06899444013834,0.0027023352255345,0.0001050806493984
clahe_dwt_L1,00009431_004.png,9431,mixed_high_risk,0.599433958530426,1024,1024,1a5f4e0780a7a2a11a58cbc7a97e7db9d3ba18580e492a6b251c69dad8b4d093,5baac67d9399fd2ffd4bfc33eb3cfd3b49547be846acee02986182880e6dfc57,9cb4666683286df50a2ed8fbadc55f6b463d7f405de40a9b50a8e51806f372b7,3.165441101000397,0,962,628,False,0.1008461266756057,0.0026868238160063,6.139187662688473e-05
clahe_dwt_L1,00010092_018.png,10092,mixed_high_risk,0.688370943069458,1024,1024,1a5f4e0780a7a2a11a58cbc7a97e7db9d3ba18580e492a6b251c69dad8b4d093,99aec86ba6640f0e494fe0354256f63ba4eb0a3411e42631f0aa103002b9675b,dae5ca64589edceecd3df477420feac2b9a7c2b0269e15d3a36fe61712e0e646,3.018580979000035,0,674,34,False,0.0347443707287311,0.0,0.0
clahe_dwt_L1,00010120_010.png,10120,mixed_low_risk,0.4819053411483764,1024,1024,1a5f4e0780a7a2a11a58cbc7a97e7db9d3ba18580e492a6b251c69dad8b4d093,4ad01b912e93e056db6f69d56ee67a7d65acba5482f7bc62c0a31d841ec803ec,6800be7c9b7d683704451dd9110f206cf118c8fde8a5facfc1bb724ffc87a9ba,3.043386105000081,1,450,747,False,0.3107787072658539,0.0030960650246162,0.0004609867293899
clahe_dwt_L1,00010230_001.png,10230,pure,0.4926946461200714,1024,1024,1a5f4e0780a7a2a11a58cbc7a97e7db9d3ba18580e492a6b251c69dad8b4d093,49a527e5f32c1ab0af61743cdf58caad135eb834a2ae9cdf99b892e0e7d6acbd,1d2b097e5fc1047b5592d494ef56f0d404189f15efb07c4dc41a382470847876,3.1517872750000606,0,25,463,False,0.0221136156469583,0.0004406095098219,0.0
clahe_dwt_L1,00010277_000.png,10277,mixed_high_risk,0.4697391390800476,1024,1024,1a5f4e0780a7a2a11a58cbc7a97e7db9d3ba18580e492a6b251c69dad8b4d093,22bae566bb4ab95f753f10cd410fd3fb452c209bb7fa86b04a6d9a484c423c10,f9f2cc990ff8e094b6f2daabe79ae2fe4de9ae791c8b366d83c1403d15bf3c83,3.173464224999861,0,345,692,False,0.0757456868886947,4.9011599411860806e-05,0.0
clahe_dwt_L1,00010805_049.png,10805,pure,0.6438058018684387,1024,1024,1a5f4e0780a7a2a11a58cbc7a97e7db9d3ba18580e492a6b251c69dad8b4d093,8a5faeddb42591e852d7b42d3db0722b1ceb800e93059b14e4d4927380e9a620,720542c50fc5982ee324debb5324a85c6e952d0f96c98a16bd34d5102f79d5c7,3.107318795000083,0,600,797,False,0.1020030602812767,0.0052586792110068,0.0005206023562077
clahe_dwt_L1,00010828_039.png,10828,mixed_high_risk,0.6460913419723511,1024,1024,1a5f4e0780a7a2a11a58cbc7a97e7db9d3ba18580e492a6b251c69dad8b4d093,cf54450a7348a94635546c0e97c6596d205eaa00f8edd1e6a56279e2ed8da1ef,0e6032c15dc4046875031aeaec3266bd773c8b43154f29ffe0830e90371bd6b1,3.025198701000136,0,34,34,False,0.0618207789957523,0.0002206566110296,0.0
clahe_dwt_L1,00011023_004.png,11023,mixed_low_risk,0.626488983631134,1024,1024,1a5f4e0780a7a2a11a58cbc7a97e7db9d3ba18580e492a6b251c69dad8b4d093,fc67abc1b02dd41676c3de202ae94dc90767fd95fe7305f30336a90cec8584f6,4ee649deb8282c4277fe550e89c9ead7ccb7e11c4e12ec8fc34d345536b1ac62,3.118436053000096,0,249,545,False,0.0485731102526187,0.0021218908405045,0.0001623047271251
clahe_dwt_L1,00011124_000.png,11124,pure,0.6967370510101318,1024,1024,1a5f4e0780a7a2a11a58cbc7a97e7db9d3ba18580e492a6b251c69dad8b4d093,31cbe97d19a6167f3bc8d8439136b5aedc95a5a2d79514a55f1f903e04eb1c52,2bb255cf86e21a766ddc125993fe47ae38d45acaa4a1c3e8e9c36ce5a0e112f2,3.3002585839999483,0,381,683,False,0.0220867246389389,0.0005216484089723,0.0
clahe_dwt_L1,00011237_094.png,11237,mixed_high_risk,0.7886998057365417,1024,1024,1a5f4e0780a7a2a11a58cbc7a97e7db9d3ba18580e492a6b251c69dad8b4d093,16f0f8c8f2a478f366067bf7b779778555d2731417ae2063326b3a5e5788f5fb,1773e3ecdda23b27a27aa946ad2fe8bf815a91b06c6f1b449880771d8262a879,3.073215927000092,0,797,89,False,0.0605297721922397,0.0071485305798252,0.0012303401890622
clahe_dwt_L1,00011269_018.png,11269,mixed_high_risk,0.602307140827179,1024,1024,1a5f4e0780a7a2a11a58cbc7a97e7db9d3ba18580e492a6b251c69dad8b4d093,7c2d3e81e600ca57752f1020e4ad97daec8ff71dadc7ffb84053f3dc48465143,72bf58b871b5ef2e1d31fcba45759060b65a1ce453c1faf7858a80ce17a5a6e4,3.091385798000374,0,564,669,False,0.0711423605680465,0.0004075362864039,0.0
clahe_dwt_L1,00011366_002.png,11366,mixed_low_risk,0.5701785087585449,1024,1024,1a5f4e0780a7a2a11a58cbc7a97e7db9d3ba18580e492a6b251c69dad8b4d093,6d0d90f428817f4a59c8b5f7e5b9de3ec331a044db794c995fa1f1f907029649,5244ed216af00ca067b5ecd12b418f6996b3f1c96195287e8ec5f7ba4249ddb9,3.071308930999749,0,226,102,False,0.3360675275325775,0.0005488176865332,1.1849717147251697e-05
clahe_dwt_L1,00011925_072.png,11925,mixed_high_risk,0.7125813961029053,1024,1024,1a5f4e0780a7a2a11a58cbc7a97e7db9d3ba18580e492a6b251c69dad8b4d093,cb0cad47fa16388ed74d59d4bc55da54282ef039e1fed80783aae1167efc9e5b,e2d02a204953e18da06623dbcbe79bebe539066aabaa3eaf43435fd72d45f8db,3.287335192000228,0,610,38,False,0.0734262689948082,0.0030242914418101,0.0001302799571523
clahe_dwt_L1,00012021_054.png,12021,mixed_low_risk,0.7267950773239136,1024,1024,1a5f4e0780a7a2a11a58cbc7a97e7db9d3ba18580e492a6b251c69dad8b4d093,bf5e356ebd2f9557584f5d65ac7c6aee4b1c79f56dc82eac7d6a15740d211898,b0124acc3de2896359d1d6a4a5512f1fe6f510394fe5d5c7206d997724fc72e9,3.123464649000198,0,811,354,False,0.1185323148965835,0.0011928466769357,0.0001893365646773
clahe_dwt_L1,00012021_081.png,12021,mixed_low_risk,0.7659823298454285,1024,1024,1a5f4e0780a7a2a11a58cbc7a97e7db9d3ba18580e492a6b251c69dad8b4d093,b35aef363784bc74d5c26e642b4a45993b3b308e6fec09dcbe265bb207fea30c,b58c1b9fa17a53c2a924a565f63e15b242df7d18c4b0b7f21ada7143fba28fc8,3.0454910290000043,0,34,710,False,0.0391019992530345,0.000185947051577,0.0
clahe_dwt_L1,00012364_045.png,12364,pure,0.5907022953033447,1024,1024,1a5f4e0780a7a2a11a58cbc7a97e7db9d3ba18580e492a6b251c69dad8b4d093,33e32691cb203f0ed0bdf9a14ea0fdb00287e11ce589e7912db09938ea757363,1670c4856e09180fcf41a754ac524c880dd606cf93f49f85efaabbaa7dba1116,3.192044700999759,0,377,843,False,0.0642281100153923,0.000151369897573,0.0
clahe_dwt_L1,00012376_010.png,12376,mixed_high_risk,0.6660000681877136,1024,1024,1a5f4e0780a7a2a11a58cbc7a97e7db9d3ba18580e492a6b251c69dad8b4d093,3b8857ea504d136efa081a7ac71dc29446f9f0777f50988fc4f27cebed46e642,4e2337b1d8e83bfbca87611585fa3df35cbf2414242b262fbd27017ce0e69aff,3.391097145000004,1,290,482,False,0.1185952350497245,0.0082977754541008,0.0010700455193966
clahe_dwt_L1,00012505_007.png,12505,mixed_high_risk,0.6519626379013062,1024,1024,1a5f4e0780a7a2a11a58cbc7a97e7db9d3ba18580e492a6b251c69dad8b4d093,63307a7102b1dbef9690927968c004559a64422865ac22cdf995fb5abb4f737e,efdf282313467461f499d22974da99a088c6c4439f1966e1fadc2a39fdd84495,3.23468788900027,0,0,857,False,0.0416346155107021,0.0,0.0
clahe_dwt_L1,00013106_000.png,13106,mixed_low_risk,0.5476494431495667,1024,1024,1a5f4e0780a7a2a11a58cbc7a97e7db9d3ba18580e492a6b251c69dad8b4d093,39c77d2b4caf02f347092a69a89d86f790785819efb3d9ebcd031405c4c0f043,c741b49a0550f66bd5c8eb1733ba5751cad6639b08379c82ac217e2c1b53ab65,3.125841247000153,0,391,770,False,0.0903417095541954,0.0,0.0
clahe_dwt_L1,00013310_057.png,13310,mixed_low_risk,0.7655149102210999,1024,1024,1a5f4e0780a7a2a11a58cbc7a97e7db9d3ba18580e492a6b251c69dad8b4d093,51ae6bb1bf4f68eb6179434e7c39237693e01c518ade13796ae84950aa16e0dc,bec6f7ba1de4e154ec5209fc66c744a2d36653656eff93f3848fb93a85510662,3.1027917979999984,0,180,235,False,0.3400764465332031,0.0001846768383325,1.142240985434143e-05
clahe_dwt_L1,00013391_005.png,13391,mixed_low_risk,0.6451468467712402,1024,1024,1a5f4e0780a7a2a11a58cbc7a97e7db9d3ba18580e492a6b251c69dad8b4d093,e0bbef628b0d76db7442ac46c7d78ed48e2fe0b0448ced7801f0465ef1ce03f6,87611cda1bae9e1efa1f8e1f6f422866e7e6b2c0ddac61b06e0e66eb30ee5f22,3.0896263019999424,0,578,363,False,0.1154102012515068,0.0002038133477361,0.0
clahe_dwt_L1,00013471_029.png,13471,mixed_high_risk,0.6908932328224182,1024,1024,1a5f4e0780a7a2a11a58cbc7a97e7db9d3ba18580e492a6b251c69dad8b4d093,3232e41a4db512f6c3a68dd5536ddfcd8ff780c1e77320cbc8317c825f8b8c62,ef5a23829b8fd5754dad5bd1dce9d33d2a7027766440e506b0412396d686c0dc,3.3945586059999187,0,825,107,False,0.0861497223377227,0.0004463708872208,5.91142323425788e-05
clahe_dwt_L1,00013670_151.png,13670,mixed_low_risk,0.6251141428947449,1024,1024,1a5f4e0780a7a2a11a58cbc7a97e7db9d3ba18580e492a6b251c69dad8b4d093,c5ce8f712e8f312786db55d84b9a0383926fc793edb74322a67262b0fcf7a390,3e56a24b9a466143f7939476b9eac2083ec72d166367accba451e4f99ba2105c,3.1449547100000927,0,6,980,False,0.3426136672496795,0.0020080688411096,0.0001008600612495
clahe_dwt_L1,00013922_021.png,13922,pure,0.5988150238990784,1024,1024,1a5f4e0780a7a2a11a58cbc7a97e7db9d3ba18580e492a6b251c69dad8b4d093,850b64d5e368b64e05f63a9954884c7f7ba6450a8330eab7456cb09084869640,122293114aa7ab26eed3dbab33ab7620ba12f0d319a55d8296ac040db18da9f2,3.1752191979999225,0,578,619,False,0.099797785282135,0.000190990348621,0.0
clahe_dwt_L1,00013922_022.png,13922,pure,0.596339762210846,1024,1024,1a5f4e0780a7a2a11a58cbc7a97e7db9d3ba18580e492a6b251c69dad8b4d093,8d61d6a159cd1c71a9a4906fb5179fb3d30cc27dfb37998773ab0f2734c25c5d,7b697f818dce2476626b00698ed303cc47a43b4e9e72a88d0e3f376d1ad8e808,3.0627515789997237,0,994,107,False,0.0847275927662849,0.0001731182051104,0.0
clahe_dwt_L1,00013993_083.png,13993,mixed_high_risk,0.7722053527832031,1024,1024,1a5f4e0780a7a2a11a58cbc7a97e7db9d3ba18580e492a6b251c69dad8b4d093,c99836ec4cc8c1e1cca5e1dcc7adff67387883008543dfaed2560853dc393773,5da55516bb9b71df7ad5f114d03913549e3f7833b7ef65fa99d88a1da5a00a53,3.3245262670002376,0,189,89,False,0.0972198992967605,0.0008699843637945,4.8026126212659685e-05
clahe_dwt_L1,00014203_018.png,14203,mixed_high_risk,0.5950008630752563,1024,1024,1a5f4e0780a7a2a11a58cbc7a97e7db9d3ba18580e492a6b251c69dad8b4d093,1d2b28026f5e1c1332ddcb8d79f3375dc6fc5ac029b44b52b487672a05ef539c,320a030efafd42c89dac5d31a6ef4a4f110a8275fbaf5b112d622b351cda62ce,3.109689634999995,0,857,230,False,0.042494349181652,0.0020037601424896,2.666524452029225e-05
clahe_dwt_L1,00014251_029.png,14251,pure,0.5922253727912903,1024,1024,1a5f4e0780a7a2a11a58cbc7a97e7db9d3ba18580e492a6b251c69dad8b4d093,370faf1d3ec8be8db66ecdbb1deeaac0043a30381b287039361dbbfa903ecc09,137897798dca4b4ee4ed76441365e9098bff943aa51c739bbfcbf27d96ab7fa2,3.0733958890000395,1,450,555,False,0.4576601088047027,0.0009671133234933,0.0001038140810522
clahe_dwt_L1,00014617_003.png,14617,pure,0.46843022108078,1024,1024,1a5f4e0780a7a2a11a58cbc7a97e7db9d3ba18580e492a6b251c69dad8b4d093,fb8b4467978ac7520648b9b209b4daf5f46a76a13a7647e284252f79b190421c,0ac65860cd8e0cfa779f0425ed0058b4670b48439242ab228e9dbc8bccd5b1ec,3.0278914219998114,1,477,647,False,0.1067435890436172,0.010216642048252,0.0013581923694283
clahe_dwt_L1,00014738_000.png,14738,mixed_high_risk,0.580606997013092,1024,1024,1a5f4e0780a7a2a11a58cbc7a97e7db9d3ba18580e492a6b251c69dad8b4d093,3219924e2dcdf19facbca83780163d8a5d4c27831eb9b7343d5ecacfbf8ad3ba,a09b64560d5bc910143211fd417d37ddba9a734994b18afba147d2073d968ec8,3.2564916159999484,1,418,482,False,0.1377407163381576,0.0120718181261106,0.0018434338144416
clahe_dwt_L1,00015069_001.png,15069,mixed_low_risk,0.5647369623184204,1024,1024,1a5f4e0780a7a2a11a58cbc7a97e7db9d3ba18580e492a6b251c69dad8b4d093,a9bd1bdfc8a2962f3c25c6a45d5042d119a6adc4820c8426ea09cf74c6c74eee,cdc204cb7ad71b4f78a9f87378149b330fb0c5c48b7653aa7e62be1e63dca811,3.1120566250001502,1,340,637,False,0.3442287147045135,0.0020688019755832,0.0002184336125643
clahe_dwt_L1,00015732_020.png,15732,mixed_low_risk,0.7203752994537354,1024,1024,1a5f4e0780a7a2a11a58cbc7a97e7db9d3ba18580e492a6b251c69dad8b4d093,34397cd18e12e0ddb0c069e3065c13c3ef48cb89610ba34d2b463196401c7e59,11067e68d059a17d3864011804fda75f08652e20ba4d24bcf40a19587a049849,3.0391081689999737,0,125,866,False,0.0519955940544605,0.0013348735720703,0.000158776363492
clahe_dwt_L1,00015831_011.png,15831,mixed_high_risk,0.4806743860244751,1024,1024,1a5f4e0780a7a2a11a58cbc7a97e7db9d3ba18580e492a6b251c69dad8b4d093,4f5be33b41284dafc06702ea39fbda79c68d7097cdeb5fd0faf0d86a4de4b80b,42426dbd953947fb92a34a32a8477e03ae5ff131926d0a513569f1fc906485f0,3.0558059420000063,0,290,742,False,0.0918209552764892,0.0031811653534851,0.0001103402617822
clahe_dwt_L1,00016094_007.png,16094,mixed_low_risk,0.3885954916477203,1024,1024,1a5f4e0780a7a2a11a58cbc7a97e7db9d3ba18580e492a6b251c69dad8b4d093,bea494ef725a06e66a392eda7b701aa42e3d43d3922796abb35b0c4029a94c12,c7d7faf3516d89da37e84899ec9042fc9000e9d3a44652e7b517b3815410204d,3.174089243000253,0,692,537,False,0.0160484984517097,5.688605722737357e-05,0.0
clahe_dwt_L1,00016191_004.png,16191,mixed_high_risk,0.5324029326438904,1024,1024,1a5f4e0780a7a2a11a58cbc7a97e7db9d3ba18580e492a6b251c69dad8b4d093,a42df2c0c496087ba786bd42c62f55918644a19325e943fc0f75e0fa2e0fd137,035958cdf192740ce704946e24996f33e6d7c6e1a62638318c7e81384eb5df52,3.452255989999685,0,468,619,False,0.038585752248764,0.0001146591756005,0.0
clahe_dwt_L1,00016417_008.png,16417,mixed_high_risk,0.3591748178005218,1024,1024,1a5f4e0780a7a2a11a58cbc7a97e7db9d3ba18580e492a6b251c69dad8b4d093,768de6657ba78ae2c2091ba23bd5abd1a813474e179046ab87b40cecf4ec81a9,dd5464a7eb4a2e3b2bad02b2dd30646773e0a85bf561c75f2b76ea6e48448b19,3.0409896659998594,0,829,20,False,0.0415460653603076,4.358817888588615e-05,0.0
clahe_dwt_L1,00016705_006.png,16705,mixed_low_risk,0.6134194731712341,1024,1024,1a5f4e0780a7a2a11a58cbc7a97e7db9d3ba18580e492a6b251c69dad8b4d093,2e11da74b68decf49ddb2e5187121eeb590fd15335ae9607300a7d20121c2566,22e0679d78a2946d16eca7bda1d29573e70f71dfc4ac4c186023063d051b739d,3.0266803849999637,0,637,212,False,0.0505374372005462,0.0229832698360112,0.0045054802235411
clahe_dwt_L1,00016732_040.png,16732,mixed_high_risk,0.6176615357398987,1024,1024,1a5f4e0780a7a2a11a58cbc7a97e7db9d3ba18580e492a6b251c69dad8b4d093,fba8edd46ef1cd1a830b4128d219d864c08b96049a0b077a5174ea66f3101175,20afbaae10e94a8789be63e646f18dc537768beaace547ffc0fd92733a85bce1,3.0393715229997724,0,317,614,False,0.0553856864571571,0.0077657915258643,0.0012016422444006
clahe_dwt_L1,00016786_001.png,16786,mixed_low_risk,0.6206101775169373,1024,1024,1a5f4e0780a7a2a11a58cbc7a97e7db9d3ba18580e492a6b251c69dad8b4d093,e1996723b7ba83f3ddbd07709c99a8133037829e8338fe02b1358104ef4b59af,95c03d5bbcbb24fdec71a336a3317ea518d5a5e6d49005df55148a29ef6de328,3.3305959069998607,0,857,834,False,0.1247356534004211,0.0003217158176943,0.0
clahe_dwt_L1,00016786_009.png,16786,mixed_low_risk,0.5910724401473999,1024,1024,1a5f4e0780a7a2a11a58cbc7a97e7db9d3ba18580e492a6b251c69dad8b4d093,ec93f474325cd87948a0f3259065e8b6e54fefe14025c9dd376c54d9680dee17,b9725e0c9877d980707324821f37bc36a6eaee6999f7641aae2261df51cda984,3.16251112100008,1,550,532,False,0.0984673798084259,0.0078372469996877,0.0016051607432197
clahe_dwt_L1,00017083_002.png,17083,mixed_high_risk,0.5299590826034546,1024,1024,1a5f4e0780a7a2a11a58cbc7a97e7db9d3ba18580e492a6b251c69dad8b4d093,92f3f4f5d3278ca3f3c9d790006693fcbff4330ee5033154407d2d006f25f222,2a404b0ac32765ceb1054a47db620dbc7dfb2ad3940a7b186aa064c8563bdabf,3.027602246999777,0,47,788,False,0.0425952412188053,0.0,0.0
clahe_dwt_L1,00017138_037.png,17138,mixed_high_risk,0.6990731954574585,1024,1024,1a5f4e0780a7a2a11a58cbc7a97e7db9d3ba18580e492a6b251c69dad8b4d093,17527573215303e170e0b8bd947f9e85a36d8ca8f2592eaaa720e74eaabd7d91,8b5cf148ee04f45e075c4c3cd725c5e77534a52db5a93b7183e4aa84a5bbeb6f,3.041051638999761,0,765,34,False,0.0878896266222,0.0007417207922379,0.0
clahe_dwt_L1,00017544_003.png,17544,mixed_low_risk,0.5526261329650879,1024,1024,1a5f4e0780a7a2a11a58cbc7a97e7db9d3ba18580e492a6b251c69dad8b4d093,ab41c18ebbebd74d342423b3e55b9bc4cb5251a4cadaf5829521541c963d1ce6,9cad70b21651cc203e827b64e9f42f49cac19e5b3820d7976c5ca4516f16ab12,3.285715761999654,0,582,326,False,0.1512749642133712,0.0031146060737675,0.0003810082063305
clahe_dwt_L1,00017714_009.png,17714,pure,0.5120147466659546,1024,1024,1a5f4e0780a7a2a11a58cbc7a97e7db9d3ba18580e492a6b251c69dad8b4d093,fc52e7ed61a0ca59c2149c1a9ec7078d26340622ac4be39892fe898706c9c015,17e4be442859335ecc03b14a8d1b4387cdba03bfff41392ec183de996e4077c9,3.1015805970000656,0,706,198,False,0.0394300669431686,0.0056309605181785,0.0
clahe_dwt_L1,00017972_032.png,17972,mixed_low_risk,0.7147914171218872,1024,1024,1a5f4e0780a7a2a11a58cbc7a97e7db9d3ba18580e492a6b251c69dad8b4d093,301f91d43588b633a9cec2c421826dd51bea3c4e0b1655d186d0b23596696b2f,72fcb6ca005b1bbd0bdabf84ad03d1d8269a626eb260d108514c5de4ff1c1dd9,3.1298927869997897,0,765,134,False,0.087329626083374,0.0002914761444992,0.0
clahe_dwt_L1,00017981_014.png,17981,pure,0.6202400922775269,1024,1024,1a5f4e0780a7a2a11a58cbc7a97e7db9d3ba18580e492a6b251c69dad8b4d093,9b4ccf018c4ad06c355f3062d0d5206aa43b910df0a28cd0f53d9262dd09ad82,de689e621ea3c8126ab67fc358d9c2bd89da35bcbf140948acda722ab4656fd6,3.0670679549998567,0,413,11,False,0.0219231415539979,0.0,0.0
clahe_dwt_L1,00018253_054.png,18253,mixed_high_risk,0.6937482953071594,1024,1024,1a5f4e0780a7a2a11a58cbc7a97e7db9d3ba18580e492a6b251c69dad8b4d093,c33374204c71dfe2766ca65ad6a4fd3d68195e07d8e69f30436bdff5b6620051,d1aab005bf6c895ae8fe07bb898e07b23237fc153fa6af90969719c01732007d,3.165305212000021,0,852,514,False,0.0606695525348186,0.0152673551483215,0.0019133312648671
clahe_dwt_L1,00018253_059.png,18253,mixed_high_risk,0.5594518184661865,1024,1024,1a5f4e0780a7a2a11a58cbc7a97e7db9d3ba18580e492a6b251c69dad8b4d093,0a9852f8ca10d8ba2b975694a1b1967d52317591d168018fd1999da19d21a579,f2668acc6b96be6250cb0ce79059d43940e812fe426608bfc9d2308734362342,3.2749018360000264,0,930,605,False,0.0690059512853622,0.0,0.0
clahe_dwt_L1,00018393_000.png,18393,mixed_low_risk,0.3447975814342499,1024,1024,1a5f4e0780a7a2a11a58cbc7a97e7db9d3ba18580e492a6b251c69dad8b4d093,c864c893bacc2b6812014b14900f03a2b672afae9546a84dbef974450e345c18,0a6d2d5750443854658b3a4e7e9c07ccf78983361681ecede94cd950aa20c750,3.0692142160000917,0,784,651,False,0.0505784414708614,0.003409338861008,0.0003373060490218
clahe_dwt_L1,00018721_010.png,18721,pure,0.4387471675872803,1024,1024,1a5f4e0780a7a2a11a58cbc7a97e7db9d3ba18580e492a6b251c69dad8b4d093,ca6b53be2b087a9adc016ca0e6127904995b962b56f583b002194437597908db,4eb937be6271036f337c71c14d34bb711975fbc78b3ef10cd112db6e7f77ce65,3.0619886859999497,1,308,637,False,0.1145172044634819,0.0174052423156703,0.0034836499412976
clahe_dwt_L1,00018921_038.png,18921,mixed_low_risk,0.6674069166183472,1024,1024,1a5f4e0780a7a2a11a58cbc7a97e7db9d3ba18580e492a6b251c69dad8b4d093,50c758cf1c677055e577a5c47bfb796d1685bf4efc67328049a8e8a384283071,10faf5e276c3b242a956ee318c464fb0920ee1b89a2e175e816adc107ad2e6a4,3.151172102000146,1,308,418,False,0.0824069529771804,0.0024142258524237,0.0006183822253081
clahe_dwt_L1,00019018_007.png,19018,mixed_high_risk,0.6810501217842102,1024,1024,1a5f4e0780a7a2a11a58cbc7a97e7db9d3ba18580e492a6b251c69dad8b4d093,0ee972f6c1550547d94ec02b13e3610c5365207917151259b3363dd553fa2594,96e0b4e69bf58b9106aa9f9b3afcfae3c60f40589b08209fb9e11a4daf917f1a,3.2860013109998363,0,381,765,False,0.2996079623699188,0.0006609223538627,7.697313637540498e-05
clahe_dwt_L1,00019150_002.png,19150,mixed_low_risk,0.526151716709137,1024,1024,1a5f4e0780a7a2a11a58cbc7a97e7db9d3ba18580e492a6b251c69dad8b4d093,4acbabf0b7f6cf53ef4a6a312950182f8deb3c0491e8e6a207d2359039730f76,3aafe69f2498b6f26cf8f2593e19facde6ac503e0808f791d8cc3637b8768c59,3.0699493150000308,0,400,651,False,0.1045026034116745,6.818956699624957e-05,0.0
clahe_dwt_L1,00019363_043.png,19363,pure,0.5021776556968689,1024,1024,1a5f4e0780a7a2a11a58cbc7a97e7db9d3ba18580e492a6b251c69dad8b4d093,3716ead82211e866b08b63e730e45695d54039a06d40f3bf561c0e0961b835f5,52254377232e90028530cde34aa88273032769d2a51749b72ce6796771c5f9bb,3.1090153729996928,0,541,436,False,0.0704807490110397,0.0072677874002377,0.0008071591507281
clahe_dwt_L1,00019625_002.png,19625,mixed_high_risk,0.6884856224060059,1024,1024,1a5f4e0780a7a2a11a58cbc7a97e7db9d3ba18580e492a6b251c69dad8b4d093,10cfb8bde8b99c7d19e6baa736566f11f484069106f22cf5d05f762f49257f61,bfd74f5e56688a823c48369870496625f40875a763ddfdebe0775cdd83166eba,3.064848561999952,0,162,340,False,0.2993154525756836,0.0009250385741085,4.447244561390505e-05
clahe_dwt_L1,00019634_004.png,19634,mixed_low_risk,0.5422337651252747,1024,1024,1a5f4e0780a7a2a11a58cbc7a97e7db9d3ba18580e492a6b251c69dad8b4d093,439812f1f2642d5c1719db5d7a7840ad8385c188dde1d16973ccc7024ee13e0a,200ccfb35d2b0605d7a1352c087463046236afe94df51e28c953e57bf196ae2e,3.2975005449998207,0,52,994,False,0.0524986162781715,0.0,0.0
clahe_dwt_L1,00019646_006.png,19646,mixed_high_risk,0.5175573825836182,1024,1024,1a5f4e0780a7a2a11a58cbc7a97e7db9d3ba18580e492a6b251c69dad8b4d093,7d4b37feb30499cdfd321af12488917a2150e0c7e2ca8b99f35b0276bf83ad13,c2d053aaf8ae7dae6eaeb4ada5cabc1f4269d99a4652bef704beaa58113ee19d,3.1208815009999853,0,637,487,False,0.0588053502142429,0.0,0.0
clahe_dwt_L1,00019706_012.png,19706,mixed_high_risk,0.6157073974609375,1024,1024,1a5f4e0780a7a2a11a58cbc7a97e7db9d3ba18580e492a6b251c69dad8b4d093,c6bd5308b9a177e91f7eb7292b98f8a32d4e71b764a66fd6ac1b19decab4e707,17dc47f4a2c2f6d89886d7e96215e118d5ed16cde6a626536ae818b758d587a6,3.136912951999875,0,418,861,False,0.0274054743349552,0.0023329798515376,0.0
clahe_dwt_L1,00019750_012.png,19750,mixed_high_risk,0.5466820001602173,1024,1024,1a5f4e0780a7a2a11a58cbc7a97e7db9d3ba18580e492a6b251c69dad8b4d093,3cb06b1b1301a1acc5d588c0b64773c8a03c740b77d51f08c543ec7e8aef85ba,14d108d507f668270730ec60a92aad271b529c8fbdc91e94a60eae6286e9cb1c,3.057184548999885,0,66,962,False,0.3003817498683929,0.0063210925376342,0.0006114230471275
clahe_dwt_L1,00019750_029.png,19750,mixed_high_risk,0.6020273566246033,1024,1024,1a5f4e0780a7a2a11a58cbc7a97e7db9d3ba18580e492a6b251c69dad8b4d093,90a9ca24601a8e32690ad24486da60aabf9f630c62f496fcd04b2cb7bec7990d,0ee8aec35492c6ce2a97e839eb40a9286d2ea655064b931128eb8553ed2255ec,3.2412541409998994,0,194,345,False,0.0535306818783283,0.0012816203042272,0.0001494449188727
clahe_dwt_L1,00019769_014.png,19769,mixed_low_risk,0.4891037046909332,1024,1024,1a5f4e0780a7a2a11a58cbc7a97e7db9d3ba18580e492a6b251c69dad8b4d093,f997f9a9e721b9a9bc3e484ab61a52ff75f8cfd7752e942409db1a2bf03a21c2,ce82390d8e9ebbdea13f1a2dcf8d20e80676e41245c928d52c8430937abefc05,3.2631088490002185,0,358,692,False,0.0486091338098049,0.0002973447117243,0.0
clahe_dwt_L1,00020113_030.png,20113,mixed_high_risk,0.540976881980896,1024,1024,1a5f4e0780a7a2a11a58cbc7a97e7db9d3ba18580e492a6b251c69dad8b4d093,1ebef332c95ce622589779be9dd9760829364aa16ebcca3378ecaaa3fb698ac5,13c120d15692fcab7c1eb0793151f5f943fd8b5a50fd6679563eb021cab03364,3.123119432999829,0,363,669,False,0.0230428017675876,0.0142378881748566,0.0034170418180832
clahe_dwt_L1,00020184_013.png,20184,mixed_high_risk,0.5868656635284424,1024,1024,1a5f4e0780a7a2a11a58cbc7a97e7db9d3ba18580e492a6b251c69dad8b4d093,f6daf60f10d9d577a01696da637edcee28dbe0c428e0771d1f2a82e40bfc22dd,91c2eac7256564dfb941a2fbca5a66f4f4994c4e695b3b8116c1c62c586899b8,3.07723211099983,0,418,651,False,0.0872622355818748,0.0040919052184632,0.0006026482084129
clahe_dwt_L1,00020259_002.png,20259,mixed_low_risk,0.5300256013870239,1024,1024,1a5f4e0780a7a2a11a58cbc7a97e7db9d3ba18580e492a6b251c69dad8b4d093,a62dbc5d25d1051f20a40d6e365cc4d193faab394562b880b73d323b2c7ff5d6,c4398278a4db280cc536dd35627e3e48be7743dec2ab68000873ae2974fba911,3.0855061520001072,0,11,285,False,0.0742068737745285,0.0154356446651595,0.0010924186148131
clahe_dwt_L1,00020405_041.png,20405,mixed_high_risk,0.5499246120452881,1024,1024,1a5f4e0780a7a2a11a58cbc7a97e7db9d3ba18580e492a6b251c69dad8b4d093,670fd16a2360561afcc3986c329f447a266e67a1dba83d99160027536fc4baab,2dc54dac6e7e9ce34cc43f88f9194f78676c113d2240761ed4def686e89baac8,3.345722804999696,0,349,564,False,0.117491528391838,0.0003137747097583,0.0
clahe_dwt_L1,00020482_011.png,20482,mixed_low_risk,0.6659660339355469,1024,1024,1a5f4e0780a7a2a11a58cbc7a97e7db9d3ba18580e492a6b251c69dad8b4d093,dcadbf3cbac5a1fee51afdebd15482f640efef10dfce4629012c2d5979856f9e,e77188245c2ae8b8d3e21f8f010ba73a841529c9060a69acfed195729d0592c8,3.125726293000298,0,911,834,False,0.0674137249588966,0.0014451124868423,0.0001089383953374
clahe_dwt_L1,00020482_032.png,20482,mixed_high_risk,0.7827951908111572,1024,1024,1a5f4e0780a7a2a11a58cbc7a97e7db9d3ba18580e492a6b251c69dad8b4d093,3ea133121b28ba14859f3a734d32be9c6a9d6073e1fec145524bc6ad45134c51,f05d60fc4049d28ca1e7163afdd27502f5eee777780f74afd7cf1a73badb79a2,3.0563536039999235,0,564,317,False,0.0720196813344955,0.0022047546012269,0.0007627638582585
clahe_dwt_L1,00021009_001.png,21009,mixed_high_risk,0.6059268712997437,1024,1024,1a5f4e0780a7a2a11a58cbc7a97e7db9d3ba18580e492a6b251c69dad8b4d093,d1d69b0118bbfd57058fab4f3292b4a8ed45c5241677d7f2ad5a5df790f717c6,b4b65fa0e8434ed96e0ca4f7db99eb5811bf673efc38ced4ba02d9c138f2e9d8,3.039568290999796,0,866,363,False,0.3640799820423126,0.0027544988722522,0.0003917834152646
clahe_dwt_L1,00021201_010.png,21201,mixed_high_risk,0.551692008972168,1024,1024,1a5f4e0780a7a2a11a58cbc7a97e7db9d3ba18580e492a6b251c69dad8b4d093,ab8517ffd020ad997e0a7ea68902896fc79d128a691a6df02126cb12b93ff743,a03c71f15d98b247c2d34ffd86b774f9ade85c4073871510f7d00cd492d82837,3.378193965999799,0,962,52,False,0.0769853666424751,0.0005756208856188,0.0
clahe_dwt_L1,00021703_001.png,21703,mixed_high_risk,0.5719501972198486,1024,1024,1a5f4e0780a7a2a11a58cbc7a97e7db9d3ba18580e492a6b251c69dad8b4d093,c748399ad26083ba4341eb06a12308bd7b0fdffd301442aa87e1513461cfa9dc,0ab19ff26850d06e95b581c2a8336b8378ed134027e7d91d1f42287c1baf006a,3.075798040000336,0,911,528,False,0.0081027038395404,0.0,0.0
clahe_dwt_L1,00021710_003.png,21710,pure,0.5646554827690125,1024,1024,1a5f4e0780a7a2a11a58cbc7a97e7db9d3ba18580e492a6b251c69dad8b4d093,aa65d44951cbdcb8d2a3d2bbf4517101645ef3a59efcbc29c1d65a620cf5d803,425ba0233171a3c1fc6e6e604ed2bad6cf4f432664d88885261592c7779924c4,3.0545158979998632,0,596,418,False,0.0526809766888618,0.0003379520108144,0.0
clahe_dwt_L1,00021840_016.png,21840,mixed_high_risk,0.5284965634346008,1024,1024,1a5f4e0780a7a2a11a58cbc7a97e7db9d3ba18580e492a6b251c69dad8b4d093,f77408be42322b56b68abe9bce44949a36dcf9599613d1763aa1cc6453dce1e2,67801f4ce58e0241ec2869e9bef9100378b1d12aca737de752c41b6249f0d3f3,3.1438544850002472,0,185,637,False,0.0584901757538318,0.007935213870319,0.0008950635300527
clahe_dwt_L1,00021926_007.png,21926,pure,0.5725562572479248,1024,1024,1a5f4e0780a7a2a11a58cbc7a97e7db9d3ba18580e492a6b251c69dad8b4d093,6994573bba4c6eed717b5d2c92f2508bbc0ec26116b53876e3126640e3620072,ea4eccc11b91b4490e6329c6983a4e2c7fadee18d6dc86146a3e0054cbfcd1a4,3.3980954779999597,0,418,610,False,0.0203061830252408,0.0,0.0
clahe_dwt_L1,00022369_013.png,22369,mixed_high_risk,0.5318867564201355,1024,1024,1a5f4e0780a7a2a11a58cbc7a97e7db9d3ba18580e492a6b251c69dad8b4d093,c85043feec231acaae674c3a728b471aedb66015700c6045b2e1f96589ea6a1e,f3e5b42b0ae07ffb17dd9cb1a2caa8c7fd69a3b4ad333ae79af552993c7da4ca,3.114012926000214,0,861,253,False,0.1156176924705505,0.0001350280858418,0.0
clahe_dwt_L1,00022416_048.png,22416,mixed_high_risk,0.5439630746841431,1024,1024,1a5f4e0780a7a2a11a58cbc7a97e7db9d3ba18580e492a6b251c69dad8b4d093,05f060770be2fab69722fd6e88ec6860a64ab35106f6618de71ef45c066428fc,bcda7a6661e9e72c8e0ce9cab35edcfc9d4aac5f1ebc4deabb9b291fc3c0d4b0,3.0432955660003245,1,564,272,False,0.3083489537239074,0.0019638849214446,0.0002120642627841
clahe_dwt_L1,00022470_006.png,22470,mixed_low_risk,0.6367369294166565,1024,1024,1a5f4e0780a7a2a11a58cbc7a97e7db9d3ba18580e492a6b251c69dad8b4d093,8035b76dbb34c1945fa6efeca3be40a87194c18be0b2a35fcf5ec18edd201d51,2ed2fa53595c86be85df403624b12853247abeb0062d3a702065aa23a6991db7,3.0426159319999897,0,89,706,False,0.485167533159256,0.0018717617554589,0.0002194652793018
clahe_dwt_L1,00022727_000.png,22727,mixed_low_risk,0.5659983158111572,1024,1024,1a5f4e0780a7a2a11a58cbc7a97e7db9d3ba18580e492a6b251c69dad8b4d093,0fbd995c78a4675f8e77f5492932c26e5b8b84932cd156fe18d21ed5f8257c59,24d72a24d07a52e1d1e6d41e35de5bd827ae48100ebd35e8a4818466c80c1b7f,3.122715106999749,1,477,550,False,0.3302024006843567,0.0047853176496621,0.0006145449242755
clahe_dwt_L1,00022899_014.png,22899,mixed_high_risk,0.6517202258110046,1024,1024,1a5f4e0780a7a2a11a58cbc7a97e7db9d3ba18580e492a6b251c69dad8b4d093,f4bab71af5499a19f0c0595a11595ca2a084f5a4a7e337077e907b6a69f4dcb2,a4f67d111dcf59793dbe68a1bbf7771b897abd407046f39309afe017c994df1f,3.329414139000164,0,641,482,False,0.0487120598554611,0.0,0.0
clahe_dwt_L1,00023026_008.png,23026,mixed_low_risk,0.4551717638969421,1024,1024,1a5f4e0780a7a2a11a58cbc7a97e7db9d3ba18580e492a6b251c69dad8b4d093,8c7d1ba51b3c3f07798ecff8d0d5a3f145f1a3b746388c2c71d7f885e462d24f,4e113a5d1ccbfe3d12a4a438b852f25915cfd885343ab18db134bcfa4cff7db7,3.0867803500000264,1,230,893,False,0.3557413220405578,0.0061548736335196,0.0007300145297577
clahe_dwt_L1,00025521_003.png,25521,mixed_high_risk,0.6089099645614624,1024,1024,1a5f4e0780a7a2a11a58cbc7a97e7db9d3ba18580e492a6b251c69dad8b4d093,632c28c986efc50b76874823b2ed00f2ffe03c352206fb36c396a8c848589596,751b8d6f4778645301bd56e6f093230b27da2e66eb37f4588c67e391f23c21c6,3.2125160619998496,0,322,724,False,0.0483136363327503,0.00019777922188,0.0
clahe_dwt_L1,00025787_027.png,25787,mixed_high_risk,0.6964879035949707,1024,1024,1a5f4e0780a7a2a11a58cbc7a97e7db9d3ba18580e492a6b251c69dad8b4d093,eb3dc568292a122d5ac0302e57893ed569b8caddf548b40c3a464ae735592890,cf21401450f36b4cee672f7249e08a46f77dd95fce9610778e416657a5719dc1,3.119756774000052,0,930,24,False,0.0888494402170181,0.0002374497892633,0.0
clahe_dwt_L1,00026098_003.png,26098,mixed_high_risk,0.7118425965309143,1024,1024,1a5f4e0780a7a2a11a58cbc7a97e7db9d3ba18580e492a6b251c69dad8b4d093,bede50dc340030b4aea154a9781f3c23e7ddb686299bd2605c024520c7cfba9f,49a16b1f5233f69a322861cf0741bb4108a70b728e1202dc722aaca3430ec355,3.3356684240002323,0,637,249,False,0.0397802367806434,0.0012349431926131,0.0002040899628556
clahe_dwt_L1,00026194_010.png,26194,mixed_high_risk,0.636777937412262,1024,1024,1a5f4e0780a7a2a11a58cbc7a97e7db9d3ba18580e492a6b251c69dad8b4d093,a38d9d3b89de6fa29ccc553a7171852df7a35dc2f7d26282adbf73d7029f923b,1d12feefa2502f33e0c507e69a65072f43da64ed26603dd3168941f338596f00,3.109893489000114,0,916,564,False,0.0100205326452851,0.0,0.0
clahe_dwt_L1,00026538_012.png,26538,pure,0.5884858965873718,1024,1024,1a5f4e0780a7a2a11a58cbc7a97e7db9d3ba18580e492a6b251c69dad8b4d093,9741ace92033668e8e641f859479f4f0b3b64a837a1ffa537bcf6030b9b84e94,b60bfdd4f4ca4fd00cb804a4feb8c69a3206556dd1feadbb9d233ff9a2478870,3.072901336999621,0,889,290,False,0.0597239695489406,0.0080605952045855,0.0001630789302022
clahe_dwt_L1,00026538_034.png,26538,mixed_high_risk,0.6956044435501099,1024,1024,1a5f4e0780a7a2a11a58cbc7a97e7db9d3ba18580e492a6b251c69dad8b4d093,44680a343af4db75f233be46e5bc631cfbb7d731d2ec0415642961302b91bc1d,f7a43d65dc41fcc25a3dcafdba563e8b2ace973c8008732a4ec706adf16b11e4,3.0759799399997974,0,797,907,False,0.0407119058072567,0.0006897820288788,0.0
clahe_dwt_L1,00026865_003.png,26865,pure,0.5246155858039856,1024,1024,1a5f4e0780a7a2a11a58cbc7a97e7db9d3ba18580e492a6b251c69dad8b4d093,53a12de670302ba5a252b62ddd430a02adf16871d413904223b769042be7f22a,20da70403638f197d311f06a67302fb7b681c26ce457f6642aec8727d13c613c,3.3346837869999035,0,930,737,False,0.0514094904065132,0.0043206632802008,0.0003002552169343
clahe_dwt_L1,00026911_000.png,26911,mixed_high_risk,0.5490823984146118,1024,1024,1a5f4e0780a7a2a11a58cbc7a97e7db9d3ba18580e492a6b251c69dad8b4d093,f366de269e1d65a1cec05e1fa028a08962ad56ba8c7f89bd0903ded95193bddd,a27cbf52abfac0dfdbdbd9066974db9a7293a3963148075952696875660644e7,3.090487175999897,0,907,637,False,0.100747026503086,0.000547670120031,4.588418830870882e-05
clahe_dwt_L1,00027113_002.png,27113,mixed_low_risk,0.609429657459259,1024,1024,1a5f4e0780a7a2a11a58cbc7a97e7db9d3ba18580e492a6b251c69dad8b4d093,d8a4fa3c286a0d7429d3ee98bad633f46740fc9e8643f357b1c499c2dd78358e,91dd20636ac778475a611e5bb8cf66fe18d70251bb5a6e9f43001fa5074ccb71,3.0672169790000225,0,473,363,False,0.0891389474272728,0.001179667179145,0.0001888330119859
clahe_dwt_L1,00027357_014.png,27357,mixed_high_risk,0.6123529076576233,1024,1024,1a5f4e0780a7a2a11a58cbc7a97e7db9d3ba18580e492a6b251c69dad8b4d093,884ef53c79b65ea07256749025aea0e06279bef2021d6a06cfe8908abbf91c85,32a8b90784deb996c3b8866192f60a2200e4a661bbe61f797de5d554fc21739f,3.049097346000053,0,322,596,False,0.0358025506138801,0.001617610859092,7.360247304309424e-05
clahe_dwt_L1,00027441_002.png,27441,mixed_high_risk,0.6559286117553711,1024,1024,1a5f4e0780a7a2a11a58cbc7a97e7db9d3ba18580e492a6b251c69dad8b4d093,4a9c5403872f449fe56a17383129a07e01ef9a023fa98c6bc7fb2a45fafad5e4,10302499edbe662ef6b8ee798d2459a16bb99eef5479152f115c2025ef584699,3.315425272000084,0,692,363,False,0.0708509385585784,0.0017711850334864,7.433286255853713e-05
clahe_dwt_L1,00027479_013.png,27479,mixed_high_risk,0.6159610152244568,1024,1024,1a5f4e0780a7a2a11a58cbc7a97e7db9d3ba18580e492a6b251c69dad8b4d093,2f05efe6457e1f2a42579b79d8a65d1ea6f825d384ba1f7f084ebcca63bf73e5,bef3164ebb3a176e96d969dde6bb31ffef31efdfd5266da19fc3592a3927971e,3.2693656910000755,0,916,34,False,0.3304477035999298,0.0011340212274598,5.032131640563717e-05
clahe_dwt_L1,00027927_008.png,27927,mixed_low_risk,0.6135684847831726,1024,1024,1a5f4e0780a7a2a11a58cbc7a97e7db9d3ba18580e492a6b251c69dad8b4d093,c1bdd1ce230d456a34317b97d8257b58438dec08aa3aa3235c4ca255b9132024,4695746d52bedd6b84f774dd5edc56c6b78c887e11c21faf089ec4d4d7592b84,3.0409608240001944,0,788,619,False,0.0311378873884677,0.0004276062601556,0.0
clahe_dwt_L1,00028208_005.png,28208,mixed_low_risk,0.6012164354324341,1024,1024,1a5f4e0780a7a2a11a58cbc7a97e7db9d3ba18580e492a6b251c69dad8b4d093,84f65eec6ed59c6ab08b2e9d99c2258aa12214da776cf0377a3952d6bdb7d079,f78e51ccfdb984a2b2b9791b16a25eb06ba9cc699fad313e7665752018cebc72,3.059185520000028,0,793,774,False,0.2809710204601288,0.0005803265813899,3.4844541079971707e-06
clahe_dwt_L1,00028285_014.png,28285,mixed_high_risk,0.7237342000007629,1024,1024,1a5f4e0780a7a2a11a58cbc7a97e7db9d3ba18580e492a6b251c69dad8b4d093,3096522dfb637e7e2ab8c2e28305f6f1f0c461a2b6249a2a9ab57bcc7b5150cf,36d4f5f548032f82de815e1020fee3fcfd2b31e44cab5454a315b456a58de248,3.030676638999921,0,491,381,False,0.0711685791611671,0.0002318491125975,0.0
clahe_dwt_L1,00028383_002.png,28383,mixed_high_risk,0.6649169325828552,1024,1024,1a5f4e0780a7a2a11a58cbc7a97e7db9d3ba18580e492a6b251c69dad8b4d093,ea6dc6e255e03aee689e335d3ff4364ac5dc7aa1b2d8a04c94ec040b05fa7810,c5c21477da6fb0a4cf402561871a22d6efb3cc552eec914dab9ac40b527f308b,3.30280702500022,0,578,294,False,0.1253955662250518,0.0005991525240202,0.0
clahe_dwt_L1,00028518_012.png,28518,mixed_high_risk,0.7532212734222412,1024,1024,1a5f4e0780a7a2a11a58cbc7a97e7db9d3ba18580e492a6b251c69dad8b4d093,31ae978c5cdb57685f9a0398421f1305d0e862af8c31cd0b45684bf04d090fd1,44f44db4dcb05dc5aeea1a400acd8c70adebb7a536a7dc5cdfe8c08bb5e8933f,3.1581391360000453,0,148,285,False,0.1936905682086944,0.000326580546167,0.0
clahe_dwt_L1,00028640_003.png,28640,mixed_high_risk,0.713213324546814,1024,1024,1a5f4e0780a7a2a11a58cbc7a97e7db9d3ba18580e492a6b251c69dad8b4d093,e0a07bc69a53de79fb3baeb08f79b30e483ce477adef9770698c8ed4b961adee,e452a225d69e4fc84f726fa4c3daf52b87b6116b741726a6da9dae131977d855,3.040116508999745,0,285,102,False,0.0327801033854484,0.0016206950288296,0.0
clahe_dwt_L1,00028640_008.png,28640,mixed_high_risk,0.6664770245552063,1024,1024,1a5f4e0780a7a2a11a58cbc7a97e7db9d3ba18580e492a6b251c69dad8b4d093,49b194d4fb15fb941e82508d5cfd1c1ecf749a1cddf7dc4437ab0b25ddd73713,d1ebb815016d27fba19ee52f640d83b579ede90da61dc38a656e8bed91749884,3.0316797979999137,0,528,857,False,0.0335672944784164,0.0009089948208434,0.0001392466754856
clahe_dwt_L1,00029039_020.png,29039,mixed_low_risk,0.5246350169181824,1024,1024,1a5f4e0780a7a2a11a58cbc7a97e7db9d3ba18580e492a6b251c69dad8b4d093,673bc7314ec1f71721878a0a2cb4413decdd7fddc5097e82cd9bb09a93dbff8d,bf1219b6b2cda1cb82e2647feaa3c0846cc34a6bcc1686bbe6775e9f474acbb5,3.2878093770000305,0,692,779,False,0.3367664813995361,0.0027601861793534,0.0003080648704252
clahe_dwt_L1,00029404_004.png,29404,mixed_high_risk,0.6585381031036377,1024,1024,1a5f4e0780a7a2a11a58cbc7a97e7db9d3ba18580e492a6b251c69dad8b4d093,ebba06129ad6522a7d8b5906f237339e693f0d11a551c0c3766c6b72255f2ae8,f26a2b0154daee202347aa13fc2ed00de1dcf95e2e54e19f71f658c3b6c018c6,3.151353568000104,0,893,454,False,0.0724276602268219,0.0001158039274074,0.0
clahe_dwt_L1,00029431_000.png,29431,mixed_low_risk,0.5030267238616943,1024,1024,1a5f4e0780a7a2a11a58cbc7a97e7db9d3ba18580e492a6b251c69dad8b4d093,b3f9da85babd48b5f670b4d048ae2450781bd5f2eae03ea4bf5a9f26b1ea2b8f,d84132b27c49b6742e505e49457a3a9d90017a58a51c9e047a382eef71ede416,3.0438534540003275,0,907,463,False,0.1140285208821296,0.0017838846604215,3.733711682783855e-05
clahe_dwt_L1,00029532_014.png,29532,mixed_low_risk,0.5241206288337708,1024,1024,1a5f4e0780a7a2a11a58cbc7a97e7db9d3ba18580e492a6b251c69dad8b4d093,68dc4199236d781b9dba3e84205568c1bca0d1780f05b5570cbe5a3d1a58e0cb,b414c39c8cdbeb5bd883c1c8db77ff92bda4e3861d0c4f60eaabf0b338934382,3.048305994000202,1,395,747,False,0.1814562827348709,0.0146245733788395,0.0019697852077695
clahe_dwt_L1,00029617_006.png,29617,mixed_high_risk,0.6410247683525085,1024,1024,1a5f4e0780a7a2a11a58cbc7a97e7db9d3ba18580e492a6b251c69dad8b4d093,062e46ba348b28211343aa871d77c14130b03bb11ef6043aaed223cbbd1b9558,998ea3821d13be32c539b54fa8d6bccc97df865eb417d9afb32ff2e4422594b4,3.367585183999836,0,413,372,False,0.0389949083328247,0.0011621764395139,0.0001089769786132
clahe_dwt_L1,00029861_013.png,29861,mixed_low_risk,0.6364004611968994,1024,1024,1a5f4e0780a7a2a11a58cbc7a97e7db9d3ba18580e492a6b251c69dad8b4d093,ca672e0ccdb081cc35749f1d354d34eb91e7b0c13c83114ec30059aa335f87a7,c449fbb13f29b9931738de87cdc38fc098e2fe15889b45b01661060f7e1f6a21,3.175089625000055,1,756,619,False,0.3359112441539764,0.0063687674866171,0.0006350860623035
clahe_dwt_L1,00030323_028.png,30323,pure,0.682660698890686,1024,1024,1a5f4e0780a7a2a11a58cbc7a97e7db9d3ba18580e492a6b251c69dad8b4d093,3541ba71207eaa200440f45328fdbbe60d78f9861cf5db3a2cda8231928da345,09f030dcf8283944af7783e13ccf92ba9510f3943fa1fef509188a1eda04047d,3.030408809000164,0,473,633,False,0.0767585635185241,7.9238046940619e-06,0.0
clahe_dwt_L1,00030408_013.png,30408,mixed_high_risk,0.712011992931366,1024,1024,1a5f4e0780a7a2a11a58cbc7a97e7db9d3ba18580e492a6b251c69dad8b4d093,0c35eaf9c070f3756b2855005dc57b57bedb99ec5398ad1bfd18a026b8468092,8eee2fefb21b53585dd3b3b27c243abba5e0ceba47f588ad9847ab862005f462,3.052825196999948,0,157,130,False,0.0365597605705261,0.0017599030610772,0.0001484340210776
clahe_dwt_L1,00030573_002.png,30573,mixed_low_risk,0.6167443990707397,1024,1024,1a5f4e0780a7a2a11a58cbc7a97e7db9d3ba18580e492a6b251c69dad8b4d093,1e6909dc9e303c62a40c8f7a5cf89b7b9f15653445d6510be9f19c907c403d10,44e50cead5ec51ff96e03058b4b0b58a6f94a70019e8ddc11ff02b80cef1b150,3.046967282999958,0,358,290,False,0.0412143915891647,0.0024077046548956,0.000205796604356
clahe_dwt_L1,00030636_004.png,30636,mixed_high_risk,0.6846132278442383,1024,1024,1a5f4e0780a7a2a11a58cbc7a97e7db9d3ba18580e492a6b251c69dad8b4d093,ebab8ca2175adb65e8ecd17473975af888fbbe6e69868cd3c5952bc309365261,96eb70106364ada744026d9d0e8f34f0359438d1e246748b1add51cf8247e046,3.5386017179998817,0,322,450,False,0.0367967262864112,0.0005447612130016,0.0
clahe_dwt_L2,00000032_037.png,32,mixed_low_risk,0.5196448564529419,1024,1024,7b107c75abfc573dcfaed72f819f7c9be3ae43e42fca2c5c5b4c3314291d2e42,d845f8032af40652713a52d2ee22dab497548ea1cc3619e7a3970f97a2553790,ed059b61abad0490c370e46108807b0791376f0d4b89667a869e356bdf898419,3.471072374999949,0,157,363,False,0.0567804798483848,0.0003349335715083,0.0
clahe_dwt_L2,00000211_016.png,211,mixed_low_risk,0.720467746257782,1024,1024,7b107c75abfc573dcfaed72f819f7c9be3ae43e42fca2c5c5b4c3314291d2e42,f7faeaa9bf413da1d3231f4db986ed929c413e014860f1ba2f246f892adc728c,e989c1fa7be67b3c215f860d9ce34ff671373e3af403efc2ea99962aa587cdfc,3.2572047789999488,0,898,619,False,0.099000446498394,0.001050325985321,3.90940603091037e-05
clahe_dwt_L2,00000468_041.png,468,pure,0.6507338881492615,1024,1024,7b107c75abfc573dcfaed72f819f7c9be3ae43e42fca2c5c5b4c3314291d2e42,c6d9d2413ac5d5404f457785ff12e5a0b7fa8099794eea0aec26e61073c7033b,2467cfce7ff3ecee18dac4ca5b0271a08937518b7c10183685c9835fc9fd4b60,3.431580974000098,0,162,363,False,0.0066867531277239,0.0,0.0
clahe_dwt_L2,00001039_005.png,1039,mixed_low_risk,0.5174522399902344,1024,1024,7b107c75abfc573dcfaed72f819f7c9be3ae43e42fca2c5c5b4c3314291d2e42,5a8ce1efff11eef1ed0c7a3bcd268deb7556519c23595d1db6f5808369fcdeac,3e3e0ed3207dbb9ed457d2aa9b70a14bf063af3eab03283ffac5509f44548fea,3.13027139299993,0,404,642,False,0.0785144194960594,0.0035925578022774,0.0002364106114591
clahe_dwt_L2,00001900_026.png,1900,mixed_high_risk,0.6149914860725403,1024,1024,7b107c75abfc573dcfaed72f819f7c9be3ae43e42fca2c5c5b4c3314291d2e42,b5ddb9750b1ce3a72bc7e30799ea364126142adb2cb5e279dd69bdca8d91f2e3,a2265ec9984730dc1ffc9b57f59a4d7943975d8b8ed44e55424bfed8e1231d5a,3.188618853999742,0,985,326,False,0.0713301301002502,0.001891331859207,0.0001742615666114
clahe_dwt_L2,00002224_007.png,2224,pure,0.6243669390678406,1024,1024,7b107c75abfc573dcfaed72f819f7c9be3ae43e42fca2c5c5b4c3314291d2e42,3baa68ab9ba3a3193bd25d5927215adb7d9ff75449fa8585cf8bfb0f6a37603e,5589bff91ab803fd1e0a4b4ba4156b299ec3d7b730a47ab5f452f50554e868bd,3.158145136000257,1,381,404,False,0.0711924210190773,0.000959356493183,0.0002242990654205
clahe_dwt_L2,00003149_007.png,3149,mixed_high_risk,0.8082476258277893,1024,1024,7b107c75abfc573dcfaed72f819f7c9be3ae43e42fca2c5c5b4c3314291d2e42,e726a8e4211a1ec02b46113e0a9c3f785dcf1c436c181ac11e14c3570cb684c4,47595d36a99c3150156ffb02b8e905c694a6bf4cbb21f5f8aba5b57ffa2156af,3.353831014000207,0,386,212,False,0.110373355448246,0.0004969904467391,0.0
clahe_dwt_L2,00003333_002.png,3333,mixed_low_risk,0.7305785417556763,1024,1024,7b107c75abfc573dcfaed72f819f7c9be3ae43e42fca2c5c5b4c3314291d2e42,4a9b64bc24ca6da8cd3e3034c790407d8a8c9c859e51e30af0038499681e19e4,7b4fae91c89b47291be1ac985ec9eff3aa9b015bad579d3776c7e010c39611ed,3.2490109629998187,0,189,669,False,0.1260168403387069,0.0024870605632856,7.750135627373479e-05
clahe_dwt_L2,00003973_008.png,3973,mixed_low_risk,0.5815129280090332,1024,1024,7b107c75abfc573dcfaed72f819f7c9be3ae43e42fca2c5c5b4c3314291d2e42,90e7c9e367dcaef98cee53a744b66884301b409a42a6197ee8d2e2bf9af93b9f,7fecaf635b4df417c4b5b7ae10e6685be2d0ba26460276986fc91b773be13971,3.223091810999904,0,290,139,False,0.0658850967884063,0.0002701850767775,0.0
clahe_dwt_L2,00005066_030.png,5066,mixed_high_risk,0.6113776564598083,1024,1024,7b107c75abfc573dcfaed72f819f7c9be3ae43e42fca2c5c5b4c3314291d2e42,8763ba5afebc9c45118c3ab0617a4a5734f3348caec9c82bd09eddf5dd6376e2,e5d3f32b4e23a40c019fc6dde879948cbd39924b9c0bb4da90a318d48d7129b7,3.1382351560000643,0,281,15,False,0.0345761217176914,4.828818388140422e-05,0.0
clahe_dwt_L2,00006096_010.png,6096,mixed_high_risk,0.4996519088745117,1024,1024,7b107c75abfc573dcfaed72f819f7c9be3ae43e42fca2c5c5b4c3314291d2e42,d3d3c4ff9ed76884ac49a095a0b876f7cda86e03432a6bafbaa875e06d300d9f,fed73342d9bc1c4d91cbf4cc21a0049b8c0b9a46c16d51ad6cb638ecb42f74d0,3.476078951999625,0,582,322,False,0.067749336361885,0.0102200234344486,0.0010816284261155
clahe_dwt_L2,00006304_060.png,6304,mixed_high_risk,0.677820086479187,1024,1024,7b107c75abfc573dcfaed72f819f7c9be3ae43e42fca2c5c5b4c3314291d2e42,04f1e3038926237bf662500f8ba5251410eb8dcb3c90a35d906f91c1cd8a08b5,7325e54b3bcec1313bf6538e763eb49a875ac56fa5fef65a680f8098bd28a79f,3.184212382000169,0,162,541,False,0.0399183630943298,0.0,0.0
clahe_dwt_L2,00006836_002.png,6836,mixed_high_risk,0.6547388434410095,1024,1024,7b107c75abfc573dcfaed72f819f7c9be3ae43e42fca2c5c5b4c3314291d2e42,afcc312d883ba94bcde33070bc61d9081d6cbc02a2f864a2d827d58ed969e9d5,fb0f3b4eda45b68b40008a06ae4b551e5b6c95c71fab42475e284476c92f901e,3.0908505440002045,0,276,413,False,0.1040650680661201,0.0001337732988495,1.1227250783100742e-05
clahe_dwt_L2,00007124_006.png,7124,mixed_high_risk,0.6747296452522278,1024,1024,7b107c75abfc573dcfaed72f819f7c9be3ae43e42fca2c5c5b4c3314291d2e42,1398e2fa3b3d29f599d93eab7bafd0f7ea0dfee1b16f22a6a948ec05768bd233,c63e5ce5eb785b6bab8701eeb7a9ac7283f50e6ecc17169effcf3ea1f34e4835,3.058153024999683,0,285,381,False,0.1400437951087951,0.0099498740575234,0.0011710008153635
clahe_dwt_L2,00008814_010.png,8814,mixed_high_risk,0.6455041170120239,1024,1024,7b107c75abfc573dcfaed72f819f7c9be3ae43e42fca2c5c5b4c3314291d2e42,2de1c8b73a297938ce77bdad6162ffe6fd123d5ae8def70673add00f12500d85,70fed231adde4f2db174080ff0c9f2af908b074b5cecae94ac3f895f10712292,3.3603366249999453,0,834,578,False,0.086192600429058,0.0018504617425763,0.0001231917215163
clahe_dwt_L2,00009431_004.png,9431,mixed_high_risk,0.4502322673797607,1024,1024,7b107c75abfc573dcfaed72f819f7c9be3ae43e42fca2c5c5b4c3314291d2e42,b9de2de559dc92b4a5d5fb90c2aef48a1bdca47ef7909d290f7619bf97bae841,3c4e2960a4d9733a9f2c91dda873fed61e724f8ec23cbed52bcc4c4f8e8341ce,3.180972484999984,0,89,738,False,0.088277168571949,0.0001343872552013,0.0
clahe_dwt_L2,00010092_018.png,10092,mixed_high_risk,0.6540565490722656,1024,1024,7b107c75abfc573dcfaed72f819f7c9be3ae43e42fca2c5c5b4c3314291d2e42,d0fa4306322d1088c1e608450cb0e296c921f9d3e7b4ce86016bb35f6fdf269e,f27238c66d8c57be953bdd83829e4077869c1162da0d2c59b71af1efac75507f,3.034694328000114,0,665,322,False,0.0344063825905323,0.006990260760289,0.0016017534985668
clahe_dwt_L2,00010120_010.png,10120,mixed_low_risk,0.1576278805732727,1024,1024,7b107c75abfc573dcfaed72f819f7c9be3ae43e42fca2c5c5b4c3314291d2e42,86ffa23256c92268c023bee3690a647a45ea9cc44d3e66e1a143f3bb1c310142,6c717c726e92869a2a93b189626d980d79c6b2c1a1fc6d8eee5b63c6594a240e,3.004848533999848,1,354,742,False,0.3816542029380798,0.0011215645280717,0.0001379375433323
clahe_dwt_L2,00010230_001.png,10230,pure,0.3786157965660095,1024,1024,7b107c75abfc573dcfaed72f819f7c9be3ae43e42fca2c5c5b4c3314291d2e42,d64c8b36e33edc40145abdbe8cef94b757fcab2be2656f78cb19279469cf8b2f,50f83c4141b9497254cd2a7c6bc245785cb6c873ee8ece91c6e8fa121e1a6466,3.0310889689999385,0,637,962,False,0.0268514081835746,0.0,0.0
clahe_dwt_L2,00010277_000.png,10277,mixed_high_risk,0.3540033102035522,1024,1024,7b107c75abfc573dcfaed72f819f7c9be3ae43e42fca2c5c5b4c3314291d2e42,7a3490b1fa6fc26bcc598e3601539911e7bb10df8deaf1e7237a3ba204f9e7fe,8d5866dc3e8eb96604ae06a66cf3b7cf9e43195dbdf597daf0f9b5006b3c4226,3.3875894679999874,0,358,665,False,0.0820860266685485,0.0062551078141698,0.0006039337305149
clahe_dwt_L2,00010805_049.png,10805,pure,0.8429067730903625,1024,1024,7b107c75abfc573dcfaed72f819f7c9be3ae43e42fca2c5c5b4c3314291d2e42,9b0250ea6ae9c3aa9e4e52dcfdd5fff495443d5dd1ccda1cde47bebb32e7bbf7,062057b6c96d9ef425ac9fc450e97ce96951c36a4d4adeb28a5c1cd545bfb2ee,3.082541502999902,0,765,432,False,0.0997375845909118,0.0029622551361681,0.0005301920259119
clahe_dwt_L2,00010828_039.png,10828,mixed_high_risk,0.7676117420196533,1024,1024,7b107c75abfc573dcfaed72f819f7c9be3ae43e42fca2c5c5b4c3314291d2e42,009d4085e0a031e73d3ada595f7e28280ab15f940b45f41afac32e95522b682a,da4c30cb85b7658b4558550fb00712ef7b9090b0a1f180750a6c919d8c71f719,3.015834754000025,0,52,15,False,0.0561769939959049,3.174149724642511e-05,0.0
clahe_dwt_L2,00011023_004.png,11023,mixed_low_risk,0.717596709728241,1024,1024,7b107c75abfc573dcfaed72f819f7c9be3ae43e42fca2c5c5b4c3314291d2e42,b49a47bacb4e812fb7e42d831aab552b87500a514ba6901d26f5026dee1701ba,14099eb416f6ffec06df17d8e8b00c716afa8df620de7d02495362844ba943dd,3.031975065000097,0,729,317,False,0.0553889237344265,0.0072727938886548,0.0013709953829714
clahe_dwt_L2,00011124_000.png,11124,pure,0.6012473702430725,1024,1024,7b107c75abfc573dcfaed72f819f7c9be3ae43e42fca2c5c5b4c3314291d2e42,6d7a4f438e8aeabd2b9a4bd4844112d0c811d8c8784310aabff7a196c78754ab,6a89c716b18cfa7fd90b6923ef89a292b4632a178ab44d4e6e9e657989ecb6de,3.376522376000139,0,573,724,False,0.0219918359071016,0.0012485214877119,0.0002024974687816
clahe_dwt_L2,00011237_094.png,11237,mixed_high_risk,0.8069821000099182,1024,1024,7b107c75abfc573dcfaed72f819f7c9be3ae43e42fca2c5c5b4c3314291d2e42,dfbbc1dc16f08f3e9a4987cb8a4365e664b9451e075a8878e00a8f30b3d8a31c,37c713bed602862824ec2d2dd6595a3eecaeaec3b88b84bff43c44a10fc2f8dd,3.1005033829997046,0,130,130,False,0.0490896664559841,0.0021287713119037,4.100209110664644e-05
clahe_dwt_L2,00011269_018.png,11269,mixed_high_risk,0.4718656241893768,1024,1024,7b107c75abfc573dcfaed72f819f7c9be3ae43e42fca2c5c5b4c3314291d2e42,1cf7e9fddb5e490a66bc1d2cb9c4058a5340c83c2c97d666c8b626b2381a6b05,f5bbda70ff8aed558a9bdff5214c574a10cb75aab1d72ffa9d472e9a09076847,3.063563615000021,0,285,582,False,0.0705593153834343,0.0003962781555629,0.0
clahe_dwt_L2,00011366_002.png,11366,mixed_low_risk,0.4528660476207733,1024,1024,7b107c75abfc573dcfaed72f819f7c9be3ae43e42fca2c5c5b4c3314291d2e42,2c2497d38f603709e08ce7136dcc64e0e4efca9190a124cb5e9e68e86c352aec,3c6264f426d1c92978f1ebd0559eb0afa0cae63f7a35a04319a4f7e76677dba6,3.072040591000132,0,253,802,False,0.3521336317062378,0.0042575551077759,0.0004288459305838
clahe_dwt_L2,00011925_072.png,11925,mixed_high_risk,0.6487864851951599,1024,1024,7b107c75abfc573dcfaed72f819f7c9be3ae43e42fca2c5c5b4c3314291d2e42,22897d801064b557607976d5a07a82e6fcaed18f98467dfeba1c3da9710e1eb0,aa51941441ccc3dbadf2676cea43a9cada9f7a43fc1d7bb14a31441091e60432,3.3796398059998864,0,408,34,False,0.0710705369710922,0.0004805382027871,2.9036426196663716e-05
clahe_dwt_L2,00012021_054.png,12021,mixed_low_risk,0.6802516579627991,1024,1024,7b107c75abfc573dcfaed72f819f7c9be3ae43e42fca2c5c5b4c3314291d2e42,ee6a9fc36401318fea8a2478131161c48b42c5553caee83f87a652c4d7bdb14c,b73bc4e223f54ff5ad2b839fd6474f8f3367ea9c79de13183b6045c0b2c8b8d8,3.132868576999954,0,363,93,False,0.1102427318692207,0.0012782315290844,0.0001892971397202
clahe_dwt_L2,00012021_081.png,12021,mixed_low_risk,0.7473994493484497,1024,1024,7b107c75abfc573dcfaed72f819f7c9be3ae43e42fca2c5c5b4c3314291d2e42,3e9ad47d9f6149f42a930276d320304b67b8f95f4ed53bb9373983abae5a802a,6c4592efb4a8790262978c1c578c283d5f8a6037d2da2662ead427a9c311685e,3.0863416100000904,0,267,514,False,0.0390654988586902,5.055739528299502e-05,0.0
clahe_dwt_L2,00012364_045.png,12364,pure,0.4966546297073364,1024,1024,7b107c75abfc573dcfaed72f819f7c9be3ae43e42fca2c5c5b4c3314291d2e42,81515b23f571b593dfb4dd53b0382d777dfa06ad794f58de25d0f26926b82355,dc6ed6833209ae14248e2150d44e054069ea98d507a618e5c7d83068565f5f40,3.050057347999882,0,125,674,False,0.0703788548707962,0.0007100857085907,2.566636294803845e-05
clahe_dwt_L2,00012376_010.png,12376,mixed_high_risk,0.6306380033493042,1024,1024,7b107c75abfc573dcfaed72f819f7c9be3ae43e42fca2c5c5b4c3314291d2e42,bde4088297f3e817093f6d6e0e24f4f3cf27a1a7a3ddde3554d58f1c33f1e2b7,a4f5f649693459ac50346626275924fd079d7e689238bffee37c71ed4af8e2c0,3.104898191999837,0,418,162,False,0.1046015471220016,0.0089931929975653,0.0004576736617283
clahe_dwt_L2,00012505_007.png,12505,mixed_high_risk,0.5932378768920898,1024,1024,7b107c75abfc573dcfaed72f819f7c9be3ae43e42fca2c5c5b4c3314291d2e42,426880415dca147f8dc705497d3d06f8be64c11f108a02225017b6bb5153c782,9c15ab08d07c266471dbcf95f3027c4a87dbd4289fa367ec9a7b0831776d913b,3.479859226000372,0,16,669,False,0.058998953551054,0.0028665028665028,0.0003349410503751
clahe_dwt_L2,00013106_000.png,13106,mixed_low_risk,0.4238059818744659,1024,1024,7b107c75abfc573dcfaed72f819f7c9be3ae43e42fca2c5c5b4c3314291d2e42,b66f8a941fa72b45311e7c1c0764a3514b1e09983e1b98444ab590d2aea5c17c,cfd9bf719011e11c7dc6a3d1f3d804d96303f522d411239281a0c8e8236e8fbf,3.1234266819997174,0,363,765,False,0.1143241599202156,0.0002894914600019,0.0
clahe_dwt_L2,00013310_057.png,13310,mixed_low_risk,0.736112654209137,1024,1024,7b107c75abfc573dcfaed72f819f7c9be3ae43e42fca2c5c5b4c3314291d2e42,6b26436ec91ef072ce3d66c6efdd5fb0c119a6e4068f7d65ecb0e3bdeb1c1575,dc9d15075fd26855becc90476a0247afb0af8c26d0e9c5136522b6807dce9fff,3.1816814429998885,0,207,230,False,0.3933210074901581,0.0001800249756168,2.2837724266452297e-06
clahe_dwt_L2,00013391_005.png,13391,mixed_low_risk,0.4056099653244018,1024,1024,7b107c75abfc573dcfaed72f819f7c9be3ae43e42fca2c5c5b4c3314291d2e42,829293d2631b6ab56bd1aa57954375619c786e182079990d5dac3302d283e4a0,04035789155d6411a27ad31b7bc12764837fe0c783d35c7fe0bab8685edff37d,3.093453688999944,0,578,363,False,0.0967411994934082,7.144461001449305e-05,0.0
clahe_dwt_L2,00013471_029.png,13471,mixed_high_risk,0.60516357421875,1024,1024,7b107c75abfc573dcfaed72f819f7c9be3ae43e42fca2c5c5b4c3314291d2e42,10ff8251a66038957b29d8d913f9c8e0f142e84a328a9e1e0e846c788c0cda06,48d8553e27c285d5f040fd25154754d2aef0ec0e21913b0fec079ee21f2088c0,3.357079854999938,0,340,692,False,0.0906348302960395,2.3628652103540757e-05,0.0
clahe_dwt_L2,00013670_151.png,13670,mixed_low_risk,0.6332438588142395,1024,1024,7b107c75abfc573dcfaed72f819f7c9be3ae43e42fca2c5c5b4c3314291d2e42,ec1d96f259a05ccc7147edff1bb65b19bee7258924b9a94c34f493c5957bb5b8,c4ae31eaaeb195367d97e1705db90047c269eae08ebff7834fee5ff626a39da1,3.1277126579998367,0,6,989,False,0.3747701942920685,0.0041777555830283,0.0003880931790331
clahe_dwt_L2,00013922_021.png,13922,pure,0.6066393852233887,1024,1024,7b107c75abfc573dcfaed72f819f7c9be3ae43e42fca2c5c5b4c3314291d2e42,98f07c8d48d3bf6d0eb228c0faa4c9637fa9c010a5729d3d78b54a45a8e1b5fc,54efa47d0b987ac6eaa30b5cca7936146698789068044daf9db0d54585506a61,3.0461001140001827,0,386,491,False,0.1080134361982345,0.0070791852118176,0.0008933585175353
clahe_dwt_L2,00013922_022.png,13922,pure,0.7274724245071411,1024,1024,7b107c75abfc573dcfaed72f819f7c9be3ae43e42fca2c5c5b4c3314291d2e42,a5b9284e06d8a01baa435d0b4482698a062478fb8930dbe05bd2882e253b45dc,c65b8fafd2a1b69f4377a0200f01a621ded1d17a0c78b99c1139f0ec51ee30df,3.135968782999953,0,560,221,False,0.0633147805929184,0.0006000548621588,5.220841599665866e-05
clahe_dwt_L2,00013993_083.png,13993,mixed_high_risk,0.6352167129516602,1024,1024,7b107c75abfc573dcfaed72f819f7c9be3ae43e42fca2c5c5b4c3314291d2e42,72ef17b11d7ce358783d611b5c4a4841c2e8df645179e9e61b1ec7723b425945,c00bfbdc256dae842ee4a7a41f1eeeabaf48d54b2b252eb1abb94338418574ab,3.322728135000034,1,596,381,False,0.1103181093931198,0.0026230759142015,0.0001684696935054
clahe_dwt_L2,00014203_018.png,14203,mixed_high_risk,0.4708282649517059,1024,1024,7b107c75abfc573dcfaed72f819f7c9be3ae43e42fca2c5c5b4c3314291d2e42,44717f7f5d932af5d7983d9f75bc731fe37d073c4416fe280c3bc1b29700754f,ab9f01dd1922f8e0774466393fd579a7d5c9ad4782149d7c4f21a68acb33f4bb,3.0926355839997086,0,322,637,False,0.0487224720418453,5.295768680824022e-05,0.0
clahe_dwt_L2,00014251_029.png,14251,pure,0.559201180934906,1024,1024,7b107c75abfc573dcfaed72f819f7c9be3ae43e42fca2c5c5b4c3314291d2e42,3b2ec26abc85f39ba614f2f6afa5e710432d26ec96a126ea8758f14d2eb1e386,7855fbdbf2edd03b881ce4ac8e740df11e2b8d2a89e1fb18ce2e55ab14ae436f,3.0848201180001524,1,715,450,False,0.5107203125953674,0.0016818483440912,0.0001183077643695
clahe_dwt_L2,00014617_003.png,14617,pure,0.229077473282814,1024,1024,7b107c75abfc573dcfaed72f819f7c9be3ae43e42fca2c5c5b4c3314291d2e42,69c1a3f49cfbd2bba10d47ca1e7cb33ea089e13a05db00f32eff729641f0dce7,86696f6c957c70fdc2a6d3d4d016c32fa3cca3b183552ae8a723f77fa0f954d9,3.037088464000135,0,546,308,False,0.0787823349237442,0.0050761421319796,0.0003395376115072
clahe_dwt_L2,00014738_000.png,14738,mixed_high_risk,0.5897449254989624,1024,1024,7b107c75abfc573dcfaed72f819f7c9be3ae43e42fca2c5c5b4c3314291d2e42,8bbc18a61aed3f5d8b5e86ceae07da0c838f73cd855596c3a08608b837bf5db1,fc589f09ebfb4199acb5d682c6a8655c65d2bf6cc1432b025ac01f3135732214,3.2285263320000013,0,107,395,False,0.126504898071289,0.0025628982192452,5.230344365873049e-05
clahe_dwt_L2,00015069_001.png,15069,mixed_low_risk,0.4639273881912231,1024,1024,7b107c75abfc573dcfaed72f819f7c9be3ae43e42fca2c5c5b4c3314291d2e42,769a8b45db910c112fda3880873d837b155c1bcaf0d0e1fc5c497fe022039099,0084c51ed9e78d6c0946b71814530d2748b12dd07491498ccbbf284e364e6674,3.2777655589998176,1,596,669,False,0.3728776574134826,0.0011347424871045,0.00026216113625
clahe_dwt_L2,00015732_020.png,15732,mixed_low_risk,0.7619078159332275,1024,1024,7b107c75abfc573dcfaed72f819f7c9be3ae43e42fca2c5c5b4c3314291d2e42,00ec9a6ffe0034f2553d7582cb3db55715d30a571f4a94203605ad8ecab8f581,5742ea6244900d31acab62369a86f3c36c470d5285bd90ddf865230f45316604,3.0765853490001973,0,130,802,False,0.0481919720768928,0.000234588817933,0.0
clahe_dwt_L2,00015831_011.png,15831,mixed_high_risk,0.2505601048469543,1024,1024,7b107c75abfc573dcfaed72f819f7c9be3ae43e42fca2c5c5b4c3314291d2e42,15c89730cc56141b68b4b97fca5b3eb29968283f7fd07919bc843242f5e6ed0d,50c16ccfdcbd52454e087f7da10a2bf6f6e44d683472533e9f28103efbae7a96,3.0303216759998577,0,578,386,False,0.0899535939097404,0.0026674287891778,0.0004832385265366
clahe_dwt_L2,00016094_007.png,16094,mixed_low_risk,0.1210616156458854,1024,1024,7b107c75abfc573dcfaed72f819f7c9be3ae43e42fca2c5c5b4c3314291d2e42,7d428f5cf81e1c8857db660fbaa5d050594f9a6eccf0bb307a6291e8450d8963,63c001857e7abb84d7848a3d37f522f7a33ae5feb5e22b87285c558935afb5a8,3.025971260999995,0,733,656,False,0.0226328410208225,0.0,0.0
clahe_dwt_L2,00016191_004.png,16191,mixed_high_risk,0.3626037836074829,1024,1024,7b107c75abfc573dcfaed72f819f7c9be3ae43e42fca2c5c5b4c3314291d2e42,d88255b0832a0ca3fe40d0a1eceaec0cd8edfd6e4ca4e5ab3a943a313a5289e8,d94a5923019d35fd8cc731338ce974efc0f595e1111b14b6832a0b5b24d26fa9,3.271492332999969,1,345,674,False,0.056728221476078,0.0103725057939065,0.0013531799729364
clahe_dwt_L2,00016417_008.png,16417,mixed_high_risk,0.3303956687450409,1024,1024,7b107c75abfc573dcfaed72f819f7c9be3ae43e42fca2c5c5b4c3314291d2e42,da9103fae4c95e4634cba0a1b19bbe9dcbb36c71c165ba3445c1cac4f0a9781e,0f6e6fca235a4cce1112a4c90c77e04fd47813153063e294afd27ade71e3ea55,3.1114047810001466,1,294,674,False,0.0636010318994522,0.0038896290884084,0.0005940332658628
clahe_dwt_L2,00016705_006.png,16705,mixed_low_risk,0.5601474642753601,1024,1024,7b107c75abfc573dcfaed72f819f7c9be3ae43e42fca2c5c5b4c3314291d2e42,82e751939fba203202d2559423107d73deee1512201619c6cf975fcb719e318c,c3683c110253cc951b805ec5edf8d4d7ba5e51806229bda0ae5ac5b3edf16c44,3.115105803000006,0,605,413,False,0.0499587170779705,0.0091956892606,0.0001297914683741
clahe_dwt_L2,00016732_040.png,16732,mixed_high_risk,0.7020933628082275,1024,1024,7b107c75abfc573dcfaed72f819f7c9be3ae43e42fca2c5c5b4c3314291d2e42,2d494e03a942525a3e07cc8c9312b6f6aa766b1142a496b56f55eb3fb092cf5d,80a18b4ae64d45503d7218c096b779f01e9a4531a811d5746af60d675e232c06,3.0224599779999157,0,669,98,False,0.0542448572814464,0.0103745664004073,0.0007991741866737
clahe_dwt_L2,00016786_001.png,16786,mixed_low_risk,0.5248935222625732,1024,1024,7b107c75abfc573dcfaed72f819f7c9be3ae43e42fca2c5c5b4c3314291d2e42,ca3764e5dd356d8af414eff56cb15bbeaf3410611bb78612dde03512a7d3d622,f9eb5d2b1be3080ff2633350b5edf3149f07376a9677f8dcd2ab9b83ed69b136,3.3300538309999865,0,285,623,False,0.1261994987726211,0.000455658202741,4.510844069142218e-05
clahe_dwt_L2,00016786_009.png,16786,mixed_low_risk,0.7115103006362915,1024,1024,7b107c75abfc573dcfaed72f819f7c9be3ae43e42fca2c5c5b4c3314291d2e42,263e00ef90e7fedc77f9721d46d508f44c057d31319a92f9ee4153e7d6a4f320,a093d6388a58ed0bc688a396df91955186043a4798a7ba5e9d939833453b51e0,3.081276493000132,1,665,564,False,0.0935979038476944,0.0128551708271022,0.0019437956754313
clahe_dwt_L2,00017083_002.png,17083,mixed_high_risk,0.5797008872032166,1024,1024,7b107c75abfc573dcfaed72f819f7c9be3ae43e42fca2c5c5b4c3314291d2e42,181627aca7c2eb534c26436593f0d7eca2c52a6eeca9570af2cde11beb49cd41,fb5d755e7d189b265516ef2bd4b6967ac53e343942891a739294172473517d54,3.0585533779999423,0,747,669,False,0.0395688898861408,0.0019275177007194,2.241700105359905e-05
clahe_dwt_L2,00017138_037.png,17138,mixed_high_risk,0.7620424032211304,1024,1024,7b107c75abfc573dcfaed72f819f7c9be3ae43e42fca2c5c5b4c3314291d2e42,77c640bee902a5272cf260c2bae988b74511f54fbd45cbf601cb24331057a3ef,2b8437875034c19e5f7f223667770259d0945bb120d557fa44f59d76f03ec46a,3.021859183000288,0,779,11,False,0.0909309312701225,1.0128633647320976e-05,0.0
clahe_dwt_L2,00017544_003.png,17544,mixed_low_risk,0.5360045433044434,1024,1024,7b107c75abfc573dcfaed72f819f7c9be3ae43e42fca2c5c5b4c3314291d2e42,1382f653d3a2fc97e63542da5d75b4ceb588733b0c88153f1dc99832beee55f3,2dabf00d2a7d5dce4092bfb12a6c2e27a3118f51457922d1eab76f0372002741,3.321297011999832,1,600,290,False,0.1783242672681808,0.0027395666715137,0.0005645099641888
clahe_dwt_L2,00017714_009.png,17714,pure,0.3412507474422455,1024,1024,7b107c75abfc573dcfaed72f819f7c9be3ae43e42fca2c5c5b4c3314291d2e42,2f98f3b1107837690821ef3410b63d2e70908708dd2761657812507e96b92c92,56b872a3934c8a9e286f362f09e4ea7bff96ab086a4ac7186033aa07c490104e,3.248404346999905,0,408,706,False,0.0352719090878963,7.060650992021465e-05,0.0
clahe_dwt_L2,00017972_032.png,17972,mixed_low_risk,0.6292238831520081,1024,1024,7b107c75abfc573dcfaed72f819f7c9be3ae43e42fca2c5c5b4c3314291d2e42,a2191f96644ac82d60520a86b5a963e2bdf98ac8f7ad49464914af5fa47e89fc,35bcf083a192391cf457fd36bf58085ef8ff19cab321026ceedaaca675badb16,3.072565217999909,0,596,308,False,0.1287270039319992,0.0049826940358931,0.0003391228632968
clahe_dwt_L2,00017981_014.png,17981,pure,0.6935054659843445,1024,1024,7b107c75abfc573dcfaed72f819f7c9be3ae43e42fca2c5c5b4c3314291d2e42,fcee8302a02a53a9836d26539ee7e97bcfec2396b3085d6718d395e3cf0b2481,e2af9c46314d1a7a8d1b11b745a6cc8ba7d30a9ea80feab97a1bdad3a52b11ef,3.040581077999832,0,391,605,False,0.0347338616847991,0.0031150515181597,0.0004327911422079
clahe_dwt_L2,00018253_054.png,18253,mixed_high_risk,0.6451780796051025,1024,1024,7b107c75abfc573dcfaed72f819f7c9be3ae43e42fca2c5c5b4c3314291d2e42,dc18cae05ff5be5da7eb4c71655141bae7dcd0d2ecff1768be8e53783e5aac3a,e41423688d0be716e4eb886cbf1cf027fbf0ec5107853cecd191a155b5b1220a,3.061063894000199,0,340,29,False,0.0478247180581092,0.0001798376323091,0.0
clahe_dwt_L2,00018253_059.png,18253,mixed_high_risk,0.470197468996048,1024,1024,7b107c75abfc573dcfaed72f819f7c9be3ae43e42fca2c5c5b4c3314291d2e42,6ec5f26489a4c7d68821ad41592ed782761e0b3b1c794c8c8ece431d8be5fc92,16687473489f7c91d9a949353542f450445ee75230852202b2459213bc8d96c9,3.2286008899995977,0,925,578,False,0.064861424267292,0.0,0.0
clahe_dwt_L2,00018393_000.png,18393,mixed_low_risk,0.2115025073289871,1024,1024,7b107c75abfc573dcfaed72f819f7c9be3ae43e42fca2c5c5b4c3314291d2e42,2221d79fcc26a1a42e4b9455cc4969d19c9ad86b85da3edb0cdb2f2e7dbf62f4,9bda359c294c162b5dd9eba6b2046a44ca185613bead817f24e022298a067199,3.076499795000018,0,619,441,False,0.0416788607835769,0.000739867919875,0.0
clahe_dwt_L2,00018721_010.png,18721,pure,0.0309631284326314,1024,1024,7b107c75abfc573dcfaed72f819f7c9be3ae43e42fca2c5c5b4c3314291d2e42,87a5da49b2fb5584b813b3b14fe7b16dcd501745d036dfadb32b67191b18fdc5,4e582b27a4e7dd655b938f694419cf995543eb3b1bd6235679b8ff83acad29f7,3.125552739000341,1,477,541,False,0.1025066971778869,0.0052459267484827,0.0015028033061672
clahe_dwt_L2,00018921_038.png,18921,mixed_low_risk,0.629229724407196,1024,1024,7b107c75abfc573dcfaed72f819f7c9be3ae43e42fca2c5c5b4c3314291d2e42,30b62447b1743888af8877a6856a49dcfaab36b396c9afc22aed231fd0ec4eeb,e1bb5b2791cecaecf35ab1d5e886f2aceaa1b20007b76fb1c568d1d6251520f8,3.044828084000073,0,157,509,False,0.0870188847184181,0.0001625381964761,0.0
clahe_dwt_L2,00019018_007.png,19018,mixed_high_risk,0.7546046376228333,1024,1024,7b107c75abfc573dcfaed72f819f7c9be3ae43e42fca2c5c5b4c3314291d2e42,b3e5eed050484b4616be9386b6ed00bbbe754b592ba5d0d8f2af8f484b3beb61,42b97dce16bdf21c5f232db8c92c0a4530e13a88afe3a385324fff174020dbe4,3.2750193739998394,0,907,578,False,0.3325075209140777,0.0011417478168873,0.0001434208317009
clahe_dwt_L2,00019150_002.png,19150,mixed_low_risk,0.3005004525184631,1024,1024,7b107c75abfc573dcfaed72f819f7c9be3ae43e42fca2c5c5b4c3314291d2e42,71d743ba716ae9437f6ce7076032e513fc9b996c8a432b86c739f957f96e8dac,4cb6cb8458919191912234610c0ac08a4487d01425922974000b9edb6eff4e68,3.098581527999613,0,450,729,False,0.1256290972232818,6.855595451312418e-05,0.0
clahe_dwt_L2,00019363_043.png,19363,pure,0.365889310836792,1024,1024,7b107c75abfc573dcfaed72f819f7c9be3ae43e42fca2c5c5b4c3314291d2e42,17c4b10fac0aa559b54074adf075a19edc49d374b8ff4f999c36565ef006cb0e,18b19500421457a577b75510efcd31cf12bfaa90fc2ccc68dbae1f68b01a814d,3.068560977999823,0,774,418,False,0.0860707610845565,0.0108321782432363,0.0009638469761491
clahe_dwt_L2,00019625_002.png,19625,mixed_high_risk,0.7616955041885376,1024,1024,7b107c75abfc573dcfaed72f819f7c9be3ae43e42fca2c5c5b4c3314291d2e42,58361accdbfa8122cd23725352d9d7416ac95796f1c36235b914a82cc1471f8a,5b57d613ac77bca9688da5ad74734ed4831d6f4a8d6ba367f4761ba66d364292,3.185031310999875,0,729,235,False,0.2820470035076141,0.0004171080752861,2.22262558760664e-05
clahe_dwt_L2,00019634_004.png,19634,mixed_low_risk,0.3438322842121124,1024,1024,7b107c75abfc573dcfaed72f819f7c9be3ae43e42fca2c5c5b4c3314291d2e42,80699a33a625091f1ebae923fb45f4732181dee3ac18e09cc0b4ca5c9476b754,2ea8e95d6937809ce04a340ab9068ae4b0e5e6e7d8d65aa327e5b5116234a2da,3.3704979389999608,0,797,134,False,0.0540994219481945,0.0040761528880837,0.0002630840465834
clahe_dwt_L2,00019646_006.png,19646,mixed_high_risk,0.5337259769439697,1024,1024,7b107c75abfc573dcfaed72f819f7c9be3ae43e42fca2c5c5b4c3314291d2e42,05cfc73d4e5149aa2067130cf8ba026dd1c06b77b74466d9e345ce17ff7fd54b,499238c094c8349b217ef4b082da5e4012df1a6b1dc008af92bf29c656b622c2,3.2659255240000675,0,619,454,False,0.0594271942973136,0.0,0.0
clahe_dwt_L2,00019706_012.png,19706,mixed_high_risk,0.537888765335083,1024,1024,7b107c75abfc573dcfaed72f819f7c9be3ae43e42fca2c5c5b4c3314291d2e42,3c0f41b5d2e65dd859383c5a6687a1ea6edc6c8d0c4a50b6fa3fafcaa7799e8b,df485ceb28e5944402699c96f63ec9953bec1edd9c1c3cf5f035c3827d5c8d9b,3.084540397999717,0,514,779,False,0.0378737971186637,0.003104290198814,0.0001516875237011
clahe_dwt_L2,00019750_012.png,19750,mixed_high_risk,0.6710130572319031,1024,1024,7b107c75abfc573dcfaed72f819f7c9be3ae43e42fca2c5c5b4c3314291d2e42,0d7a260aee13793b7c1faf01499d6b6cb903ac077f58e1b845f0bd20ccfaad11,ee9b4a109909f562bb51aede7ee96d8234c1581ebd001d0c4203ca8662c5489f,3.115119123000113,1,701,299,False,0.3666000664234161,0.004778507561717,0.0005094047653374
clahe_dwt_L2,00019750_029.png,19750,mixed_high_risk,0.7116038799285889,1024,1024,7b107c75abfc573dcfaed72f819f7c9be3ae43e42fca2c5c5b4c3314291d2e42,8e9a3291055360b692225812ba0d940c755e7c438cbe6b79e4abea9290f82d2d,f599d018f26e6e32c4d2ac30f187a66aa8f956403f8ac070d738220285ed801a,3.079077526999754,0,235,354,False,0.0454142875969409,2.0912189715385097e-05,0.0
clahe_dwt_L2,00019769_014.png,19769,mixed_low_risk,0.1864321678876876,1024,1024,7b107c75abfc573dcfaed72f819f7c9be3ae43e42fca2c5c5b4c3314291d2e42,b65802aba17007f62cd91297763e8e118fe51c0db97876ab1063c0e272c86ee4,d46386d567b3c591a60d2d762e637f56402c5cbefe77a44f4b0ffd364ea954be,3.331028214000071,0,367,692,False,0.0664877891540527,0.0023873991906134,0.0002403701700618
clahe_dwt_L2,00020113_030.png,20113,mixed_high_risk,0.4608387053012848,1024,1024,7b107c75abfc573dcfaed72f819f7c9be3ae43e42fca2c5c5b4c3314291d2e42,fdadbf862dc41348e1fdf350dba2c55899cbcb474c2de92cd854868798b6eb03,83f2261f604004447ba02cef5e4491d953ab50796821b812accbc63bed4add87,3.205083862000265,0,349,198,False,0.0231718122959136,0.0063681390882442,0.0003986559599066
clahe_dwt_L2,00020184_013.png,20184,mixed_high_risk,0.5752021670341492,1024,1024,7b107c75abfc573dcfaed72f819f7c9be3ae43e42fca2c5c5b4c3314291d2e42,f2327b6991adcfd38e335487f9e9be9322f87068f9cd2b944a3373c3bceead00,a4281c94564d895e1f552c0191af931e9bb1e2eface6ec08f93a674d7dc5834d,3.007860951999646,1,331,674,False,0.0987545624375343,0.0031989872724784,0.0006030427815779
clahe_dwt_L2,00020259_002.png,20259,mixed_low_risk,0.3023892641067505,1024,1024,7b107c75abfc573dcfaed72f819f7c9be3ae43e42fca2c5c5b4c3314291d2e42,f2dd3894b701465f5546a3b6e815b48326f4f2e4aedac374e14989ffa4b15175,a5f838d5e69bad6191bdc993511383298671e163f280a72e6e67ef79bc65a1a8,3.031759195999712,0,802,107,False,0.0637593492865562,0.0006212144742972,0.0
clahe_dwt_L2,00020405_041.png,20405,mixed_high_risk,0.6400724649429321,1024,1024,7b107c75abfc573dcfaed72f819f7c9be3ae43e42fca2c5c5b4c3314291d2e42,218c90a76c0f2bfb367e7040df9466c3807d3728f09892e133557e5e6057ca62,9e79d4827a9586bd7b248578cf20ddccbcc093f42e65127e23d2a2e9d2887c77,3.3542920499999127,1,605,468,False,0.1482919752597808,0.0010771708946447,0.0001587380326405
clahe_dwt_L2,00020482_011.png,20482,mixed_low_risk,0.540468692779541,1024,1024,7b107c75abfc573dcfaed72f819f7c9be3ae43e42fca2c5c5b4c3314291d2e42,7af2f62bbccf6b866346e5de5569b1cdf3340389c979ba1617ffabf82736e709,cec37723b54bf7c83b639124d3b5d0e49b05525de4e90b920fe62dafe724db11,3.101608371000111,0,765,413,False,0.0553056187927722,0.0006293046183966,0.0
clahe_dwt_L2,00020482_032.png,20482,mixed_high_risk,0.6961383819580078,1024,1024,7b107c75abfc573dcfaed72f819f7c9be3ae43e42fca2c5c5b4c3314291d2e42,d88ab20919355049ec10ff1e846b5bd8535e9502ccfa5da1ec89251dbaf76473,b69195d0817f122e50d9bdbf74258123fac5df4a3b223c3ef6126ea1ba11d5bd,3.0646632010002577,0,1007,349,False,0.0564824528992176,0.000253477392985,0.0
clahe_dwt_L2,00021009_001.png,21009,mixed_high_risk,0.5897481441497803,1024,1024,7b107c75abfc573dcfaed72f819f7c9be3ae43e42fca2c5c5b4c3314291d2e42,750787db48b36bc472a65467eb18c252e45e7e1d346733ee2d395a54a1226a0a,e9d6eab2dec65b93830e401d6cbdb6529dc3cb8612e9b436d679d5e7c873e49a,3.03609586399989,0,861,477,False,0.3981784284114837,0.0024821462157956,0.000197316495659
clahe_dwt_L2,00021201_010.png,21201,mixed_high_risk,0.4928571581840515,1024,1024,7b107c75abfc573dcfaed72f819f7c9be3ae43e42fca2c5c5b4c3314291d2e42,254327fa7729085fe155b0af3b3d7ca769ea480ab52db4e14eb139ee1ea3acc5,f11edacb1c19536c04eaeb1d5ebc2a98acca1714fec2b515b7a1a0982fc68892,3.3890455760001714,0,400,824,False,0.0757184997200965,0.0001978507164278,0.0
clahe_dwt_L2,00021703_001.png,21703,mixed_high_risk,0.6922330856323242,1024,1024,7b107c75abfc573dcfaed72f819f7c9be3ae43e42fca2c5c5b4c3314291d2e42,cf57f16200676ae49d708639f252ee5138b76962c990a800afe7eaedf742692c,5a8371cd0b194d17ecb0316f314629c886260e308541f68b9fc6fc8d3d7eabbc,3.15374502900022,0,907,418,False,0.0099472953006625,0.0,0.0
clahe_dwt_L2,00021710_003.png,21710,pure,0.4993116855621338,1024,1024,7b107c75abfc573dcfaed72f819f7c9be3ae43e42fca2c5c5b4c3314291d2e42,8c4e20e8b4802ab5fac72f44897ff2481444ff29ba3cfcacaef220b8155d01a3,f242011e4620caa30203f7d3254a17bb5f99fa48a1d61dd951f05fc38b1d2ad1,3.1364437369998086,0,331,724,False,0.0405376404523849,0.0003495805033959,0.0
clahe_dwt_L2,00021840_016.png,21840,mixed_high_risk,0.6693105101585388,1024,1024,7b107c75abfc573dcfaed72f819f7c9be3ae43e42fca2c5c5b4c3314291d2e42,59e59f684f257dff6dac888ee2065bf580b9bb0229604c11fe0c98359efaec17,2cb85f5a10473b992cb10c7d8aa37ddcd914dfe57f5f98ecf9dac553e3a6b0f4,3.059190892000061,0,386,674,False,0.0697908028960228,0.0080630382994319,0.0003307199968873
clahe_dwt_L2,00021926_007.png,21926,pure,0.7681044936180115,1024,1024,7b107c75abfc573dcfaed72f819f7c9be3ae43e42fca2c5c5b4c3314291d2e42,1bb2768ce06173f247e6cdbe913d638b702011523ba3d1eb256f5cd45df869f5,6ec066d2c4b7a6d537c01fe629da33322bbb2fe6159179eaca234cc5c5dafcbd,3.122661067999616,0,171,834,False,0.0260344371199607,9.62278675904542e-05,0.0
clahe_dwt_L2,00022369_013.png,22369,mixed_high_risk,0.2743004560470581,1024,1024,7b107c75abfc573dcfaed72f819f7c9be3ae43e42fca2c5c5b4c3314291d2e42,72739b62b20c14062fb021b302a30ea39d26d860750610501dc7766c98fac057,d71bab1bd78a2a05fcc4fc445df4df8e62db9f41f5382b337a010db61bad86a1,3.3588194270000717,0,903,290,False,0.1274106949567794,0.0004647670801901,0.0
clahe_dwt_L2,00022416_048.png,22416,mixed_high_risk,0.6235938668251038,1024,1024,7b107c75abfc573dcfaed72f819f7c9be3ae43e42fca2c5c5b4c3314291d2e42,8fca86a6706c395922bf4f6b6f2b6f565cf01de7963a8aced54db0e6c727ea4c,628aa0c77a9dbd7260a9dfaf4db2789655566263f5c7472ca2c5854c1bd8d927,3.083838223999919,0,866,194,False,0.3484111726284027,0.0001754815689514,0.0
clahe_dwt_L2,00022470_006.png,22470,mixed_low_risk,0.417772501707077,1024,1024,7b107c75abfc573dcfaed72f819f7c9be3ae43e42fca2c5c5b4c3314291d2e42,3282e52a6258627a2f15ab985cb32f5893a7097ec24b19d030f6fb426cafc43b,e5a49966de1a47ebe6dbf693f212b543c2643891bfaab7ec3023abf0a1062a38,3.133519924000211,1,285,523,False,0.524962842464447,0.0011010776367261,7.961680646230251e-05
clahe_dwt_L2,00022727_000.png,22727,mixed_low_risk,0.6405067443847656,1024,1024,7b107c75abfc573dcfaed72f819f7c9be3ae43e42fca2c5c5b4c3314291d2e42,9483b7f632d077fc5b77c0bdadcd3368e4162566c25e114b1bdb32408cd04127,ede738b5194f6bdb0c134d196a127bd4131e68d1769c69e734ffecf30467c93e,3.0860434810001607,1,477,377,False,0.3867919445037842,0.0028742008404177,0.0003437523871693
clahe_dwt_L2,00022899_014.png,22899,mixed_high_risk,0.6731134653091431,1024,1024,7b107c75abfc573dcfaed72f819f7c9be3ae43e42fca2c5c5b4c3314291d2e42,f03ab7d8f2cb455e1dfa1948613675d1ff91093c9b92211c6a7be12ebff77eb1,c5ea96be27fc0d16e4653c1e9b9664e0561836faa9b0ec7683d00b49ea3a4d2c,3.2682285240002784,0,902,34,False,0.0557967908680439,0.0,0.0
clahe_dwt_L2,00023026_008.png,23026,mixed_low_risk,0.29060959815979,1024,1024,7b107c75abfc573dcfaed72f819f7c9be3ae43e42fca2c5c5b4c3314291d2e42,0aed7580ec1f9422a269cb5d1c2c922791a22aa36b758cf6b0ef6222b8f1305c,5c413c7ef7bd7397260435064ba18860700b7d1ef0619bf4e7f954d9bce9fca4,3.096994698999879,0,953,683,False,0.3673492670059204,0.0065481397170669,0.0007582383478162
clahe_dwt_L2,00025521_003.png,25521,mixed_high_risk,0.5146558284759521,1024,1024,7b107c75abfc573dcfaed72f819f7c9be3ae43e42fca2c5c5b4c3314291d2e42,c84021238fe41945aa3d152d1401f3af41290f5567e1f9956724136d4ab43b8f,5ea6311f32cea6be41fcbb43fb5d8f119cd3e37f0747a7b90ce039d81bc4b613,3.189409131000048,0,601,413,False,0.0616482943296432,0.0014250586788867,0.0001414987548109
clahe_dwt_L2,00025787_027.png,25787,mixed_high_risk,0.728439450263977,1024,1024,7b107c75abfc573dcfaed72f819f7c9be3ae43e42fca2c5c5b4c3314291d2e42,70be95d0d0ebef1d3408f1e25871be0ac946be114c8ecdb27e2b84f99b081b51,d720d77bb510b54e7941469de83401fa3a92c483fe4af9cab97e850faa590792,3.127525267999772,0,930,25,False,0.1204041764140129,0.0,0.0
clahe_dwt_L2,00026098_003.png,26098,mixed_high_risk,0.6405585408210754,1024,1024,7b107c75abfc573dcfaed72f819f7c9be3ae43e42fca2c5c5b4c3314291d2e42,98914ec32e994c11397525a48eec7073d9c22f1796a7efca90f520b7a6a39adc,da25a14e9c3b82df8cb35b0423773358f3f96243fe124fec65551a0aa5bd9129,3.303880744999788,0,541,459,False,0.0387263931334018,2.0352919626320395e-05,0.0
clahe_dwt_L2,00026194_010.png,26194,mixed_high_risk,0.7900823950767517,1024,1024,7b107c75abfc573dcfaed72f819f7c9be3ae43e42fca2c5c5b4c3314291d2e42,a8ecb5897b07691373979e5082c28cc43166c7fa3a9e5a33fc9f26f42ca707b3,811dae20eed6f29e99dcf772f0a9df3477b136b9e9f69427a953f21734c0c736,3.1102524479997555,0,911,683,False,0.0164820700883865,0.0,0.0
clahe_dwt_L2,00026538_012.png,26538,pure,0.5308954119682312,1024,1024,7b107c75abfc573dcfaed72f819f7c9be3ae43e42fca2c5c5b4c3314291d2e42,e4d782c9e39df70e977d28ca58d09906e5f4cc711779461a206963a08b9c178c,8c992a17fa6216a9db97eeb3be8c3d33ebc6309581291639d1cf73965550264a,3.0957753759998923,0,875,349,False,0.0593600273132324,2.7216809101300964e-05,0.0
clahe_dwt_L2,00026538_034.png,26538,mixed_high_risk,0.7809688448905945,1024,1024,7b107c75abfc573dcfaed72f819f7c9be3ae43e42fca2c5c5b4c3314291d2e42,c73cf46543e19ac40a4b260709cb341a6b5282bae58a09a1b52f0068531e9a1c,1a8904557473ca1d8405b03fe27c9fe77fc99a8c9ce2fc4ef19cc7e3db03b679,3.048728270999618,0,477,335,False,0.0440338179469108,0.0034874564067949,0.0002603303829223
clahe_dwt_L2,00026865_003.png,26865,pure,0.5638017058372498,1024,1024,7b107c75abfc573dcfaed72f819f7c9be3ae43e42fca2c5c5b4c3314291d2e42,c91e0821102a7a5a2058f6e2cb256f4221f6d92a3c65dc1324cc12af9fe00afb,d6262e575fd62b8cd6df0085e2cd5d75119e3c7c588198e59ccaac5a31eee6eb,3.2134613859998358,0,363,386,False,0.0431713983416557,0.0012145748987854,0.0002394206021428
clahe_dwt_L2,00026911_000.png,26911,mixed_high_risk,0.7448123097419739,1024,1024,7b107c75abfc573dcfaed72f819f7c9be3ae43e42fca2c5c5b4c3314291d2e42,4005c8776c338b130351e92aa61ba71ac644b30556f938c49c64fc3866bbd3de,2f15b22a3dc9d12711fbe2a1976b942caf7f642eb8193146f0dfebbeeefd7c87,3.322356001999651,0,253,20,False,0.0962359830737114,0.0029162803218377,4.582321404023278e-05
clahe_dwt_L2,00027113_002.png,27113,mixed_low_risk,0.4508466124534607,1024,1024,7b107c75abfc573dcfaed72f819f7c9be3ae43e42fca2c5c5b4c3314291d2e42,95781d6831243447a032671963d4360606a518e44325558d3fbb206c2698528a,54500be5612e0a7c366b251dc6e943110cfdcef2fa9e6cfa55e9ad9c4183c01d,3.076339063999967,0,363,674,False,0.1376359015703201,0.0015484946844942,0.0001994256541161
clahe_dwt_L2,00027357_014.png,27357,mixed_high_risk,0.3630377054214477,1024,1024,7b107c75abfc573dcfaed72f819f7c9be3ae43e42fca2c5c5b4c3314291d2e42,d76ad8da925fcddf19de56fcba5c340344d1961efabd3f55025999ba253ec7f8,8b0fe1b16dc2bd396764933b99e0ce2d81e2ce8cea78a1689da0cbb12b410d67,3.0555254759997297,0,692,130,False,0.0377326793968677,0.003462086755821,0.0
clahe_dwt_L2,00027441_002.png,27441,mixed_high_risk,0.7206940650939941,1024,1024,7b107c75abfc573dcfaed72f819f7c9be3ae43e42fca2c5c5b4c3314291d2e42,fbb5113534cbd80f3d97727d6b5543659d698db1501499ab22a9e77913ab96f3,e80101cea807b9632aa04348e35b97094956f95d81e449b7ce11fe4fae4c58b9,3.045439484000326,0,601,642,False,0.0696102231740951,0.0005445337883215,0.0
clahe_dwt_L2,00027479_013.png,27479,mixed_high_risk,0.551231324672699,1024,1024,7b107c75abfc573dcfaed72f819f7c9be3ae43e42fca2c5c5b4c3314291d2e42,bb6fad5729e5559c5c444897091d8190846b6031f24f6234a5c8176842ebc0bf,b8e1ce30edc39e3dd052ab11720ee4dd19a13038f4c3b05a79e10e5f648a495b,3.43750018899982,1,413,564,False,0.3989063501358032,0.0013587801174057,0.0001658227473275
clahe_dwt_L2,00027927_008.png,27927,mixed_low_risk,0.6863616108894348,1024,1024,7b107c75abfc573dcfaed72f819f7c9be3ae43e42fca2c5c5b4c3314291d2e42,3d9d62a26e302561844e52e25edf314d84ecdd2c1337c6e89f5aaa26b6258666,7a2a254e6d89e6e9205092b1c39d4c1e338c4ad28dbfb7e271b964b5039c6403,3.1148512760000813,0,632,271,False,0.0365121886134147,0.0001501694769811,0.0
clahe_dwt_L2,00028208_005.png,28208,mixed_low_risk,0.5042983889579773,1024,1024,7b107c75abfc573dcfaed72f819f7c9be3ae43e42fca2c5c5b4c3314291d2e42,ad1c757e21f86fdfd1cfb5ef600a44e6970aba8130c053a7e9446867291756e2,5aecd73b38dd6d1932079f1c424a75efccad8b72d4bec31646252de0c00fb295,3.1619472379998115,1,642,546,False,0.3701100051403045,0.0094270132690571,0.0011495013602432
clahe_dwt_L2,00028285_014.png,28285,mixed_high_risk,0.575849711894989,1024,1024,7b107c75abfc573dcfaed72f819f7c9be3ae43e42fca2c5c5b4c3314291d2e42,357e43fd7c45d3c018d800fdd0eeae2dcb6c987cd6a2c40839cbc660274fe4ca,31178b26e39934acc26c23ffcd540089ca1ba32fa590bbd94609dece6e5c06df,3.050494900000104,0,198,706,False,0.0793529003858566,8.02789118766916e-05,0.0
clahe_dwt_L2,00028383_002.png,28383,mixed_high_risk,0.7935534715652466,1024,1024,7b107c75abfc573dcfaed72f819f7c9be3ae43e42fca2c5c5b4c3314291d2e42,513009be73250cc221f8a2e2b624f23557a65f6f668fa1e311f8c797292015d2,761581e2263eec9ccdb54344f94d4a4dad6ae07fbcfde463d66e5862d167b4bf,3.376120214000366,0,596,363,False,0.1584211140871048,5.085693942938514e-05,0.0
clahe_dwt_L2,00028518_012.png,28518,mixed_high_risk,0.7301458716392517,1024,1024,7b107c75abfc573dcfaed72f819f7c9be3ae43e42fca2c5c5b4c3314291d2e42,ead09ba63885d3c8cfd0cefa591272cbc3b391b9d407fc191cddc0c2102d30c3,6a9b2860ba836ecb0c516d0665f50f93b93e090f616d3962cbbb35953e072c80,3.2333586700001438,0,706,326,False,0.1930032521486282,0.0001726465141099,0.0
clahe_dwt_L2,00028640_003.png,28640,mixed_high_risk,0.6879273056983948,1024,1024,7b107c75abfc573dcfaed72f819f7c9be3ae43e42fca2c5c5b4c3314291d2e42,33c04c460459cf17dd1b88a74905a22920d0a031ac71da5ac42e8bf297b98fa2,049c0d8fda802c319abc05d8075ceb3322f598c351af0fb79e2f360f5929e6e7,3.049810976000117,0,285,89,False,0.0360686741769313,0.0011369019422074,6.743543057522422e-05
clahe_dwt_L2,00028640_008.png,28640,mixed_high_risk,0.5605266094207764,1024,1024,7b107c75abfc573dcfaed72f819f7c9be3ae43e42fca2c5c5b4c3314291d2e42,acd92dbc912ae49618e1cf15ca7a9bdcf123ca3b6f5d0803fe338c9f06156828,c026ae262d8f000c675391c808c0135f13f503abd8a56311ed82c416107740e6,3.1124678319997656,0,244,505,False,0.0657455548644065,0.0124983467795265,0.0028817768614404
clahe_dwt_L2,00029039_020.png,29039,mixed_low_risk,0.5665872097015381,1024,1024,7b107c75abfc573dcfaed72f819f7c9be3ae43e42fca2c5c5b4c3314291d2e42,175d397b4feae0319b9fd7fd6e4609da92afeac4231ea09f276491f2db81fea0,bce9136f08bb96fc14d0bc20442dac6ad7ae7ae0663e45c950da88a163b5a34d,3.3102218929998344,0,893,436,False,0.4192735254764557,0.0002544951887014,2.6802034810482813e-06
clahe_dwt_L2,00029404_004.png,29404,mixed_high_risk,0.8556578755378723,1024,1024,7b107c75abfc573dcfaed72f819f7c9be3ae43e42fca2c5c5b4c3314291d2e42,6c671720e6a30aeae1bf34f2a0bf2d3dbe33cae3a406f9212e2dc2d3cd5d892a,7176a1f22239ede529d220830f22c799cacc3de74480a8e7a8f68b7c51a390b9,3.107398626000304,0,409,413,False,0.0705181136727333,0.0014855202585784,8.299443937256204e-05
clahe_dwt_L2,00029431_000.png,29431,mixed_low_risk,0.3709193468093872,1024,1024,7b107c75abfc573dcfaed72f819f7c9be3ae43e42fca2c5c5b4c3314291d2e42,6497ec586d83fdbb80fd9e72872576d62700498cc140f4a061adc2808839c087,ae5561b46f7c53abf113702863812fa12529ed90a50a023675b6b301bc5d36ea,3.050514554000074,0,651,532,False,0.1136775910854339,0.0,0.0
clahe_dwt_L2,00029532_014.png,29532,mixed_low_risk,0.4585601091384887,1024,1024,7b107c75abfc573dcfaed72f819f7c9be3ae43e42fca2c5c5b4c3314291d2e42,9b5fb518ed7a01f00445a7434216abad5e18cfa30d9827a92027489a9ee618d6,f1004f3210ba6829f8033fde38c7c11742d9e531c9f48722c50a6da11bcc9c06,3.285137943999871,0,409,696,False,0.1273421645164489,0.0107442526775359,0.000993252731445
clahe_dwt_L2,00029617_006.png,29617,mixed_high_risk,0.6829952597618103,1024,1024,7b107c75abfc573dcfaed72f819f7c9be3ae43e42fca2c5c5b4c3314291d2e42,75f032f9cf93bbe2abb394e9faab35402258a3b627db3ed7c722fa763d198f3d,df0a6ba589e90a27bede35a22650734ba7d6bb0fc63c700327f239bec12b42b4,3.1335880410001664,0,715,820,False,0.0479326769709587,0.0026681172935447,0.0002169373864468
clahe_dwt_L2,00029861_013.png,29861,mixed_low_risk,0.7123671770095825,1024,1024,7b107c75abfc573dcfaed72f819f7c9be3ae43e42fca2c5c5b4c3314291d2e42,6ea110a4f77971dc409c9ee13cfb2f448b5289df9f021de61ac535ace42ad8ca,e0001e3a11bdc39a9e32c4aae6ea144e35804c8ecd74c77b374e3da9b3e6b304,3.3841514379996624,0,322,29,False,0.34302419424057,0.0017491953051337,0.0001140384602852
clahe_dwt_L2,00030323_028.png,30323,pure,0.8217084407806396,1024,1024,7b107c75abfc573dcfaed72f819f7c9be3ae43e42fca2c5c5b4c3314291d2e42,5867122162733b6fd5e3ff6669621d6a9a15908021a9738a082546e0c0943660,5c60219e6b3217878fb1e88d564dd1646b89697dff072fb826898dbff45cc580,3.0940333690000443,0,527,377,False,0.0834705084562301,0.0,0.0
clahe_dwt_L2,00030408_013.png,30408,mixed_high_risk,0.8782492876052856,1024,1024,7b107c75abfc573dcfaed72f819f7c9be3ae43e42fca2c5c5b4c3314291d2e42,55ae84fa8861573f269eafb8a5a591ca1e9b82e7389cb9f8b9643922261bc66f,ce8f60cd33166c8abe4d8e98d2f0a0a4ecfde3d9e90dc0385577c59da79543fd,3.061745615999825,0,564,395,False,0.0254105739295482,0.0,0.0
clahe_dwt_L2,00030573_002.png,30573,mixed_low_risk,0.6804017424583435,1024,1024,7b107c75abfc573dcfaed72f819f7c9be3ae43e42fca2c5c5b4c3314291d2e42,74fa61db76c4ee69022cdf82308288a617f2410fa79859cfb118be1fe3d6cd68,6634a0b58303e7c07323795f4381d06597f0fc159512299e5a5a2362d53ef823,3.0467535950001547,0,358,290,False,0.0293108131736516,0.0001364908209922,0.0
clahe_dwt_L2,00030636_004.png,30636,mixed_high_risk,0.6066769361495972,1024,1024,7b107c75abfc573dcfaed72f819f7c9be3ae43e42fca2c5c5b4c3314291d2e42,fff0a0d8e5e260f21a4a1f554f3518ce4eb54472049bfe98602f07876b2ad16e,e12d8018a6a28d63e03d414150eb75aaa05e1e01dcb6fe96f4865c820285efe8,3.267141347999768,0,193,0,False,0.041058525443077,0.0010850694444444,0.0
clahe_dwt_L3,00000032_037.png,32,mixed_low_risk,0.5332045555114746,1024,1024,274de4f1339a1568a39642cfd1e80af9a7a384dbfb0172fab868e865fa053b1f,ff499db54755974c29ee96c175803f693a85dea372e53a26efff608946419dee,bdedc4b5e1652f5c2459333f588dd5b12b259d91925169e4f422df6364b67424,3.834135306000008,0,121,386,False,0.0510959737002849,9.471341299783736e-05,0.0
clahe_dwt_L3,00000211_016.png,211,mixed_low_risk,0.6163632273674011,1024,1024,274de4f1339a1568a39642cfd1e80af9a7a384dbfb0172fab868e865fa053b1f,7634df2b84ddfee53da9e6ad322497a55700e224414b1370a0575e2b99734d16,99c064fb8269df22614572c206af5f58063630bc64f6f45870535380832b13e4,3.238359838999713,0,916,25,False,0.0661268830299377,0.0,0.0
clahe_dwt_L3,00000468_041.png,468,pure,0.5583657026290894,1024,1024,274de4f1339a1568a39642cfd1e80af9a7a384dbfb0172fab868e865fa053b1f,d2d1f0608e018ea19ff085c52fc571c1f08807dd3f968a940f532957c0d9fd8a,8def879d9ad298fb3445a2bbb071ed8e64e3d3617350ae3d0d27168711d0fb64,3.1797715520001475,0,578,546,False,0.0099011231213808,0.0019773366795954,0.0002250225022502
clahe_dwt_L3,00001039_005.png,1039,mixed_low_risk,0.5388801097869873,1024,1024,274de4f1339a1568a39642cfd1e80af9a7a384dbfb0172fab868e865fa053b1f,b82ca336e51b9c0034319b12bd88cd700c8cd69d8ed8a3e9b228bd2c3327a4db,c04b17944bac4bd7813b9320ee5723adbe6509203cf961dc5e7c788ba3d5a51a,3.1473123179998765,0,249,1003,False,0.0961862951517105,0.0031279795259521,0.0001859207301614
clahe_dwt_L3,00001900_026.png,1900,mixed_high_risk,0.4747126400470733,1024,1024,274de4f1339a1568a39642cfd1e80af9a7a384dbfb0172fab868e865fa053b1f,f8c169359177ba3b566292fc1f8e8b76a07628252b47c9412ab14eda257043c9,367e2596d2eeb017d14ccc01b35a83f49cc76dbb5e4f6bb32f05415bfae6c904,3.416209166000044,0,555,7,False,0.0655891820788383,0.0018195666892349,8.710927858999115e-05
clahe_dwt_L3,00002224_007.png,2224,pure,0.5218688249588013,1024,1024,274de4f1339a1568a39642cfd1e80af9a7a384dbfb0172fab868e865fa053b1f,5985a069cefddad5278fa67484492fc4268115ec7cf9fe64edd4ffdb9ac1de4d,fa277a3e1797def5e9a60bd98feb2fc9bfcc1425539115b00b7bd19e864b3df8,3.2826407319998907,0,683,290,False,0.0717462375760078,0.0008526729443167,1.868774644465624e-05
clahe_dwt_L3,00003149_007.png,3149,mixed_high_risk,0.6102252006530762,1024,1024,274de4f1339a1568a39642cfd1e80af9a7a384dbfb0172fab868e865fa053b1f,f0fd5bc192c7c564f0a67ba43159e859ee6f180e24cb6d63a18d14d429fb6d05,64f49f0fd8b7233d4a831874f9ea03567fc9988cd14729af7be8eb57de08d324,3.306812722000359,0,605,240,False,0.1036375015974044,0.0008380732558459,6.928086462519052e-05
clahe_dwt_L3,00003333_002.png,3333,mixed_low_risk,0.5788862109184265,1024,1024,274de4f1339a1568a39642cfd1e80af9a7a384dbfb0172fab868e865fa053b1f,4d0db0adb8e2240961c02c435f8810399a1ac7bbee4c42cc9f9687224f65cd4e,7f3c77100e8a6932b6dd01d159b7c4bfe10c4065800e1188f9aaef569746a408,3.2430712860000317,1,546,395,False,0.1276251822710037,0.0013268998793727,0.0003193978056507
clahe_dwt_L3,00003973_008.png,3973,mixed_low_risk,0.6824936270713806,1024,1024,274de4f1339a1568a39642cfd1e80af9a7a384dbfb0172fab868e865fa053b1f,c09134b8d7e7ffad871657f16c23f038a203f89c0d88c5c729fbb4c84af11fb3,cc582105d8dae0e83de1775e95063143a6ad2ffa4443e4b4b7dfcab692b596a4,3.5105984570000146,0,802,779,False,0.0424042865633964,4.368910830529949e-05,0.0
clahe_dwt_L3,00005066_030.png,5066,mixed_high_risk,0.5784896016120911,1024,1024,274de4f1339a1568a39642cfd1e80af9a7a384dbfb0172fab868e865fa053b1f,2cf9f46f86d25d03d22aac5cf3082db5530a978061d2fc752f7bb1b3f80104e7,3ee27ce01eb1ccb017b9751f48b48be943a8fbc3a00e25e8d09e3675ef5e2e67,3.279160755000248,0,559,285,False,0.0366304218769073,0.0,0.0
clahe_dwt_L3,00006096_010.png,6096,mixed_high_risk,0.531222939491272,1024,1024,274de4f1339a1568a39642cfd1e80af9a7a384dbfb0172fab868e865fa053b1f,1119292eddd49995081bf6244d335d2ddc39383368b8798be7409a827ac49b0c,8c186043896187b4b4c2e85d751f96dedf5f58ebf42c387200cb4940144cb2f1,3.206599868000012,0,322,418,False,0.0552807189524173,0.0,0.0
clahe_dwt_L3,00006304_060.png,6304,mixed_high_risk,0.5497961640357971,1024,1024,274de4f1339a1568a39642cfd1e80af9a7a384dbfb0172fab868e865fa053b1f,9f1b2283be9f848eb61dd33b2609a9e289cf1e1d52bfc09b78913c39c02b8fc3,952f8cfe24085d0328550ba11f0478709cb20881666659c0e8ecadd43c3ab17e,3.3632801260000638,0,29,564,False,0.0297299083322286,0.0,0.0
clahe_dwt_L3,00006836_002.png,6836,mixed_high_risk,0.5122142434120178,1024,1024,274de4f1339a1568a39642cfd1e80af9a7a384dbfb0172fab868e865fa053b1f,7da72c869fa6c541dc6ab139c90b530669e63c20594a123ab825f7be6c9ad545,e9b94914ea9eccd48f5d7a3643b94f36077106142d98fbe8e62cbb990a8c21b9,3.241236767999908,0,491,372,False,0.092367023229599,0.0002558199027884,0.0
clahe_dwt_L3,00007124_006.png,7124,mixed_high_risk,0.5642924308776855,1024,1024,274de4f1339a1568a39642cfd1e80af9a7a384dbfb0172fab868e865fa053b1f,e97ab6e0ad9fce2df076f32933fbe49ceeaa8cce90a647da512a4781c68b3490,85a622bee015cd0a42d139987114ed0686ae2f4c2d49635d93ec76e03ec721f0,3.386106985999959,0,514,254,False,0.1359099745750427,0.0047276708794146,0.0005730111737178
clahe_dwt_L3,00008814_010.png,8814,mixed_high_risk,0.6383893489837646,1024,1024,274de4f1339a1568a39642cfd1e80af9a7a384dbfb0172fab868e865fa053b1f,a80dfb164e253305bf427c771cf21bbf7f99f84e09f40d0068375aa6ad9aaca3,6585496be1fd5eb53edafc9f978e27e9475ec3f36e54bfb62b3b9f282a58eced,3.133507667999765,0,258,372,False,0.0715549513697624,0.0049894163894768,0.0006476230483791
clahe_dwt_L3,00009431_004.png,9431,mixed_high_risk,0.5037170648574829,1024,1024,274de4f1339a1568a39642cfd1e80af9a7a384dbfb0172fab868e865fa053b1f,da96743598233c5876e741c84d53adc477407d1040b35531c0ca8ed74ac6fc85,b932ba54cb1a9f9fb83aff475264c6ee1f37a5b8032d544d2263a6bff3b8df83,3.0969680120001613,0,308,742,False,0.0834211558103561,0.0008530372933487,1.2275963663147556e-05
clahe_dwt_L3,00010092_018.png,10092,mixed_high_risk,0.5041061043739319,1024,1024,274de4f1339a1568a39642cfd1e80af9a7a384dbfb0172fab868e865fa053b1f,8503ff42b8b8b6f5b1714320773a9590201975bb3fb7e6b6fb18b738c388ad02,2ee04fd78050baa9d10c8dbcb3052c176c98bcedf2c4329011940d1d6960ce6a,3.1109165380003105,1,665,482,False,0.0331262461841106,0.0063850293149144,0.001520591341077
clahe_dwt_L3,00010120_010.png,10120,mixed_low_risk,0.5220107436180115,1024,1024,274de4f1339a1568a39642cfd1e80af9a7a384dbfb0172fab868e865fa053b1f,50573f58e648ed158b30957f08b3dcfd88d32c2952db15228c81a6ebde65e2df,794c381d77c40d558e7435ad6b93d0f4dcfc1f0d127bffeedcf5bb24eece92ea,3.5557004530000995,1,395,706,False,0.3265580534934997,0.0006967958279349,8.711844842043363e-05
clahe_dwt_L3,00010230_001.png,10230,pure,0.4664088785648346,1024,1024,274de4f1339a1568a39642cfd1e80af9a7a384dbfb0172fab868e865fa053b1f,290691e0b6c29e929edf53ae5151628e708e5993a543c7470074bcb2d000b126,6b7d2a43e4ac934a3fad5d42646674a554aa5d36d7afb6002f90d4ba7cae8248,3.168607784999949,0,564,98,False,0.0222995057702064,0.0025774944041239,0.0002841831763559
clahe_dwt_L3,00010277_000.png,10277,mixed_high_risk,0.4354492723941803,1024,1024,274de4f1339a1568a39642cfd1e80af9a7a384dbfb0172fab868e865fa053b1f,52ea9b5d5c3dae98a9c8cbe2d3aab60c5f7f25248727eb18e403cdc23e06b68b,11871ace61970fc7317aa14ff51454509366a8c538d78f698a03b5a02801c129,3.1103526120000424,0,994,11,False,0.0725008994340896,0.0036692293030052,0.0004089310542242
clahe_dwt_L3,00010805_049.png,10805,pure,0.5923586487770081,1024,1024,274de4f1339a1568a39642cfd1e80af9a7a384dbfb0172fab868e865fa053b1f,0d181ae027b6b79a99da592e1b33bc642888b1ef32bfcfb9d90ed997454b0078,e3001c8aa3a70d39ae614bdd66d3860030e13d014e0cce3a6a93d0463ef3d3a3,3.1324718450000546,0,582,103,False,0.1042413488030433,0.0050901138677324,0.0007988450433108
clahe_dwt_L3,00010828_039.png,10828,mixed_high_risk,0.5740926265716553,1024,1024,274de4f1339a1568a39642cfd1e80af9a7a384dbfb0172fab868e865fa053b1f,bb1caae6fc9ba1483ff3d1a50996c3985b0b67efe2194080ffa374ed5493eaf6,97aca67f5a26b35e9ea6d2ad5ba418f98401073f7b284dfc3c934e4f9f8c9086,3.3767727039999045,0,47,0,False,0.0479460507631301,0.0,0.0
clahe_dwt_L3,00011023_004.png,11023,mixed_low_risk,0.5540667772293091,1024,1024,274de4f1339a1568a39642cfd1e80af9a7a384dbfb0172fab868e865fa053b1f,37cd6937de740d85538c1882479034f06882a23893cd31ba03fc3bd8e3faea49,42fd715ce00276798085d55ed442c7292c84ebca9e2a72b58a35e3526721dd4b,3.3371017999998003,0,450,235,False,0.0619459412992,0.0004252217227554,4.076142338890474e-05
clahe_dwt_L3,00011124_000.png,11124,pure,0.5729743838310242,1024,1024,274de4f1339a1568a39642cfd1e80af9a7a384dbfb0172fab868e865fa053b1f,d0d49691a482f06a8a6722ee271b72760df02c8dbfdefc454c5af6753ef17638,de3a09617592ff988a3d3b5a53d123b4c07e3b0f802a9f2444117ef0e1f00af2,3.116542705000029,0,578,729,False,0.0212337169796228,0.000200628636394,0.0
clahe_dwt_L3,00011237_094.png,11237,mixed_high_risk,0.6284828782081604,1024,1024,274de4f1339a1568a39642cfd1e80af9a7a384dbfb0172fab868e865fa053b1f,83ff11500e048e00dd4f3b1bd17c4d089b471d5f202d56e8532db6c91ddc47de,00688912304a0a6652a357a16076e35b1f30cbc05eb768d68944d0edf6780873,3.135490714999833,0,253,326,False,0.0505677126348018,0.0001626446012157,0.0
clahe_dwt_L3,00011269_018.png,11269,mixed_high_risk,0.5806993246078491,1024,1024,274de4f1339a1568a39642cfd1e80af9a7a384dbfb0172fab868e865fa053b1f,3a37b0c0efc5cf8bcbb59bf7273f4fa6cbc3b81ad29719c436ad194d63960bec,3bd7cd588d5c2af055fe7fedcda87f82da940f729f6529a3b88aaa0be706a2eb,3.281565910000154,0,285,582,False,0.0780697241425514,0.0003347733902979,0.0
clahe_dwt_L3,00011366_002.png,11366,mixed_low_risk,0.4846022129058838,1024,1024,274de4f1339a1568a39642cfd1e80af9a7a384dbfb0172fab868e865fa053b1f,4c822d009d27b77317ee1eed93b6b3a998f322849817550c0f2d7e99b3043967,ac91823a6def20409a55e1585dc0846653f351c9c576f474e6bb4ea6519b40d5,3.163039430000026,0,294,70,False,0.3019687533378601,0.0003114272569628,2.369471726278626e-06
clahe_dwt_L3,00011925_072.png,11925,mixed_high_risk,0.5238192081451416,1024,1024,274de4f1339a1568a39642cfd1e80af9a7a384dbfb0172fab868e865fa053b1f,3db29d516647ab49c7c9fca1fbbcf1510171f754c84ca6fdeb8380a64fc4b3d8,ecb986525e8a9b57a155e3209072b8d3298739a16397cc5af3b391e66a36d806,3.165224937999937,0,463,669,False,0.0897919684648513,0.0044428468727534,0.0009022381326581
clahe_dwt_L3,00012021_054.png,12021,mixed_low_risk,0.5624055862426758,1024,1024,274de4f1339a1568a39642cfd1e80af9a7a384dbfb0172fab868e865fa053b1f,af90cec7820f93debccc0ccba173cc217db9043b57071510b5337d7b3d4e105d,854eb612c0a4dab02babdc87435979acb14c979cac0ec1ab7ceceae81dba2ccf,3.216781895999702,0,11,829,False,0.0940423160791397,0.0004756220390196,3.78332876181108e-05
clahe_dwt_L3,00012021_081.png,12021,mixed_low_risk,0.5407335758209229,1024,1024,274de4f1339a1568a39642cfd1e80af9a7a384dbfb0172fab868e865fa053b1f,1c0f82c3d48f4d11923343fa734db599b9fef7a1e0a30d7d6c0b5571a37e1dee,f1b1e3a01ba773845dce2efee95e35d738644abe9d90c8b40fdaf3c0160eaba5,3.314774173999922,0,962,52,False,0.0293370224535465,0.0,0.0
clahe_dwt_L3,00012364_045.png,12364,pure,0.48281991481781,1024,1024,274de4f1339a1568a39642cfd1e80af9a7a384dbfb0172fab868e865fa053b1f,d4a2d3d272640d83b771634a5a5f9447384a8e4c7d2b4955e8d3008e252fadfe,d8779bd24f4df3dfcdced74fc208d17e596198ff3c70d0c61e5608036df1b18c,3.3128034589999515,0,48,669,False,0.0597399398684501,5.0384814017055257e-05,0.0
clahe_dwt_L3,00012376_010.png,12376,mixed_high_risk,0.6068414449691772,1024,1024,274de4f1339a1568a39642cfd1e80af9a7a384dbfb0172fab868e865fa053b1f,b859d2740ec2ab89db78f1e3e12380b5570d2d89914c9ab40c55ec77331b40fd,e116bb3b6a9064c4581a9bb4e1eb648ba8b7d426531921622fc63c0b9e05aba5,3.1074655389998043,0,678,491,False,0.0880732014775276,0.0044636996192726,0.0001860779835913
clahe_dwt_L3,00012505_007.png,12505,mixed_high_risk,0.5630780458450317,1024,1024,274de4f1339a1568a39642cfd1e80af9a7a384dbfb0172fab868e865fa053b1f,2f766ae29faa589af15351de5d0f7ebefe9d31e4bb40f65314f812655f2413a2,3e00d77b7a16c3ce514d6dcca425bc1a38f99457d6b8bc7ea02612943a0e65db,3.1193937890002417,0,29,669,False,0.04060535505414,0.0,0.0
clahe_dwt_L3,00013106_000.png,13106,mixed_low_risk,0.4379646778106689,1024,1024,274de4f1339a1568a39642cfd1e80af9a7a384dbfb0172fab868e865fa053b1f,a007f20f7065a37b482dc18d45257392afff92ac4cc73315922f658a54ab4411,73937525ebcdaa1b61e4713ea0646eb737a78a2c865a7a57899739d33d0ca2d2,3.5775171569998747,0,29,509,False,0.1377180516719818,0.0014112885330587,0.0001156954184614
clahe_dwt_L3,00013310_057.png,13310,mixed_low_risk,0.5398920774459839,1024,1024,274de4f1339a1568a39642cfd1e80af9a7a384dbfb0172fab868e865fa053b1f,7abf752b39c1618be0230b32e65015725797dff33fd01ae891fbe47fca9b45fd,57268310f5492dc96e366409a6bb353311ae6b52deed2bbf7a0b24ef55e7a8d2,3.2905309339998894,0,29,637,False,0.3684927225112915,0.0006973468913369,3.198311291638015e-05
clahe_dwt_L3,00013391_005.png,13391,mixed_low_risk,0.6681705713272095,1024,1024,274de4f1339a1568a39642cfd1e80af9a7a384dbfb0172fab868e865fa053b1f,0ab164d92033e940ceaaa27d79e4c54402d95e42c07015792a78f8ed980f1675,616ae90f36ce718db87181b25372ba5fea03ab3e845747977ce47c15d9a8d710,3.303251252999871,0,596,710,False,0.0963592156767845,0.0002347345968178,1.0240760274042744e-05
clahe_dwt_L3,00013471_029.png,13471,mixed_high_risk,0.5003318190574646,1024,1024,274de4f1339a1568a39642cfd1e80af9a7a384dbfb0172fab868e865fa053b1f,b09be176873ca7553521f6d62b436bb5e851453ac5aa850f5fc92fa9f6a31d4b,5c9722972b9352881ed38bd6684af7957f264d68926b0728bdd54b81006dab97,3.1199952109996048,0,363,418,False,0.1169335171580314,0.0069174082313681,0.0012874117119032
clahe_dwt_L3,00013670_151.png,13670,mixed_low_risk,0.5433101058006287,1024,1024,274de4f1339a1568a39642cfd1e80af9a7a384dbfb0172fab868e865fa053b1f,b4a5d34af6c692585da240224f9e000a4a6d39e681b897d23c168e2637357c70,3aaecc03fe2f9d0a9e044d956bacdf36cd11941dad660257895e8a40ac7cf773,3.277936667999711,0,20,989,False,0.2720737755298614,7.007324177096408e-05,0.0
clahe_dwt_L3,00013922_021.png,13922,pure,0.5379399061203003,1024,1024,274de4f1339a1568a39642cfd1e80af9a7a384dbfb0172fab868e865fa053b1f,dd17f84e54e1e61630c86e75fc6932f1c83fb827ac2f86ad8553e5b30b11a442,8248372cfc4ec13d7285f903a3fdbb3081ed9c4e43d5c4eb2137c7984c995bf9,3.414090175000183,0,290,861,False,0.09877809882164,0.0061171131172611,0.0003442955330842
clahe_dwt_L3,00013922_022.png,13922,pure,0.5259689688682556,1024,1024,274de4f1339a1568a39642cfd1e80af9a7a384dbfb0172fab868e865fa053b1f,1b7903e37937d22ed64164a2b56f9d16d1107cb0333827b7b00d993c786c0715,b6839c1970a6d9fec2f910cd1a8c53e611c76bd25086e7dd8733fadb87a0230d,3.1267854379998425,0,29,16,False,0.0849921405315399,3.462004500605851e-05,0.0
clahe_dwt_L3,00013993_083.png,13993,mixed_high_risk,0.596017599105835,1024,1024,274de4f1339a1568a39642cfd1e80af9a7a384dbfb0172fab868e865fa053b1f,be4ac55e4900f9f1170c173e0cdd0fc8731eb25c94623dfa5b8af62ff27ef520,749e65aa3e79ff8aaa3460d56e151b86f854b3b399fe043141b09006b63dc89d,3.3841745089998767,1,706,354,False,0.1231535822153091,0.0011393482927765,0.0003008604609182
clahe_dwt_L3,00014203_018.png,14203,mixed_high_risk,0.5157925486564636,1024,1024,274de4f1339a1568a39642cfd1e80af9a7a384dbfb0172fab868e865fa053b1f,586163575c3a9d33f72dee63c5ce15aeab6a803cfba7a1d06e566f8acb50ff80,d2c764e860040d4318a2bd3c1c1bc040c7923d356f61687ce7a3aa908a7db2f0,3.087782879000315,0,290,605,False,0.0426369868218898,2.655266721542179e-05,0.0
clahe_dwt_L3,00014251_029.png,14251,pure,0.4805721640586853,1024,1024,274de4f1339a1568a39642cfd1e80af9a7a384dbfb0172fab868e865fa053b1f,8f8b1f39cf6ee5e4c29a2bb99749940e266f5868ac81967b72a4a0751e04306e,90e385fb35805d54a86415c637634afcde2d28ad4b57b4b7b78e0a87ed54b14a,3.437158969999928,1,664,359,False,0.4631921052932739,0.0034197749691738,0.0003717113202993
clahe_dwt_L3,00014617_003.png,14617,pure,0.5700403451919556,1024,1024,274de4f1339a1568a39642cfd1e80af9a7a384dbfb0172fab868e865fa053b1f,0cfdb6ede5b5da5531108e87fb01257532c15f5b1d66c997cd745b2ca1b87cd9,3fe92de26bf4db61000fb995aaec5d05c29273d6c5e1db91332ee242798cd8ef,3.221465434000038,0,838,431,False,0.0393235050141811,0.0,0.0
clahe_dwt_L3,00014738_000.png,14738,mixed_high_risk,0.6153603196144104,1024,1024,274de4f1339a1568a39642cfd1e80af9a7a384dbfb0172fab868e865fa053b1f,397cb3f72b486b856f192f8fc3dcc59f6197b456826edf1e00fa773588fbffd3,1be80e698a11c9b53145e68426b7d6bc145c8339bfbe9579aaba9ead773547e1,3.080645453000216,1,253,322,False,0.1365800499916076,0.0051454069219699,0.0010274044409032
clahe_dwt_L3,00015069_001.png,15069,mixed_low_risk,0.4591926336288452,1024,1024,274de4f1339a1568a39642cfd1e80af9a7a384dbfb0172fab868e865fa053b1f,a452fc78705c8c363010c56cea32364db371a2e27f3291257d7dc36a5b7ebbd6,769f0280ed25bcb1d1686f8bc79d7a91e717c5430b47956276948cca01064519,3.1298261530000677,1,710,715,False,0.3880057036876678,0.0067259650445008,0.0010534244481802
clahe_dwt_L3,00015732_020.png,15732,mixed_low_risk,0.5816668272018433,1024,1024,274de4f1339a1568a39642cfd1e80af9a7a384dbfb0172fab868e865fa053b1f,ad49be6140d51c210c4caa3148be9e46ca4a4dea7a283e18469c7f9403dbee34,2bc80de2acf282a5f602ea15ce67fd55396b9d8bc13c2151aa5973374bc066d3,3.513584252000328,0,0,797,False,0.0544229298830032,0.0003354232783755,0.0
clahe_dwt_L3,00015831_011.png,15831,mixed_high_risk,0.5095506310462952,1024,1024,274de4f1339a1568a39642cfd1e80af9a7a384dbfb0172fab868e865fa053b1f,9485e47848e6d5b8141c4fb0bbab778f6a2462c35b10f275d9a349fcabfe781a,e629fc3902ca77a8b2e97399df47f7ca964c7f365495776ce472f2dd8cff4cfd,3.175712645999738,0,34,578,False,0.0751330852508544,0.0002900071811301,0.0
clahe_dwt_L3,00016094_007.png,16094,mixed_low_risk,0.5999746322631836,1024,1024,274de4f1339a1568a39642cfd1e80af9a7a384dbfb0172fab868e865fa053b1f,8172de51abbff79bd8f864365261e6d3c1a4a3136ee1c2205702149199deaad5,15c271dadaa77cdaf97012dd96b56ac21063bb426e491628cfbad9f6ab773833,3.0891950159998487,0,706,11,False,0.0129828164353966,0.0001151277918489,0.0
clahe_dwt_L3,00016191_004.png,16191,mixed_high_risk,0.5305532217025757,1024,1024,274de4f1339a1568a39642cfd1e80af9a7a384dbfb0172fab868e865fa053b1f,d440d9059dcfc45b785eba869f76b492993000bd9361744a7d91184ff86d24bf,afe372c1d5e4cf57810c700ccc6824fb8d1a7ced3e5afd966220a2602fc1abd1,3.081692870000097,0,322,500,False,0.0552244894206523,0.0008615738081562,2.941349491146538e-05
clahe_dwt_L3,00016417_008.png,16417,mixed_high_risk,0.4179675281047821,1024,1024,274de4f1339a1568a39642cfd1e80af9a7a384dbfb0172fab868e865fa053b1f,8c8e02f9004fd61691a660040904ce51834494270699de5d5a22f6dfb03b172a,9a3d2c90f0bd970fd95b4eb30a4e132e6ccc80378db50135b9c5962b2e1ea94c,3.362585006000245,0,829,16,False,0.0558972992002964,0.0002615803814713,0.0
clahe_dwt_L3,00016705_006.png,16705,mixed_low_risk,0.5154931545257568,1024,1024,274de4f1339a1568a39642cfd1e80af9a7a384dbfb0172fab868e865fa053b1f,58d1a302352df7738063d953902686828d4230fdd1fb91828809c770ec4fa6c1,3f6f80bac51da6a457a50a2752f72986c8dfa7c0f5228cbfbfef169759ea29aa,3.310594800000217,0,381,11,False,0.042388379573822,0.0093439042148693,0.0009952832229867
clahe_dwt_L3,00016732_040.png,16732,mixed_high_risk,0.531903088092804,1024,1024,274de4f1339a1568a39642cfd1e80af9a7a384dbfb0172fab868e865fa053b1f,3f17daaca90540a5043a8c7273fc6bd9897126545bdb4c9b4b946f6b3c2e462d,c3508dbaeccaa9cf8c585dc4cf2cfb5f607290317be992d8b9cebd92e4f90e72,3.0945902950002164,0,601,454,False,0.0560873299837112,0.0178927661664057,0.002180953010376
clahe_dwt_L3,00016786_001.png,16786,mixed_low_risk,0.5395814180374146,1024,1024,274de4f1339a1568a39642cfd1e80af9a7a384dbfb0172fab868e865fa053b1f,de2e764e3486ef646d4de9a998ad84e409a5213933dd83904441be9d109eeb0f,caece05e9a8883b4a724e9d3f8034f0c05d2b3f01c3750a7c1b80cd939fb1183,3.104102728000271,0,879,454,False,0.1413930356502533,2.7066285332779978e-05,0.0
clahe_dwt_L3,00016786_009.png,16786,mixed_low_risk,0.614756166934967,1024,1024,274de4f1339a1568a39642cfd1e80af9a7a384dbfb0172fab868e865fa053b1f,ed9c1b38ce29cd07de91d64540838bc992a025267ee19b5f15144d8f271ebbfa,70e3f8890373f9a72250b0a26bc9dc8707376af3d342d6242ede089b628d4776,3.5048715719999564,0,838,578,False,0.0796939507126808,0.0031291641089368,0.0005599866813978
clahe_dwt_L3,00017083_002.png,17083,mixed_high_risk,0.5245267748832703,1024,1024,274de4f1339a1568a39642cfd1e80af9a7a384dbfb0172fab868e865fa053b1f,ac24e07c2fa4c52041cb7d18491e18093b53989e8d57944d728d000d93ef7751,6e94a698fbe910e47a40a000a9c95e5a3ee169912c6c293ecf1d9fd3054177e8,3.262431878999905,0,66,788,False,0.0274395402520895,2.257336343115124e-05,0.0
clahe_dwt_L3,00017138_037.png,17138,mixed_high_risk,0.5202699899673462,1024,1024,274de4f1339a1568a39642cfd1e80af9a7a384dbfb0172fab868e865fa053b1f,a34f63d7c7abb266977eca18eadad136a0014336322f553ee6ebdff0cd682638,3b2f6b9f919a6b865a33cd02eb4317a5a0833cd30f8c28c11fc145cc4c4e09cc,3.133398552000017,0,253,25,False,0.072574034333229,0.0,0.0
clahe_dwt_L3,00017544_003.png,17544,mixed_low_risk,0.5464354753494263,1024,1024,274de4f1339a1568a39642cfd1e80af9a7a384dbfb0172fab868e865fa053b1f,9d863247f4693f8835f2425b2595381441d2cbca6d478766c59b2f937601626d,120907bff4b9782b60d68c50ef826c5bee9cf0a69f8dcfb3d65195f403028b1c,3.11396309499969,0,130,66,False,0.1615008860826492,0.0001406906739669,0.0
clahe_dwt_L3,00017714_009.png,17714,pure,0.4811961650848388,1024,1024,274de4f1339a1568a39642cfd1e80af9a7a384dbfb0172fab868e865fa053b1f,c0dd1f3607d7d902e2e9d917c3a99e31667cb3bfa67aa3820ee19b3cb43eac44,59271e7898049c550e84e2d8d562ed9617ff38a084e2f063db7ae2626ecdbb88,3.1576326360000166,0,70,975,False,0.0268714353442192,3.5192679922576104e-05,0.0
clahe_dwt_L3,00017972_032.png,17972,mixed_low_risk,0.5530450344085693,1024,1024,274de4f1339a1568a39642cfd1e80af9a7a384dbfb0172fab868e865fa053b1f,91cba849eb5e5677e8af2b05a89d550b6c7d61a3969321e5d5665452fbb44e37,70a629e93d93402cdadab7c322f2c9348bcf368ba51deffea614d03534c64ddb,3.373852661000001,0,898,637,False,0.128320574760437,0.0008160421041049,6.438616985071607e-05
clahe_dwt_L3,00017981_014.png,17981,pure,0.5416172742843628,1024,1024,274de4f1339a1568a39642cfd1e80af9a7a384dbfb0172fab868e865fa053b1f,fe5a827f2118b8a8d120783340cab1d49abc509c79b53fa75b4dae1f87e47062,3ee7486f2843dd8ad634bb408ee5380e9e1afdd74476e9678ab8215bef64fe8f,3.0934462899999744,0,249,276,False,0.0404828861355781,0.0074863330895922,0.0009071446714322
clahe_dwt_L3,00018253_054.png,18253,mixed_high_risk,0.5496377944946289,1024,1024,274de4f1339a1568a39642cfd1e80af9a7a384dbfb0172fab868e865fa053b1f,217bc727363a328a9bf610d557ccd82357690968822dcfa20e13cb8cb7e86d64,04ed80ac40d15fc930382e40826ab1d1f2a2cffd6e16304d4caa3be31f662b78,3.316436952999993,0,34,482,False,0.0434211380779743,7.811686282678888e-05,0.0
clahe_dwt_L3,00018253_059.png,18253,mixed_high_risk,0.4765140116214752,1024,1024,274de4f1339a1568a39642cfd1e80af9a7a384dbfb0172fab868e865fa053b1f,6275b64b564541b14b6c87cdb772b11ccc8e2fbd5c7e196b54b1b078e42b0114,84d16dc258f642ba2c72d93abfe26429d628022fdf136ee0feecfc25c72df985,3.2153939260001607,0,898,578,False,0.0654699653387069,6.254104255917946e-05,0.0
clahe_dwt_L3,00018393_000.png,18393,mixed_low_risk,0.3898676931858063,1024,1024,274de4f1339a1568a39642cfd1e80af9a7a384dbfb0172fab868e865fa053b1f,2cd5210eea11a74c7b057d23df7e9b03ed9b8809aa173475efa57a0052946974,d42d910bbf1673628c82e1decb7a8f34067594f961b6d9b979706fa37f054072,3.367902110000159,0,564,249,False,0.0278040766716003,0.0,0.0
clahe_dwt_L3,00018721_010.png,18721,pure,0.4965002536773681,1024,1024,274de4f1339a1568a39642cfd1e80af9a7a384dbfb0172fab868e865fa053b1f,087e25b057663e7d6654c04aa9c4d1ca5c4e989828de3064b702961addc64577,86eea2e1b74c06a84ab2174b425a80f9a3a3b21b87af94ea90c239fbad0d5e15,3.2374237429999084,0,409,486,False,0.0983390286564827,0.0089126897021534,0.0016146393972012
clahe_dwt_L3,00018921_038.png,18921,mixed_low_risk,0.5509346723556519,1024,1024,274de4f1339a1568a39642cfd1e80af9a7a384dbfb0172fab868e865fa053b1f,d43c46ad629362daa3ffbca610a17e81f2b3e65f4fc1dc1fb922f5682b5079c0,7c3c929a6672aba9143bbf2d82348fb50448521655b3c5ddbe45159a46f2c4dd,3.0988207659997897,0,870,409,False,0.0594625174999237,2.1423139132577097e-05,0.0
clahe_dwt_L3,00019018_007.png,19018,mixed_high_risk,0.5539607405662537,1024,1024,274de4f1339a1568a39642cfd1e80af9a7a384dbfb0172fab868e865fa053b1f,898ef6f63b73cc96cbc71fbfbb77aee2472aaee83ddb51a6a2bc893cddfd6447,90f26c8a0740deffe0ba2c9eec11fa0b7cdecc91f9a58b3a8b2800bc07771d47,3.113947710000048,0,116,706,False,0.2776061296463012,9.784291320285282e-05,0.0
clahe_dwt_L3,00019150_002.png,19150,mixed_low_risk,0.5144088268280029,1024,1024,274de4f1339a1568a39642cfd1e80af9a7a384dbfb0172fab868e865fa053b1f,c4e67ccbb9841973dc0c2545ae7b4e4cae283a16c2945d145306ea560af95457,f01c69d290d4cc32c94a353ca74702272f6dfdf99dee324b108984897d2fd680,3.423590304999834,0,84,537,False,0.1231300830841064,0.000318808861163,7.76571694824581e-05
clahe_dwt_L3,00019363_043.png,19363,pure,0.5129278302192688,1024,1024,274de4f1339a1568a39642cfd1e80af9a7a384dbfb0172fab868e865fa053b1f,59ee50478931a4790b3b20a4f30dc5dc6249a203da064493c7f1114a1cb635d0,4166340d6a92acec80264db7482bbb774b507cea4bf57811d67935323a8f31a7,3.3106516060001923,0,889,834,False,0.0685957297682762,0.0051523602230988,0.0005255965520866
clahe_dwt_L3,00019625_002.png,19625,mixed_high_risk,0.5520369410514832,1024,1024,274de4f1339a1568a39642cfd1e80af9a7a384dbfb0172fab868e865fa053b1f,14669184b64414ed9370089c0a4d709a9955ecc3aa2bde78d9e2e8c6558b597c,5e661f7551b4ccbc1f1cb3b43b569ea4b4582abf648daf6bedbab020c4f52311,3.089838050000253,0,797,66,False,0.2325048297643661,8.872097622647508e-05,1.4822610409919293e-05
clahe_dwt_L3,00019634_004.png,19634,mixed_low_risk,0.4433141350746155,1024,1024,274de4f1339a1568a39642cfd1e80af9a7a384dbfb0172fab868e865fa053b1f,3596969128fac0d3b6f27b04827b5cfb0ec0a6acf95e56246e37c99e0b6f45d7,06db503e0c95459b6a62441040ed28e04e5c734d0d00559e396c84f1f378fffe,3.095227654999689,0,29,509,False,0.0445900410413742,1.768596795302607e-05,0.0
clahe_dwt_L3,00019646_006.png,19646,mixed_high_risk,0.5329927206039429,1024,1024,274de4f1339a1568a39642cfd1e80af9a7a384dbfb0172fab868e865fa053b1f,abe72355410a265df73be934be0280e6e4a9414943449fbf619d70bfcb4e24af,b4d0424544db3d4071c0fb85fc4f7d9b2a3f8d69b640b8a060a0f5d9654d69f6,3.3320299809997778,0,651,500,False,0.0466510951519012,0.0001182192798757,0.0
clahe_dwt_L3,00019706_012.png,19706,mixed_high_risk,0.6451184153556824,1024,1024,274de4f1339a1568a39642cfd1e80af9a7a384dbfb0172fab868e865fa053b1f,19eb0d0a29a8e8f0387f00fb0f65ab2aec31cc950351ebb5aa05927425b2caa1,0aa94713427ba1986f2aa7774a3ffb2192d5b2478855762a19dba6b9b871abfd,3.144935966000048,0,605,290,False,0.0344164185225963,0.0022046796102695,0.0001139990880072
clahe_dwt_L3,00019750_012.png,19750,mixed_high_risk,0.547890841960907,1024,1024,274de4f1339a1568a39642cfd1e80af9a7a384dbfb0172fab868e865fa053b1f,38101a2150183b7a44bc3744bbd9bc8a6b75224ac7ac5a47ba2082bb6aeebf31,cdf7af224d57c3581635eba1f2cfeaf2c72131dfd49f1e7ce579c43a5d1d1ea0,3.4131025629999385,1,697,299,False,0.3648521602153778,0.0014543357785821,0.0003685413134812
clahe_dwt_L3,00019750_029.png,19750,mixed_high_risk,0.5327116250991821,1024,1024,274de4f1339a1568a39642cfd1e80af9a7a384dbfb0172fab868e865fa053b1f,f84ba4a2cf046618a4e6064660e23fe39d93fa11baead41f3514196d839c2b30,43bd19a7b1d0ee391dd3a804bedafeac7ccb00610f3f02589a3641eadb95e036,3.133781072000147,0,340,637,False,0.0518899485468864,0.0010710387015715,4.256768261535842e-05
clahe_dwt_L3,00019769_014.png,19769,mixed_low_risk,0.5171111226081848,1024,1024,274de4f1339a1568a39642cfd1e80af9a7a384dbfb0172fab868e865fa053b1f,8e2d7d9abe11ca4f9e57ed40be914159d635350d6603090d8ddf6ba908a4cec7,e6869e13a5408916d386fce44c8c5c950c85a9cdd1b34821d465221456a7ae2a,3.333422796999912,0,472,541,False,0.0411178618669509,0.0,0.0
clahe_dwt_L3,00020113_030.png,20113,mixed_high_risk,0.5548027753829956,1024,1024,274de4f1339a1568a39642cfd1e80af9a7a384dbfb0172fab868e865fa053b1f,ad3402661dbb89d092f444dc6339f8ef13e52e984089b6b86440f001ea7bca21,23bfa5d09effdbee6b16346c55df08b36609c4bb750088d37a0d3daaf2a60d7e,3.172474918000262,0,253,486,False,0.0288200564682483,0.0031236535975872,0.0001710863986313
clahe_dwt_L3,00020184_013.png,20184,mixed_high_risk,0.5602969527244568,1024,1024,274de4f1339a1568a39642cfd1e80af9a7a384dbfb0172fab868e865fa053b1f,e20fb54a68248a9b08f7a8b67efa96acfd9998f692d4fe6e104ceb13db6c1e47,f94d712be0e28551692bfdb8b7e2467d8a6ba808583a42e94e055cde70c04d5a,3.138069954999992,0,125,962,False,0.0767474770545959,0.0025795064996775,0.0004131520055086
clahe_dwt_L3,00020259_002.png,20259,mixed_low_risk,0.5002703666687012,1024,1024,274de4f1339a1568a39642cfd1e80af9a7a384dbfb0172fab868e865fa053b1f,b23185e762e9cc45209750fc7b6533db3ab50e1c48c0409b4b2f006985d05586,deae079bf3cad90cc6b949f763574b77722acbb316a05ce08ba5ea3763d8ce37,3.269386841000141,0,34,491,False,0.0416226275265216,0.0,0.0
clahe_dwt_L3,00020405_041.png,20405,mixed_high_risk,0.5967442989349365,1024,1024,274de4f1339a1568a39642cfd1e80af9a7a384dbfb0172fab868e865fa053b1f,d6ae8ba67dc23e8d049753f61fe12b12a8311c2c42c014d6d3f93c8064596979,a814ed25eaf8a40c74cf0c51be1b7e10d389a2eec24af0b9955ae0d0b949ec1f,3.4709056420001616,1,591,523,False,0.1393528580665588,0.0029887551785362,0.0007341124184043
clahe_dwt_L3,00020482_011.png,20482,mixed_low_risk,0.4933971464633941,1024,1024,274de4f1339a1568a39642cfd1e80af9a7a384dbfb0172fab868e865fa053b1f,5478f477edfa48ee81ac441cd9c6869ddcc781b167f076cf09fdadf4736fa788,bf5ee92b4fc11e9090a819ad0ba8ec46649c688715e232a96006810c64cdfc3c,3.2337473990000944,0,285,724,False,0.0497671961784362,0.0,0.0
clahe_dwt_L3,00020482_032.png,20482,mixed_high_risk,0.5433756113052368,1024,1024,274de4f1339a1568a39642cfd1e80af9a7a384dbfb0172fab868e865fa053b1f,c3bb516d7d7c6606693d92d946c86bb7465b24f31b4537aa34da47835f5fe767,074c2ace1de6aad19206b6f69c7b638b4e29a4a6dea5e1e68de19c78402acbc2,3.0878924619996724,0,870,450,False,0.0515690706670284,1.637009511025259e-05,0.0
clahe_dwt_L3,00021009_001.png,21009,mixed_high_risk,0.4933733344078064,1024,1024,274de4f1339a1568a39642cfd1e80af9a7a384dbfb0172fab868e865fa053b1f,fa3f1a64f275839a3523cf83dfc251acaa0b70059c87283fffc6380eb8e512e8,fc371aa97cbfd4e59c0d407fbcd7d70815593381bf86514a7ffc2ba2b3af24a4,3.089041519000148,0,70,418,False,0.3744014203548431,0.0005536782501484,2.5738774319566904e-05
clahe_dwt_L3,00021201_010.png,21201,mixed_high_risk,0.4782341718673706,1024,1024,274de4f1339a1568a39642cfd1e80af9a7a384dbfb0172fab868e865fa053b1f,0a083cdc4ccd5107eb50f7b5b8f12d021c78e1091f58c3580aaf580045cdfcf0,81df8acd228bdc9914c93ba2e81451172ce06d75f27ca930bf8fcb29e4d76dbf,3.1047112710002693,0,359,838,False,0.0767955332994461,0.0,0.0
clahe_dwt_L3,00021703_001.png,21703,mixed_high_risk,0.5134592056274414,1024,1024,274de4f1339a1568a39642cfd1e80af9a7a384dbfb0172fab868e865fa053b1f,631f8e3a3394f4237bb36a1553051b70d4117e6c36f12218385bf139014e4fef,87f9e8ad6a71fed31259cbdaf7a8de3c375e97c5e2512118b4e7e1784a08a0a6,3.643694142000186,0,514,6,False,0.0090025272220373,0.0019706198495163,0.0
clahe_dwt_L3,00021710_003.png,21710,pure,0.5390493273735046,1024,1024,274de4f1339a1568a39642cfd1e80af9a7a384dbfb0172fab868e865fa053b1f,c342f890cff86957c53057bc5bcf50a03f848837d57a991f604d077a97bb092d,347e6f5bb3c57b0cec35ec274788672f4661ecea8bcebe6da1a4560dc56a058c,3.110689157000252,0,765,514,False,0.037107978016138,0.0005576679340937,0.0
clahe_dwt_L3,00021840_016.png,21840,mixed_high_risk,0.5752544403076172,1024,1024,274de4f1339a1568a39642cfd1e80af9a7a384dbfb0172fab868e865fa053b1f,ee3b3466a184140fcbb6c68ab7d11d9d1e2aebc2a00ab7ed7e6399991f5e0034,02ebcac87078cb147b73491d51a32251798e28d1578c3c731b3077e77675fa8b,3.097357035999721,1,322,450,False,0.0900663807988166,0.002061895777004,0.0004698604123025
clahe_dwt_L3,00021926_007.png,21926,pure,0.5560317039489746,1024,1024,274de4f1339a1568a39642cfd1e80af9a7a384dbfb0172fab868e865fa053b1f,9058a6e99fb90c1f03b19938f879cd3163180b55c81d28e4b093a2ea9fc4ca0a,f02d15d2da3336a2753bf8a03a04ef3ae696f432c341b649f5e5014dd85c24b7,3.146022713000093,0,994,11,False,0.0249665305018425,9.734254842791784e-05,0.0
clahe_dwt_L3,00022369_013.png,22369,mixed_high_risk,0.4540370106697082,1024,1024,274de4f1339a1568a39642cfd1e80af9a7a384dbfb0172fab868e865fa053b1f,5e14dbae3c0d8f73b97f407e05d2914cf918bbae98db093394865a4c81733fde,482660cd711d0a6c5928823aaab769a1fb45b160fcfac482ddde9e64e3e846c7,3.364094114000181,0,925,258,False,0.1083478331565857,0.0007926541445124,8.110884807411546e-05
clahe_dwt_L3,00022416_048.png,22416,mixed_high_risk,0.6099643707275391,1024,1024,274de4f1339a1568a39642cfd1e80af9a7a384dbfb0172fab868e865fa053b1f,156855aaa76eac6c7663f292540c838ee4d540b4bc5c923f3fbdba5b025b9173,85c80a20d0bdda566ad4c3b5d72bb7b7a8baff85594cab5111b54a74fb74d366,3.4212189040003977,1,564,267,False,0.3637522161006927,0.0025284911996083,0.0005668892773807
clahe_dwt_L3,00022470_006.png,22470,mixed_low_risk,0.4919937252998352,1024,1024,274de4f1339a1568a39642cfd1e80af9a7a384dbfb0172fab868e865fa053b1f,0be69b6944e17333a4931bdb10a3fe415c7d0db5f86ea7340064520cd1438db4,8742ef97e6f467e2d19b3c26d44f40962ba76f81bedd8e96a0bdd3f0e006145e,3.094590268000047,0,541,6,False,0.4331394135951996,5.8012492023282346e-05,0.0
clahe_dwt_L3,00022727_000.png,22727,mixed_low_risk,0.5040050745010376,1024,1024,274de4f1339a1568a39642cfd1e80af9a7a384dbfb0172fab868e865fa053b1f,daff8bbfc5a9d3d9979c25b6965698fd16649914c6271df680cc69af18f12603,64d95c58b469100515497c6ceb560271e434450651ace7e0a1b9aa770545bb6e,3.113223197000025,1,523,230,False,0.3531962037086487,0.0020005061939416,0.0003159755136338
clahe_dwt_L3,00022899_014.png,22899,mixed_high_risk,0.534223735332489,1024,1024,274de4f1339a1568a39642cfd1e80af9a7a384dbfb0172fab868e865fa053b1f,af2cbb369e38b0827ba3229d290121773331e677bec049535594e3fe6220f4fd,7afe65021a0e2dfb28d8ce424790588491745c4b64d20a0324b8f0de20afa9d2,3.366098289999627,0,898,34,False,0.0591413527727127,0.0,0.0
clahe_dwt_L3,00023026_008.png,23026,mixed_low_risk,0.5279370546340942,1024,1024,274de4f1339a1568a39642cfd1e80af9a7a384dbfb0172fab868e865fa053b1f,77aac7671dd8e64541d18fb6d4cd5ffc2383baf12209dbe563d88cce3020df91,9296d62da1f1f568d30accb99e8a1eb8857cb57abf211f2f7edbf6a1ee872a9e,3.2209762919997047,1,258,925,False,0.2748181223869324,0.0024557181396882,0.0002574075184152
clahe_dwt_L3,00025521_003.png,25521,mixed_high_risk,0.6733711361885071,1024,1024,274de4f1339a1568a39642cfd1e80af9a7a384dbfb0172fab868e865fa053b1f,acfde71aca84313647e6e2a1dc76cbea0270f3e226ca8bcf7182e242163c35f1,99d9f9638c84777226757e369b544ee78ce150ff4cbb78517d6e62d0cca3fb9e,3.2209475019999445,0,651,491,False,0.0470582135021686,0.0027706850654642,0.0001694149536932
clahe_dwt_L3,00025787_027.png,25787,mixed_high_risk,0.5446962118148804,1024,1024,274de4f1339a1568a39642cfd1e80af9a7a384dbfb0172fab868e865fa053b1f,3443cf19a53fb6703529bbd5445d3a80f6f86ee945716298ac877a8f95beffd1,06cd567c507c611c6d65d0e1fca0899fe71df59c385ab3d1c19f319685492ecd,3.119011022999985,0,930,25,False,0.1220652163028717,1.988012285915927e-05,0.0
clahe_dwt_L3,00026098_003.png,26098,mixed_high_risk,0.6111315488815308,1024,1024,274de4f1339a1568a39642cfd1e80af9a7a384dbfb0172fab868e865fa053b1f,861a3a7c617497b0987564c845f45bf4d3dce328f32b657e8ce6152a25ff5b1c,4131183fd74f817816e2ede79a6b5bc159c4898d54febd838976eb767a40d5d5,3.341208501999972,0,912,482,False,0.0521558336913585,0.0014599132162699,0.0002672147995889
clahe_dwt_L3,00026194_010.png,26194,mixed_high_risk,0.5295397639274597,1024,1024,274de4f1339a1568a39642cfd1e80af9a7a384dbfb0172fab868e865fa053b1f,d6f7c7d51ba58a6e4b9c79319eca27900b433146b2361d27bc7495b816ece5cd,581c0aa389bc37e7efd6d0fa696d401939ef66db195831fd47cbeab4a183360b,3.1760690999999497,0,884,322,False,0.0220430884510278,0.0,0.0
clahe_dwt_L3,00026538_012.png,26538,pure,0.5554034113883972,1024,1024,274de4f1339a1568a39642cfd1e80af9a7a384dbfb0172fab868e865fa053b1f,532a3a35c9acf95d7ac8a75bd630df3974974c289bd667fb6fd2a80efc2e55e7,70b2c617582b552bca689d4d751cc3a7e5737f9a8f0d869a8d1dccb94f579373,3.133455828000024,0,70,482,False,0.0464904382824897,0.0001616118084361,0.0
clahe_dwt_L3,00026538_034.png,26538,mixed_high_risk,0.6346575617790222,1024,1024,274de4f1339a1568a39642cfd1e80af9a7a384dbfb0172fab868e865fa053b1f,d0e0b5016ebc8b4d6d89fc43cefb46e00985f95185b0fcf8d8d8350b4bd1a88e,640643ee632c0c9c9c31db4a27af4f790f655713dd982733c6180b68b7b886a1,3.1189438369997333,0,514,271,False,0.0407773368060588,0.0029451744449478,0.0009235578289286
clahe_dwt_L3,00026865_003.png,26865,pure,0.5589479207992554,1024,1024,274de4f1339a1568a39642cfd1e80af9a7a384dbfb0172fab868e865fa053b1f,4acaa49f4ceaaa8243f15c5fc16a192948958dea49e99acef11f762a151b0b94,60d16fe640659669edad3e4784dd2e30fac0e8f4c915fa845132b45a2c617a51,3.4288798259999567,0,930,729,False,0.0516574904322624,0.0047609601269589,0.0005387608500448
clahe_dwt_L3,00026911_000.png,26911,mixed_high_risk,0.5073636770248413,1024,1024,274de4f1339a1568a39642cfd1e80af9a7a384dbfb0172fab868e865fa053b1f,e2b7fea37fde83fedafc898a438607495283b4f10033b33a6619a7d9f9c11c87,2b2b718d981c3e63ea2d7f1f2edd6afb50d2daea633af2e9e358e219cb6e7bd9,3.336326536999877,0,454,450,False,0.0786852315068245,0.0004491017964071,0.0
clahe_dwt_L3,00027113_002.png,27113,mixed_low_risk,0.5140767693519592,1024,1024,274de4f1339a1568a39642cfd1e80af9a7a384dbfb0172fab868e865fa053b1f,2a6edbbc011b8d29905b39ffbd98844ca5df7089c414b2e6a86ca14e6432b9f1,e833a54cc997cc2e2bac357e3bcf7c1d3a833d537a0934fd5431c69dd98e8bce,3.2476390020001418,0,893,834,False,0.1007852554321289,1.992309684617377e-05,0.0
clahe_dwt_L3,00027357_014.png,27357,mixed_high_risk,0.5405619740486145,1024,1024,274de4f1339a1568a39642cfd1e80af9a7a384dbfb0172fab868e865fa053b1f,36ee6ec6a9dbc7f9e61d1e99174318d3508afceeb9cd3131e8145bcab1f647b7,7e17db1ff0b9a873725dc984ad14ad03386447bd921dc5c0b8f87322d17cea80,3.1077017600000545,0,985,925,False,0.0359955020248889,0.0006066012488849,3.689492325855962e-05
clahe_dwt_L3,00027441_002.png,27441,mixed_high_risk,0.527374267578125,1024,1024,274de4f1339a1568a39642cfd1e80af9a7a384dbfb0172fab868e865fa053b1f,ade061e2dc7f4e9f82cced49d7b46a4cee728b8387ce8f1ecf73826b0f7d2e7a,4a3508a4b74db4a5184d10ace4c8df030e20804b8d6b2e54951b471078220f16,3.1986717079998925,0,660,349,False,0.0612844005227088,3.687043728338618e-05,0.0
clahe_dwt_L3,00027479_013.png,27479,mixed_high_risk,0.6434330344200134,1024,1024,274de4f1339a1568a39642cfd1e80af9a7a384dbfb0172fab868e865fa053b1f,f993adca468c607940554d7becdbfa28cfed05c58003f70637a60093e2ae05e5,ac44c8be6427594f652bb674d620580462ef3eeb77fc0b96668686229f5fbf9c,3.466447320000043,1,413,546,False,0.5056395530700684,0.0006247908727232,8.587376556462001e-05
clahe_dwt_L3,00027927_008.png,27927,mixed_low_risk,0.586600661277771,1024,1024,274de4f1339a1568a39642cfd1e80af9a7a384dbfb0172fab868e865fa053b1f,fda0caa9da86ad6ff54c8edac0d3e3ecf284c4bca6fd9c92a3ef7d0defe98677,652e06a4229f17a14b3ebf66004755123f25b4e99b286d212d8bdec059a66df2,3.114588162000018,0,578,669,False,0.0456732772290706,0.0012855749623193,0.0001364877161055
clahe_dwt_L3,00028208_005.png,28208,mixed_low_risk,0.5012762546539307,1024,1024,274de4f1339a1568a39642cfd1e80af9a7a384dbfb0172fab868e865fa053b1f,fede3152da6924522392afe593dfa64ddd34362ddbf471d8d038d7808a83a9da,0981ec9f9264bd247e20229b4ec963fdf5b630490d66aee6b049a15b3ab50ca1,3.3100784999996904,0,29,509,False,0.3190794587135315,0.0011537111621554,2.7877964211663445e-05
clahe_dwt_L3,00028285_014.png,28285,mixed_high_risk,0.5083162188529968,1024,1024,274de4f1339a1568a39642cfd1e80af9a7a384dbfb0172fab868e865fa053b1f,393fad0769b7474e2f20a473fef5cc80e853e9b1276c225deda1557a49271505,1e7399c2e93fd3c81659256b052453bc4cc673918921efe36f5a6686ec201f33,3.280198333000044,0,925,610,False,0.0857384949922561,0.0002546679477236,0.0
clahe_dwt_L3,00028383_002.png,28383,mixed_high_risk,0.5508562922477722,1024,1024,274de4f1339a1568a39642cfd1e80af9a7a384dbfb0172fab868e865fa053b1f,2883af709aaf9b9be41500c0638fdff931951f228e467a8bf258de0289d4159d,196021a7f6d7b3f523940d6db9192cce4f8ab9773655669c0558e189b33cd2db,3.486748461999923,1,290,281,False,0.1572508960962295,0.0024302129882189,0.0002327171177984
clahe_dwt_L3,00028518_012.png,28518,mixed_high_risk,0.5946980714797974,1024,1024,274de4f1339a1568a39642cfd1e80af9a7a384dbfb0172fab868e865fa053b1f,3e397fa8222b734bb8e1ffdeff22459a8c6be1ac7540bcb6a7dc06f3b7e62bdf,c429aeca863783dddd225071328f6ebc0c84fd673bb91ea0dc2a3155a626b6eb,3.2219443100002536,0,669,317,False,0.1689230054616928,5.225588662562838e-05,0.0
clahe_dwt_L3,00028640_003.png,28640,mixed_high_risk,0.5442702770233154,1024,1024,274de4f1339a1568a39642cfd1e80af9a7a384dbfb0172fab868e865fa053b1f,86a4d38fb3fd4badb6108cf4845337565fa4d5b6952b3498269692b5756e3882,df9f5fd4108990ee65cfa5d18473a0423b844fb0c9c2390443468ffd29ba7710,3.0968218250000064,0,386,235,False,0.0351758189499378,0.0040497180773184,0.000370719870585
clahe_dwt_L3,00028640_008.png,28640,mixed_high_risk,0.5295993089675903,1024,1024,274de4f1339a1568a39642cfd1e80af9a7a384dbfb0172fab868e865fa053b1f,6f9a6bced06e2c96e07ae5c9b135ae0fbb80d4484274a3e47ee8fc7d9be604bb,59087f04d404c0e3f02280b59cd02b40047d9e2d99c263ef116d12e3c4a936e4,3.130838737999966,1,335,464,False,0.0769572556018829,0.0123900327023167,0.0016487269472642
clahe_dwt_L3,00029039_020.png,29039,mixed_low_risk,0.5207151770591736,1024,1024,274de4f1339a1568a39642cfd1e80af9a7a384dbfb0172fab868e865fa053b1f,bca6c78e8391dea04ff34bebe03bd76e2387628174aee2fca5296b50f0ad5d40,310856b96bca480b8f9a7ab86d534caa643ad67899929de13cbc69ba9b1994f6,3.5230038279996734,0,34,610,False,0.3855482041835785,5.626165419979853e-05,8.040631993674703e-06
clahe_dwt_L3,00029404_004.png,29404,mixed_high_risk,0.5405012965202332,1024,1024,274de4f1339a1568a39642cfd1e80af9a7a384dbfb0172fab868e865fa053b1f,363119b48b7642cec5b33c04f21651cc2d82b87093d77fedcf6b41762e599f9b,636be235da1f516046197f2007d943bf4668697521e73a4901dee114ce37992b,3.246926408000036,0,372,404,False,0.0585679039359092,0.0009760624679979,6.615725579702954e-05
clahe_dwt_L3,00029431_000.png,29431,mixed_low_risk,0.4190284609794616,1024,1024,274de4f1339a1568a39642cfd1e80af9a7a384dbfb0172fab868e865fa053b1f,851b02db0c22020e8da7b0777ea6c21d36215b2cb9354a8e5a3fa9858610dcac,f78bb75e25dfc99d07718118589290216ee9f1afb8b9e0b7dbf91cf29ddd15b3,3.1237906139999723,0,11,130,False,0.1067551374435424,1.863533445766518e-05,0.0
clahe_dwt_L3,00029532_014.png,29532,mixed_low_risk,0.4648207128047943,1024,1024,274de4f1339a1568a39642cfd1e80af9a7a384dbfb0172fab868e865fa053b1f,c830711b0436818cc5779606a59aec09d58f136adf30f628ed6f0e92ee9fcd5a,4fe0170842e6c27a8c14a8f9751873c749332697f398285158552309316cb744,3.1372279560000607,0,834,418,False,0.0674542784690857,0.0003192901675433,0.0
clahe_dwt_L3,00029617_006.png,29617,mixed_high_risk,0.6247883439064026,1024,1024,274de4f1339a1568a39642cfd1e80af9a7a384dbfb0172fab868e865fa053b1f,618bf93ef530f359333cb387d48ef4b95f3374b5e309ec655f3c02376f554bbd,492deb213acda9142af7d0beaa9e971be7ce9fd7d11be17a333f19a42bd2f484,3.383120610000333,0,591,354,False,0.0445824153721332,0.0,0.0
clahe_dwt_L3,00029861_013.png,29861,mixed_low_risk,0.5810811519622803,1024,1024,274de4f1339a1568a39642cfd1e80af9a7a384dbfb0172fab868e865fa053b1f,87c328a42c78a0cd72ff4857ba1c8997dc5bbb598d54120ec2213ebc3278779f,72f520256cee41bea98cea2adbad0d5fe782291d0f9418b989ab4af26e52a81f,3.1800193220001347,0,38,573,False,0.3164518773555755,0.0018833370134171,0.0002639046815387
clahe_dwt_L3,00030323_028.png,30323,pure,0.5307038426399231,1024,1024,274de4f1339a1568a39642cfd1e80af9a7a384dbfb0172fab868e865fa053b1f,676c85f173445b69c76f0366699cf039e749fff3f539610280a11d6d5c3e95ac,062b98665489e03d709bf2387f20b8705852bd2e669ea270ebd238d82768f2b7,3.225936772000296,0,52,61,False,0.1026763841509819,3.156839687788555e-05,0.0
clahe_dwt_L3,00030408_013.png,30408,mixed_high_risk,0.5453436374664307,1024,1024,274de4f1339a1568a39642cfd1e80af9a7a384dbfb0172fab868e865fa053b1f,a74bb17b1bf1af984bbc6a72175010ffd8cfd059b5093986c73fe78da41a43e6,b4b41e374bedd976ea6cdc7af07f59f76cf7e3b213213641f60163202417ff00,3.1189892160000454,0,596,7,False,0.0278852842748165,0.000841137217518,8.864462370357238e-05
clahe_dwt_L3,00030573_002.png,30573,mixed_low_risk,0.5130416750907898,1024,1024,274de4f1339a1568a39642cfd1e80af9a7a384dbfb0172fab868e865fa053b1f,97ad66bae52e13e5b2719f36c7ab18b6e20656f70332ddc82fab1cc3e1311816,ee08e39fe5eaf4f8a3e4d7d1ab8937af31ff57670c206e6b13a3590a56031f02,3.32237754200014,0,331,376,False,0.0254975594580173,0.0,0.0
clahe_dwt_L3,00030636_004.png,30636,mixed_high_risk,0.506308376789093,1024,1024,274de4f1339a1568a39642cfd1e80af9a7a384dbfb0172fab868e865fa053b1f,2cfa7fb8fcd9d4055ecbaa2e85d85fca92875e8bdd2d418e0f85f9a0fc4ef7ca,37cdceecc9cf4cb3319f9c3e7e499af5a9d580015fd450581f90d68a614f90c1,3.16584975700016,0,25,477,False,0.0471969060599803,0.0023656532719542,0.0
dae_clahe_L1,00000032_037.png,32,mixed_low_risk,0.6329295039176941,1024,1024,993e064cd1faabb8cd87e903a94eb3c47728bfae4d41f240c98433ff9b4caf54,0d225ab86af5de1d722e53c3a1c9760100f9c4fac0720d0b026d222865a12dee,14c6e9d4c1fbf64f673c4d4665c6cdfa660c64848fc1aba400dd153112365350,3.65730114400003,0,669,382,False,0.0532351173460483,0.0,0.0
dae_clahe_L1,00000211_016.png,211,mixed_low_risk,0.630450427532196,1024,1024,993e064cd1faabb8cd87e903a94eb3c47728bfae4d41f240c98433ff9b4caf54,82746e5830fc6016c790c3fbd66eb84af8fe1ce1f9f9d5055b8d043da1af8939,ac22abbb47a1162472f68c52434d2f1925235a60c6278157a039c9687ec7dc7d,3.1866681900000917,0,898,459,False,0.0949044153094291,0.0010276436131949,3.912618193674601e-05
dae_clahe_L1,00000468_041.png,468,pure,0.6872288584709167,1024,1024,993e064cd1faabb8cd87e903a94eb3c47728bfae4d41f240c98433ff9b4caf54,cf0b686a35b10557b25d78a9db2879d1f779eddc4180e300f3eaf5b3b31a447f,cabba9b8ec1973d236e1fb3c2eb6c12e779e3b0c1aab9f44608d6f909e1375f2,3.117938519999825,0,422,743,False,0.0091471094638109,0.0,0.0
dae_clahe_L1,00001039_005.png,1039,mixed_low_risk,0.5083223581314087,1024,1024,993e064cd1faabb8cd87e903a94eb3c47728bfae4d41f240c98433ff9b4caf54,174c954da543f3eb40faa183bdfff89d89c08ca62e9297607e26391d6025fe6c,2239d855cfad0a5288c78d7fa05f875218625138ebc1d8023dd196230cc825e0,3.2468488130002697,0,107,120,False,0.1105478703975677,0.0092169670775829,0.0008421478137842
dae_clahe_L1,00001900_026.png,1900,mixed_high_risk,0.5320656895637512,1024,1024,993e064cd1faabb8cd87e903a94eb3c47728bfae4d41f240c98433ff9b4caf54,51aa88140ef4227ad3c708131374c9aa55d6b4cf2762d26b7bf4a1cf1c6293eb,7b23df578459647d20f16e55b4f07d76e42553829e21610db226d5e37a87617f,3.358403202000318,0,454,363,False,0.0837026685476303,0.0020706870142395,0.0
dae_clahe_L1,00002224_007.png,2224,pure,0.6626889109611511,1024,1024,993e064cd1faabb8cd87e903a94eb3c47728bfae4d41f240c98433ff9b4caf54,ed4b70b4e5688b5263392e69bc1679a2e1a6b883e1af4d82a08cb2da94e022bd,9473a31ce72026526bd0695cf26d7edcce27d6091f2bf6fafcf30da4cc37ccc7,3.3275562819999323,0,774,450,False,0.0666950568556785,0.0001117963815237,0.0
dae_clahe_L1,00003149_007.png,3149,mixed_high_risk,0.6290565729141235,1024,1024,993e064cd1faabb8cd87e903a94eb3c47728bfae4d41f240c98433ff9b4caf54,455c6b4576d36112fc3ca181d8ccaa1cf04b198a58980ecb54b242eac7b3c452,3b68aa3bbf778e5f125e97c44758a24879a1006825d31bd30a96cf75e95b1200,3.168838464000146,0,249,715,False,0.1035162061452865,0.0,0.0
dae_clahe_L1,00003333_002.png,3333,mixed_low_risk,0.6256546974182129,1024,1024,993e064cd1faabb8cd87e903a94eb3c47728bfae4d41f240c98433ff9b4caf54,73156b95a47f75db6c0af57c53f07d21209a664c63642666ec324df0e9c8c012,2e73273a67a090ffefcba95e31951f10eb303eec3de7d1286a632dd819143c16,3.21025184500013,0,578,729,False,0.1427826434373855,0.0066810768323835,0.0005664215034199
dae_clahe_L1,00003973_008.png,3973,mixed_low_risk,0.5239686369895935,1024,1024,993e064cd1faabb8cd87e903a94eb3c47728bfae4d41f240c98433ff9b4caf54,9139cd736ec0936bb20970e0e5ba3fff2052080ea31ef6d6cc9c8d98a682dd52,db7cef6f25a26dacd746d10bca7ae935df5a42687bc43347f5058388669fa96e,3.733675089999906,0,125,706,False,0.073248840868473,0.0306027576111253,0.0063458606153018
dae_clahe_L1,00005066_030.png,5066,mixed_high_risk,0.639836847782135,1024,1024,993e064cd1faabb8cd87e903a94eb3c47728bfae4d41f240c98433ff9b4caf54,726db3da1436754104c512ff23a4437ca063b6eac15bb72374e2688f200c8503,c9efa7ac2ed15d18109e4d3bd6d4301571564ad704fdf617a5d8641488c55d40,3.261859154999911,0,326,34,False,0.0452924780547618,0.0020984227983483,0.0001962130874129
dae_clahe_L1,00006096_010.png,6096,mixed_high_risk,0.5277169942855835,1024,1024,993e064cd1faabb8cd87e903a94eb3c47728bfae4d41f240c98433ff9b4caf54,985855f2d93750c831782ae21f554ebbf7a48f66bdca978e235d34c0f3e00eaf,679e708870307a172303d820ca8148b02791b1bd868be3b6b05a6805323cc70f,3.2334734949999984,0,614,509,False,0.0494952425360679,0.0001359311282283,0.0
dae_clahe_L1,00006304_060.png,6304,mixed_high_risk,0.5846225023269653,1024,1024,993e064cd1faabb8cd87e903a94eb3c47728bfae4d41f240c98433ff9b4caf54,21210103f2cda635d7e3c1d69d4fbed1120485b972e481a295827d174443a552,5db400daa9af1932cd2d9744f2ff03272042d39bc81c4602a989029a29ac41ec,3.232237019999957,0,527,418,False,0.0370147377252578,0.0002489368322788,2.210335528933292e-05
dae_clahe_L1,00006836_002.png,6836,mixed_high_risk,0.5292893648147583,1024,1024,993e064cd1faabb8cd87e903a94eb3c47728bfae4d41f240c98433ff9b4caf54,c3583c3170d27b0c2613c944af2f7d6c8751c1e532419067f151697365c5bc7f,8bed0c0acadcd1a978cb045a7804218c9014916aca1a4c37ebb7f459db318bf6,3.524510634000308,0,25,610,False,0.1040623486042022,0.0010063143460615,0.0
dae_clahe_L1,00007124_006.png,7124,mixed_high_risk,0.5384290218353271,1024,1024,993e064cd1faabb8cd87e903a94eb3c47728bfae4d41f240c98433ff9b4caf54,f8c81740670a6a2489d252ad921bd38659eeb18b58004680998203e0e8da0584,cf292a912cbc588db2bd31ec85421c26143364ee407571a602b56488164823ba,3.227878530999988,0,84,793,False,0.1658590883016586,0.0124686370401871,0.0009648062999243
dae_clahe_L1,00008814_010.png,8814,mixed_high_risk,0.5382246375083923,1024,1024,993e064cd1faabb8cd87e903a94eb3c47728bfae4d41f240c98433ff9b4caf54,45496f9b15518e08b441823fbea30166647cd5744f5af45116c0d702a258e9c9,e575fb7818ac8a26c756fae7a06e7716069477f115875fc8deae8d00048a796a,3.132221685999866,0,326,623,False,0.0768418535590171,0.0040093271376088,3.494792758789404e-05
dae_clahe_L1,00009431_004.png,9431,mixed_high_risk,0.5690276622772217,1024,1024,993e064cd1faabb8cd87e903a94eb3c47728bfae4d41f240c98433ff9b4caf54,53d3a933338c8aa65f6e41c627162cc55e91e5b4d3be2000ee9ad6e5c0f14dd6,a6942c6a26935c169b119f4aa8369783976be86476fada43de9741389a03a54b,3.176833068000178,0,720,125,False,0.1225558668375015,0.0018190475027774,1.2307086420360843e-05
dae_clahe_L1,00010092_018.png,10092,mixed_high_risk,0.5678543448448181,1024,1024,993e064cd1faabb8cd87e903a94eb3c47728bfae4d41f240c98433ff9b4caf54,c5cc9e577457231ac79e4a21f3ab74fae666ca2258f1c5da12d57cceb98a26da,17b1d4da88db2c37485473baca51241b80eeac50c338ba540e8dbad837b5114f,3.4848642809997727,0,6,1003,False,0.0286196731030941,0.0043931127329412,0.0
dae_clahe_L1,00010120_010.png,10120,mixed_low_risk,0.4873002171516418,1024,1024,993e064cd1faabb8cd87e903a94eb3c47728bfae4d41f240c98433ff9b4caf54,b50911aaef933732353f34c2d3fd118725b027002011f51921e8076ec3ec28e1,79598dbc3b884ae366f90c46fba7489568155284a0e258f08793a1a9d8702f31,3.24585431100013,1,317,752,False,0.3624441623687744,0.0046183102417821,0.0006170240566791
dae_clahe_L1,00010230_001.png,10230,pure,0.4655237793922424,1024,1024,993e064cd1faabb8cd87e903a94eb3c47728bfae4d41f240c98433ff9b4caf54,a330645bdad1f1b66e0956e2e97d8ddec4ef805bb443d180baea38cef9739f5e,9a166dfd558deeab21f745ed60802fda29b783765e7bdfa0af4e1e763f8f3b9c,3.1476104739999755,0,20,491,False,0.0227810163050889,0.0,0.0
dae_clahe_L1,00010277_000.png,10277,mixed_high_risk,0.5624021291732788,1024,1024,993e064cd1faabb8cd87e903a94eb3c47728bfae4d41f240c98433ff9b4caf54,1d1ee738d9af2817595d894cd0b22774ff667dc5834d28d918cc40087b195846,8b3871ba9d18b938ba0fa7acf162597ee8f1c9beffe23cc4669ea327a1867d3b,3.150309307000043,0,235,742,False,0.0800657644867897,0.0055620250061289,0.0004066627627041
dae_clahe_L1,00010805_049.png,10805,pure,0.5943687558174133,1024,1024,993e064cd1faabb8cd87e903a94eb3c47728bfae4d41f240c98433ff9b4caf54,d57e43b94e05eee15133e1e92b8f2036bed985032df109e9fb35b62d4a5340d7,0934590e1dc6a588b43a79894719322f82ac4ed58bc7b9dabce6123fecab3126,3.344563404999917,0,770,985,False,0.1044612377882003,0.0008599438170039,0.0
dae_clahe_L1,00010828_039.png,10828,mixed_high_risk,0.6107173562049866,1024,1024,993e064cd1faabb8cd87e903a94eb3c47728bfae4d41f240c98433ff9b4caf54,bff814677dd25923e756f1c10f2d979baa5f0e99708538711115967a076078b6,56b99c0e6d00cb527a0d68de9e221bcc813ae33b60e76fd4aa4f0b6a468c42bb,3.3286697819999063,0,487,363,False,0.0608601607382297,0.0005220328573621,1.5998208200681523e-05
dae_clahe_L1,00011023_004.png,11023,mixed_low_risk,0.618185818195343,1024,1024,993e064cd1faabb8cd87e903a94eb3c47728bfae4d41f240c98433ff9b4caf54,31f57fbfd73d4fcc9df63e3f00d2084cec586d814b0aabfe16632c9b0fab692e,e4b6153e0db75e5a71033d5d4e3a267c1aa88bbf2b61263e5de51e6e7a5cbc3c,3.23028470700001,0,601,455,False,0.0473602935671806,0.0013410728582866,0.0001017853144148
dae_clahe_L1,00011124_000.png,11124,pure,0.5475374460220337,1024,1024,993e064cd1faabb8cd87e903a94eb3c47728bfae4d41f240c98433ff9b4caf54,885b15b5599a533600e393bbb9eea0387dfb791992e9b03930609183f28bddca,61a976a9a1ddd096e76f8679703d7f4cfa328ac3bf94852e659e730b71ce12a2,3.1273152870003287,0,687,656,False,0.0227313712239265,0.0053294024265789,6.643635397289396e-05
dae_clahe_L1,00011237_094.png,11237,mixed_high_risk,0.6401970982551575,1024,1024,993e064cd1faabb8cd87e903a94eb3c47728bfae4d41f240c98433ff9b4caf54,a33dfc46858a1aa337370dac766fea6a3ab4c6b0443f5b3be46b682ee0bae165,e1fa035677be50cf12154d90ed372e206b46724e78913b974d136a17759a59ff,3.318467918999886,0,322,509,False,0.0480032302439212,0.0042028030559364,0.0001013376570733
dae_clahe_L1,00011269_018.png,11269,mixed_high_risk,0.5565807819366455,1024,1024,993e064cd1faabb8cd87e903a94eb3c47728bfae4d41f240c98433ff9b4caf54,a2ab285183b5ae2f02399c1944022b0b5ea01975f9685a79a17c4751088a2492,25dcca23e5ed70a69ad37668e401806e3300caeca933b39970aba59a115d5eb9,3.2631575489999705,0,281,706,False,0.0754353627562522,0.0075679602833444,0.0013342016232786
dae_clahe_L1,00011366_002.png,11366,mixed_low_risk,0.560137152671814,1024,1024,993e064cd1faabb8cd87e903a94eb3c47728bfae4d41f240c98433ff9b4caf54,c8d520dd6aa4cfd52c04c49c676ab2c383583bcb58cf345ae6e5672677b5393d,3baab2c23556682842649619ea6936025678dd1e4426d8a8025b511a6743c4d1,3.116839984000308,0,276,747,False,0.3600758612155914,0.0013233972385582,4.030355690743695e-05
dae_clahe_L1,00011925_072.png,11925,mixed_high_risk,0.7304093837738037,1024,1024,993e064cd1faabb8cd87e903a94eb3c47728bfae4d41f240c98433ff9b4caf54,05de5fb6c4963a22e1ea64316dd8279cf8539d76e1b574b9b79762670c13758f,1f6f5a200227f712fcbe3fb501005f2e6bd225a9834c782013c89c6ddd2f473d,3.3473159929999383,0,724,340,False,0.0884992182254791,0.0094635503313606,0.0016923900308101
dae_clahe_L1,00012021_054.png,12021,mixed_low_risk,0.587912380695343,1024,1024,993e064cd1faabb8cd87e903a94eb3c47728bfae4d41f240c98433ff9b4caf54,802982b6c2319d4a84e2c3a4e83b18f8f3d9a50f586ddd5a4976dc6018fb6566,ef70ab14a62d9a9065e2fb51c19859605df217ebb44b64a3e5c17bd2323d7495,3.383798424999896,0,916,308,False,0.1355422586202621,0.0047719598522831,0.0001702852277564
dae_clahe_L1,00012021_081.png,12021,mixed_low_risk,0.6784055233001709,1024,1024,993e064cd1faabb8cd87e903a94eb3c47728bfae4d41f240c98433ff9b4caf54,2ca6e9bb8908f54e5dd52784262a86739219ac0c388acc05af499ace28689dbe,7dd9317f616905b7c841becc3d37485da972dce04fea14e5992b8c08e51b69c8,3.424484461999782,0,331,454,False,0.0480621084570884,0.00283497104966,0.0002302850417071
dae_clahe_L1,00012364_045.png,12364,pure,0.5783793926239014,1024,1024,993e064cd1faabb8cd87e903a94eb3c47728bfae4d41f240c98433ff9b4caf54,a46726f1f6971965a0db91aa93d7026e061dfaeb4e30b6f79d43265f95ca7195,3f0f7e37936c8560f557232ba1d87dd71e47b48a912a8dcd6f5b832faa67ce53,3.1620829490002507,0,70,610,False,0.0742764323949813,0.0002388945469176,0.0
dae_clahe_L1,00012376_010.png,12376,mixed_high_risk,0.5910655856132507,1024,1024,993e064cd1faabb8cd87e903a94eb3c47728bfae4d41f240c98433ff9b4caf54,ed2e1cf28311caa62656b57f6be9d2bdfba89041657357f3dd1a32d33c1dad27,7073263a80ae47554d88d1610a9ba5664bd1031edbf3f8afd182d9c8aa7fc6c2,3.165656293000211,1,363,605,False,0.1444354057312011,0.0370376510768108,0.0078125
dae_clahe_L1,00012505_007.png,12505,mixed_high_risk,0.5420693755149841,1024,1024,993e064cd1faabb8cd87e903a94eb3c47728bfae4d41f240c98433ff9b4caf54,a79cd470c85422cae9b433d8355d38926447d5770197816baf26958738822eae,0d720b223148c2aba33b40b9c3f975b4e4e0801afb68ef40765be8e11252f94c,3.43629768899973,0,501,258,False,0.0684947147965431,0.0084013751611516,0.0014306791254973
dae_clahe_L1,00013106_000.png,13106,mixed_low_risk,0.4682208895683288,1024,1024,993e064cd1faabb8cd87e903a94eb3c47728bfae4d41f240c98433ff9b4caf54,0ebb0ff06e4d1d6582b45c7c6e86d03304c937587cee5eddc6dc32899dbbb38c,8952ffa326b0e03bacc26bc57198aa4342bc627e6c4cfc1974fab11cf04d63d1,3.608583757999895,0,578,377,False,0.0918637812137603,0.000688095094742,1.7734584212673135e-05
dae_clahe_L1,00013310_057.png,13310,mixed_low_risk,0.6201642155647278,1024,1024,993e064cd1faabb8cd87e903a94eb3c47728bfae4d41f240c98433ff9b4caf54,91f52ee0312a8bfca2bf1fc7e757037931348aec761a112d4f970b04998fd087,b231130361a5dc2ded68665aa4b27b7d666712f720e658c5ef6a3f7ee978eeac,3.154921163999916,1,660,363,False,0.4590632915496826,0.0023765007225384,0.0003336021953766
dae_clahe_L1,00013391_005.png,13391,mixed_low_risk,0.6138651371002197,1024,1024,993e064cd1faabb8cd87e903a94eb3c47728bfae4d41f240c98433ff9b4caf54,eaf293f00ddb738823fd8358333826da7009d6d572c8f7aeecf7af2023731450,71577afda1b688e9e0a6586dd9fdf78119085be4ce7581d53d59f19415808c15,3.1594175989998803,0,678,482,False,0.1223731786012649,0.0021355194575173,0.0001023813911583
dae_clahe_L1,00013471_029.png,13471,mixed_high_risk,0.5777531862258911,1024,1024,993e064cd1faabb8cd87e903a94eb3c47728bfae4d41f240c98433ff9b4caf54,9100ce519520fc0ab83c8ed0e9ac72912a6cf5fe5a0e81fdc67f23e46d578521,0e1bb858b3e0af3d4e4381498ab6802902ad6b57ea3948186f67616d8556884e,3.1563904419999744,0,829,111,False,0.0979306921362876,0.0017471998518929,3.541912632821724e-05
dae_clahe_L1,00013670_151.png,13670,mixed_low_risk,0.6044708490371704,1024,1024,993e064cd1faabb8cd87e903a94eb3c47728bfae4d41f240c98433ff9b4caf54,d9f6cbb5aa194a9ee5609ebc7aba75ee26bdffceb37aaf3c81262e0a386ec1e7,0198d32a4a73df944f7b83bdf3b12d9a781b41a765817fa0da8f7daf6e343c3f,3.552107063999756,1,331,354,False,0.3735575079917907,0.0011859060566789,0.0002201282858732
dae_clahe_L1,00013922_021.png,13922,pure,0.725472092628479,1024,1024,993e064cd1faabb8cd87e903a94eb3c47728bfae4d41f240c98433ff9b4caf54,ccbaea13a2fb11e2461d20b4496d95dd22ca5ce1008e8b236a882a2a06a86fb5,72386626784fe706248c8660b2fdd03e45dcd7ccd3b0aac1473c9487aae04062,3.366985974000272,0,244,838,False,0.0913896113634109,0.0050754492206889,0.0003697894750264
dae_clahe_L1,00013922_022.png,13922,pure,0.5982000827789307,1024,1024,993e064cd1faabb8cd87e903a94eb3c47728bfae4d41f240c98433ff9b4caf54,431bf88e2affb19305894846a6367f1e59238fe2e8d80bbf71c69d0075604abc,f86167662eaf84edd2cf56bfaf276828d8fb3928f1f1ac79d6c5f8bf587d4165,3.1686799630001588,0,697,308,False,0.110057920217514,0.0069879765697256,0.0006786857858833
dae_clahe_L1,00013993_083.png,13993,mixed_high_risk,0.6145852208137512,1024,1024,993e064cd1faabb8cd87e903a94eb3c47728bfae4d41f240c98433ff9b4caf54,0626feb6f9450aace7d279f7bf56ef32c6dc2adc87f967ed3e4702c81539491e,2fadfc5c51312c82ae6240b194f3da20150e224a8ae919487df2ed9713b0836b,3.109694445000059,0,724,285,False,0.1214363649487495,0.006236391176749,0.0009010957324106
dae_clahe_L1,00014203_018.png,14203,mixed_high_risk,0.5133556723594666,1024,1024,993e064cd1faabb8cd87e903a94eb3c47728bfae4d41f240c98433ff9b4caf54,245c2b7232a48ca981f5d315b1e9b3ade72d35e037e4d9498606d6ebb5ada3b7,206be8932d249830ff36aac7f5bd2c87c912a090c230ad5dbf6b57acaf968a9f,3.3497005970002647,0,523,436,False,0.0606089904904365,0.0031364349189754,0.00056184284453
dae_clahe_L1,00014251_029.png,14251,pure,0.538983166217804,1024,1024,993e064cd1faabb8cd87e903a94eb3c47728bfae4d41f240c98433ff9b4caf54,e5e1892beb44351e6a3da58f4edf05aa097594f5e922c9dea36a2e7a32ba4485,c14fdfbf6755f770ba685a082b79676cda3c4e3715d0e453af2de4e3672a077c,3.221489600000041,1,340,569,False,0.4960308074951172,0.0095685380505095,0.001248068752414
dae_clahe_L1,00014617_003.png,14617,pure,0.472925990819931,1024,1024,993e064cd1faabb8cd87e903a94eb3c47728bfae4d41f240c98433ff9b4caf54,f7df7f36019109929af2f9663b8930790b4c2cdc2ebcd0d876a1d03c88601c48,03262f4260e46bf027ff0ac982d9cdef8d334f626cbbb87ec015e26dee4144e0,3.0923669839999093,1,555,491,False,0.0892137289047241,0.0186747905559786,0.0023152435636228
dae_clahe_L1,00014738_000.png,14738,mixed_high_risk,0.5777164101600647,1024,1024,993e064cd1faabb8cd87e903a94eb3c47728bfae4d41f240c98433ff9b4caf54,ad6b992b56a6d7ee3cb991fa364f82b6aff85dc42aa14042218d6a020a132ade,a8b752c5d75aa5187b6823d556d4611b1e7ce4543a0b748b952e70d07b261ffa,3.3062263499996334,1,359,413,False,0.1820605397224426,0.0114887555754255,0.001206677649182
dae_clahe_L1,00015069_001.png,15069,mixed_low_risk,0.5400108695030212,1024,1024,993e064cd1faabb8cd87e903a94eb3c47728bfae4d41f240c98433ff9b4caf54,58346887368d9280df924f47684dfcc8fcad32678e08ace5df9791b68e846fdf,256d848aafaf89bb543020225c576d56b69dbdf5755e304c2d6496e571f3760a,3.4090794560002,1,395,633,False,0.3810949623584747,0.0043147456228005,0.0003658013916832
dae_clahe_L1,00015732_020.png,15732,mixed_low_risk,0.6669626235961914,1024,1024,993e064cd1faabb8cd87e903a94eb3c47728bfae4d41f240c98433ff9b4caf54,4258057830ab2d1e6b9033a24b2575f3618c4f90db045304444df09d66f4093b,25434570efe5c8a5a31f3f24799fbc9efa86df51c1fc23b27630ec5566a8955d,3.287579709000056,0,162,669,False,0.0507885031402111,0.005460648264115,0.0007409759712077
dae_clahe_L1,00015831_011.png,15831,mixed_high_risk,0.4605426788330078,1024,1024,993e064cd1faabb8cd87e903a94eb3c47728bfae4d41f240c98433ff9b4caf54,0a5afc42b4cb48242f25d60bc6d660ab91a6c948655c271ccb209e824f29df26,c52664eb712c46130dfe1ce9e4689b1d7a0bbab99efe32ca037b8081b3113578,3.1616187319996243,1,742,710,False,0.122507132589817,0.0059813699532191,0.0012581051001645
dae_clahe_L1,00016094_007.png,16094,mixed_low_risk,0.4538291096687317,1024,1024,993e064cd1faabb8cd87e903a94eb3c47728bfae4d41f240c98433ff9b4caf54,b3845d6b83345a17d5c6fad11fbb9def88e70feb697b428941ef211ce9d46d1e,315ef6e9acd617ebd0f5e9dd728a7ec216a938ac2a291661a61c9eca213092cb,3.1290980639996637,0,747,619,False,0.0182074643671512,0.0005685317667124,0.0
dae_clahe_L1,00016191_004.png,16191,mixed_high_risk,0.4359968900680542,1024,1024,993e064cd1faabb8cd87e903a94eb3c47728bfae4d41f240c98433ff9b4caf54,728356a5e63d5d896497d517b74e3f5becc26c85d429134ee632ead764931dd8,749a52ff9304c91a498c61684b4511b715b99593266872a1d551f911408d42a1,3.39145203399994,0,866,596,False,0.0380494631826877,0.001636199503498,0.0
dae_clahe_L1,00016417_008.png,16417,mixed_high_risk,0.4924982786178589,1024,1024,993e064cd1faabb8cd87e903a94eb3c47728bfae4d41f240c98433ff9b4caf54,e29bb6364ace01ab3f5670f5edcc943a14f15a66735750d36128d8891cc69257,d63035f6ed18fd79e7812b12dd36746dff326a3bfe87c08a6e766604395d1f58,3.2909248579999257,0,820,43,False,0.0612802058458328,0.0002403478488867,0.0
dae_clahe_L1,00016705_006.png,16705,mixed_low_risk,0.6195039749145508,1024,1024,993e064cd1faabb8cd87e903a94eb3c47728bfae4d41f240c98433ff9b4caf54,00b32015f007dc437c7fa27dd964dc3f4769c14101214a3ca53c2a5ec93625a0,2f399467727d985f4c57fa741d2e6c25c7fe3653f64400a4215b4746488e5ef3,3.111826548999943,0,518,445,False,0.0482612550258636,0.0175619834710743,0.0013280212483399
dae_clahe_L1,00016732_040.png,16732,mixed_high_risk,0.5708065032958984,1024,1024,993e064cd1faabb8cd87e903a94eb3c47728bfae4d41f240c98433ff9b4caf54,2f579bae64f767c1c7e2c9dafe96b8b91fbdc0e797ed7b71c3740677c20d03bb,7213987ac5f3ef96ee3cd246ac92a0362eade8d88a3cbbd9205ab02d6ea5ae5d,3.115102904000196,0,656,569,False,0.0522499084472656,0.0059395074082442,9.995668543631092e-05
dae_clahe_L1,00016786_001.png,16786,mixed_low_risk,0.5197157859802246,1024,1024,993e064cd1faabb8cd87e903a94eb3c47728bfae4d41f240c98433ff9b4caf54,0e1662ec6665e1b1a5543f33c93590c12c29b2954b6cef455145b3ad01fa4ca5,16e40926d395e8fc0e2d7fce69bd9499acc5d482329f334eb5f4135860c0981f,3.373427581999749,0,468,875,False,0.1570616513490677,0.0056836432420857,0.0004060235854589
dae_clahe_L1,00016786_009.png,16786,mixed_low_risk,0.5913875699043274,1024,1024,993e064cd1faabb8cd87e903a94eb3c47728bfae4d41f240c98433ff9b4caf54,48aafd842457407f3bcde89b3c41910cffc4529b47d22a02fddaa592f10afc65,394a742dac6c5a00e2d8a0b28a9d56d3e01e8c00accffa17f1f0c5129123e6e5,3.2711154200001147,1,674,509,False,0.1603443175554275,0.0105921639141143,0.0013642151215667
dae_clahe_L1,00017083_002.png,17083,mixed_high_risk,0.5210569500923157,1024,1024,993e064cd1faabb8cd87e903a94eb3c47728bfae4d41f240c98433ff9b4caf54,24eb6573913c9aca5869bc20dd45d0d5083f8eef1f5ff23d350c34a8885dc59d,a1c0a6d1bbcd38ddbda597a05c028843a3abbc103eccf468c07e7b0da2b694ca,3.3226224919999368,0,724,545,False,0.0505802333354949,0.0070953695423972,0.0003603116695941
dae_clahe_L1,00017138_037.png,17138,mixed_high_risk,0.5741379857063293,1024,1024,993e064cd1faabb8cd87e903a94eb3c47728bfae4d41f240c98433ff9b4caf54,3934db0df70f35896326f20ed179e8fb097c4600574f53d53d9b4acced926510,c9b671a133e1bac391f2464119d288065104350b132c8cd9e682c32eff3eea57,3.183257873999992,0,285,38,False,0.1133113726973533,0.0024583229659119,0.0
dae_clahe_L1,00017544_003.png,17544,mixed_low_risk,0.5359669327735901,1024,1024,993e064cd1faabb8cd87e903a94eb3c47728bfae4d41f240c98433ff9b4caf54,789712d14c9dbc798898fdf755e42fe272d40bfce9aa345de0711e62530fd047,42d3352cad696dbdb79600742daf7f756ad00c0b2b70c9251a4e53052072c916,3.2823693190002814,0,230,737,False,0.1591729670763015,0.0005071378190742,0.0
dae_clahe_L1,00017714_009.png,17714,pure,0.5695089101791382,1024,1024,993e064cd1faabb8cd87e903a94eb3c47728bfae4d41f240c98433ff9b4caf54,33d1095a023a81db18745578605d6757fbf4ef9f3272275ce11bec0354854244,f8d9f0d1b336c73ef23c5fc5732e4d7b9451bce5fd711e4aa414aebfbea82146,3.4385796749998008,0,491,637,False,0.0354404635727405,0.0015768913736874,3.666226719460331e-05
dae_clahe_L1,00017972_032.png,17972,mixed_low_risk,0.5499035120010376,1024,1024,993e064cd1faabb8cd87e903a94eb3c47728bfae4d41f240c98433ff9b4caf54,cffcaf4a8ec6587bfd7289b3d61d3daba3261802d33658c40b23075c470e2134,b1a92eb08b5a72e69ada00074b25be4018cc3ffb38af383ede5c133919e6b919,3.1179491099996994,0,496,555,False,0.1014124453067779,0.0003822142948146,0.0
dae_clahe_L1,00017981_014.png,17981,pure,0.5850749611854553,1024,1024,993e064cd1faabb8cd87e903a94eb3c47728bfae4d41f240c98433ff9b4caf54,8dc05a273693b0672c906991639149c273650db9ddc5feffdd3b1bfa35e5fee2,31cb3b71df5821f94e9e6c093c73a7ec50b756a40d206bfcae8ca9621ffd3846,3.217450450999877,0,779,729,False,0.0296781510114669,3.538194813006404e-05,0.0
dae_clahe_L1,00018253_054.png,18253,mixed_high_risk,0.6065161824226379,1024,1024,993e064cd1faabb8cd87e903a94eb3c47728bfae4d41f240c98433ff9b4caf54,e412f480e1c910c50c1a12cff2fcb0654bf0f639bf05f00712f8f1ffff9fd3c1,91cc77a401129d2bb1684533c6b5f2f8d1a0ad84666c59fd58c2f99c3e8425e4,3.284047402999932,0,747,582,False,0.0519592463970184,0.0006440808965606,0.0
dae_clahe_L1,00018253_059.png,18253,mixed_high_risk,0.5858170390129089,1024,1024,993e064cd1faabb8cd87e903a94eb3c47728bfae4d41f240c98433ff9b4caf54,4c843775159ac5a1b5b7535418a2189eed3788573ff2fce4b2d4ae17cbfdec1d,f04dfd9d3c94ede786cbcafd7c242c8a45c5518e232a27fbf5a524e4a9fb5b2a,3.4325451370000337,0,710,596,False,0.1040832549333572,0.0086987043508782,0.0012564787183917
dae_clahe_L1,00018393_000.png,18393,mixed_low_risk,0.571635365486145,1024,1024,993e064cd1faabb8cd87e903a94eb3c47728bfae4d41f240c98433ff9b4caf54,1ff622153adff795a61e6b5941c6acc73569d8a3e5ed5a277ae569edc5ecad50,bdd4f51f752f624033289fc25e4890e7052fd2a5a820f24d004d5024744cbec8,3.237416139999823,0,358,646,False,0.0552501492202281,0.0041209526358041,8.435259384226065e-05
dae_clahe_L1,00018721_010.png,18721,pure,0.4701413512229919,1024,1024,993e064cd1faabb8cd87e903a94eb3c47728bfae4d41f240c98433ff9b4caf54,373dff18129f6dc341f8c9a0eb5562bb656deb7c5cdb693900a933fe0e8f349c,e94c43983a8338903e46006c5811e352288d94c0318dfa0064b85b3942bff2f0,3.182624858000054,0,472,509,False,0.1078025698661804,0.0045627231247971,0.0003465937536103
dae_clahe_L1,00018921_038.png,18921,mixed_low_risk,0.6516697406768799,1024,1024,993e064cd1faabb8cd87e903a94eb3c47728bfae4d41f240c98433ff9b4caf54,8abcfacbe1d61a49bde1f1877bd3e928dec9c8606d2a741384b5f32fcc9c7257,98b80c06d37c67cc5067df1e07e7b93e0ddb3488d9e533a0b9dda202cd43a814,3.194852121999702,0,985,980,False,0.0952139124274253,0.0025975678283272,0.000369027720494
dae_clahe_L1,00019018_007.png,19018,mixed_high_risk,0.6081243753433228,1024,1024,993e064cd1faabb8cd87e903a94eb3c47728bfae4d41f240c98433ff9b4caf54,d72950b6a9071df0a646db88cc8156dbcb5041678434986538a0fd8878b388cf,aed2545b1fa871a87eaf72a0c9e24cd50b8bb08d52d355b921189cd7117a9bc3,3.43080905800025,1,523,633,False,0.3688601851463318,0.0016577020193188,0.000300902357185
dae_clahe_L1,00019150_002.png,19150,mixed_low_risk,0.5794264078140259,1024,1024,993e064cd1faabb8cd87e903a94eb3c47728bfae4d41f240c98433ff9b4caf54,0ebee4d4cdc1737dbeb22468fb3b6bc4e7d54a2e2d8fd94c0dc68da2efb37307,75c1a5356714cb8d44c355f933065a58ef56cd61997953258b6776a133cf35ae,3.3207722720003403,0,468,582,False,0.1349305361509323,0.0006856476799396,8.626787901792646e-05
dae_clahe_L1,00019363_043.png,19363,pure,0.503548800945282,1024,1024,993e064cd1faabb8cd87e903a94eb3c47728bfae4d41f240c98433ff9b4caf54,5a5c496d662c1a719de034f54415995dea38bbb6aa858b074cbf5238794169a7,53e3812dcf135d658fb7145c653c6ecfa6500d997904c27061f701709b02c45f,3.140325341999869,1,596,532,False,0.0697369650006294,0.0029552947607577,0.0005262696254714
dae_clahe_L1,00019625_002.png,19625,mixed_high_risk,0.6105953454971313,1024,1024,993e064cd1faabb8cd87e903a94eb3c47728bfae4d41f240c98433ff9b4caf54,f4d3ece8db878ccd0326fcc248e4ed9540b17e4ff91c99e06cdcae5455d23ca2,f75cb24070a7848b0a967f3e45ef48e1f9037ea6643e8231ec9eedc14c5c0293,3.134828593999828,1,729,377,False,0.3556629121303558,0.0025884095537863,0.0002705738017843
dae_clahe_L1,00019634_004.png,19634,mixed_low_risk,0.4826805293560028,1024,1024,993e064cd1faabb8cd87e903a94eb3c47728bfae4d41f240c98433ff9b4caf54,b11b827015ddc7d391b6ad45cd8861a1edfb6c5d74b6d83cbe90a96891f94332,c7de35d7d746ac3813a6b9bf3d9032d0295e06ba0179279f957039771168a3cc,3.437309426000411,0,20,1008,False,0.0499068200588226,0.0,0.0
dae_clahe_L1,00019646_006.png,19646,mixed_high_risk,0.521813690662384,1024,1024,993e064cd1faabb8cd87e903a94eb3c47728bfae4d41f240c98433ff9b4caf54,0e21c89b96a2e23a87517c7b07618e9b3ded1c8cd5c2c0c97391b15eec72d1ae,f5c8ab387edbc5f2e500450c9b49aea01543b26e3397323a73349e9e2d302ca9,3.290625496999837,0,313,632,False,0.0644777342677116,0.0006147576976445,0.0
dae_clahe_L1,00019706_012.png,19706,mixed_high_risk,0.5660281181335449,1024,1024,993e064cd1faabb8cd87e903a94eb3c47728bfae4d41f240c98433ff9b4caf54,f0f9978b6e9ca83060a5a6c1651f2e8fc596c5d39c4aec18657b0336bc0e4fa0,12874cdab8b78621562627119c69e20c3e04bee25c7c2d6c95c279c267b89efd,3.185714457999893,0,669,555,False,0.0326061360538005,0.0035728731292975,0.0005288407056245
dae_clahe_L1,00019750_012.png,19750,mixed_high_risk,0.6036825180053711,1024,1024,993e064cd1faabb8cd87e903a94eb3c47728bfae4d41f240c98433ff9b4caf54,fe86ecf19eab23cf42955d45ae4b2f66bdd2b47a4d6f1b4dca40c4f5d168886b,845f5d8d03d98b7a2005e38dfb1feff73def71be53e7fbe4a494a58dfdc549f5,3.184817718999966,0,907,194,False,0.3591987490653991,0.0105658226043992,0.0008516087722106
dae_clahe_L1,00019750_029.png,19750,mixed_high_risk,0.5787830352783203,1024,1024,993e064cd1faabb8cd87e903a94eb3c47728bfae4d41f240c98433ff9b4caf54,38026b18aa7f7e481bdef8b12cf7035d90859a015383900a932f90025308480c,88d9d216866009cc54736197bda1a766bdab4122b0832f0087c02249e680ed89,3.385014575999776,0,66,688,False,0.057226650416851,0.0042089926747339,0.000170002975052
dae_clahe_L1,00019769_014.png,19769,mixed_low_risk,0.5471652150154114,1024,1024,993e064cd1faabb8cd87e903a94eb3c47728bfae4d41f240c98433ff9b4caf54,a74884e2fd3cf96fc568807b075689a0e804afd14f8a40649280ecf814b705fd,7428ab4c5d3fa868bc630861a85fd9200fdedbed24932de80a97977c9d3c4ccf,3.392186730000049,0,414,669,False,0.0369507148861885,0.0,0.0
dae_clahe_L1,00020113_030.png,20113,mixed_high_risk,0.5340354442596436,1024,1024,993e064cd1faabb8cd87e903a94eb3c47728bfae4d41f240c98433ff9b4caf54,c740ef1e0b7821f5720c893bc40ccf16489f3967ec5734da8fc9cfedbcf32962,2174ee05b6c37c05d30b478f4321e7ae6897bb271e2307c94f6190bc0b3afbcd,3.16658412400011,0,272,537,False,0.0481952503323555,0.028751562584923,0.0053613186562482
dae_clahe_L1,00020184_013.png,20184,mixed_high_risk,0.5434033870697021,1024,1024,993e064cd1faabb8cd87e903a94eb3c47728bfae4d41f240c98433ff9b4caf54,9f322d5ccec391298e38d8e873ae456ddd491cce1381d69e644d925a5354c887,881316c93da165ae50aa5946015e7369db94fd48dadb79ee7c8b9bb3b72dcd9b,3.1815481120002005,0,541,770,False,0.0875354781746864,0.0036332296877112,0.0001719720029579
dae_clahe_L1,00020259_002.png,20259,mixed_low_risk,0.5640785098075867,1024,1024,993e064cd1faabb8cd87e903a94eb3c47728bfae4d41f240c98433ff9b4caf54,e3c05177c1e3596d57e129fc2ba21842d65811d141be70f7d2953ef555671750,4329884cae5d58b2709f20b2189ebf32cbed0a560d0e645f2463f5e5196ce816,3.248466118000124,0,486,459,False,0.0864714086055755,0.0129890063506072,0.0010757614996912
dae_clahe_L1,00020405_041.png,20405,mixed_high_risk,0.5008300542831421,1024,1024,993e064cd1faabb8cd87e903a94eb3c47728bfae4d41f240c98433ff9b4caf54,1c10ba5118e313d77f9caf0a05edd54b780fb98f4202fdd9cc70120bad0ca1cc,f473e10889b1028fc713a4d6af5a327124db0f46f74dff75e7f119cfe8509a26,3.5358212189998994,0,779,107,False,0.1556239575147628,0.0073801811587175,0.0004850860780295
dae_clahe_L1,00020482_011.png,20482,mixed_low_risk,0.6108289957046509,1024,1024,993e064cd1faabb8cd87e903a94eb3c47728bfae4d41f240c98433ff9b4caf54,a8081292d171b91cb4621514f497aa6d600b8fbe34f666d6d6bfe8a877e31235,3b902496a3299eaff101768786dc573cddfad547afa4b637d1213c9f577f5104,3.1447828730001675,0,848,797,False,0.0904486328363418,0.0142145673376219,0.0026209713862227
dae_clahe_L1,00020482_032.png,20482,mixed_high_risk,0.6935960054397583,1024,1024,993e064cd1faabb8cd87e903a94eb3c47728bfae4d41f240c98433ff9b4caf54,61ea46aa3f79ca9318ca4ec7afdc1725b9165eb4c0b943b66d1ba217c8de7ed5,30c5c35554ae584cfff70451cb3e2f5121f50878c95747c58a98eee6ace45437,3.1218562939998264,0,20,893,False,0.1141538470983505,0.0158046680041101,0.0028440275421614
dae_clahe_L1,00021009_001.png,21009,mixed_high_risk,0.5595662593841553,1024,1024,993e064cd1faabb8cd87e903a94eb3c47728bfae4d41f240c98433ff9b4caf54,79bc2047c58169cdbfa73961593e320145fe8ca0d61646874d5226ec858c4e6a,e02ece8047e29fb78cf7c4a7ff92d1f9fafca6a7c3ed522f7f0307df2fad167c,3.1978655539996907,1,258,559,False,0.3721829354763031,0.0025776285817048,0.0002316562564348
dae_clahe_L1,00021201_010.png,21201,mixed_high_risk,0.4894291460514068,1024,1024,993e064cd1faabb8cd87e903a94eb3c47728bfae4d41f240c98433ff9b4caf54,3b1faa65740a990d24961ef1378d5153dfef7e2c2be26822fcb1f6b100ec78a1,6ac342b5f7e5e85d121db1ac49d894c609853e9ad1449daf678cffd5ba623bcc,3.5937577230001807,0,852,84,False,0.1143021285533905,0.0059568914709101,0.0007781022831439
dae_clahe_L1,00021703_001.png,21703,mixed_high_risk,0.5506264567375183,1024,1024,993e064cd1faabb8cd87e903a94eb3c47728bfae4d41f240c98433ff9b4caf54,060a7301b5ad7d9151990b58fe349c48053a93a4ff8d42e80eab8e70baac4867,0962e7366da209fa5d8c084ed101f8aac090d41d6f2485fc1017ee3865bddaa6,3.245940708000034,0,487,0,False,0.0089067043736577,0.0,0.0
dae_clahe_L1,00021710_003.png,21710,pure,0.576450765132904,1024,1024,993e064cd1faabb8cd87e903a94eb3c47728bfae4d41f240c98433ff9b4caf54,9278a35727ac65470660ee95b4878d57e1844472080a55ac5ee9dbe2f37f0292,bb4f65e4c4b591c07173eed834ab2be5f778fcfe7779742fba92cc571dccd02d,3.244526247000067,0,601,395,False,0.049743678420782,0.0050091752219411,0.0004178200240246
dae_clahe_L1,00021840_016.png,21840,mixed_high_risk,0.5190904140472412,1024,1024,993e064cd1faabb8cd87e903a94eb3c47728bfae4d41f240c98433ff9b4caf54,140aa464ebc2be9abef6184757a06ebf55f42422e4226d6687d8bfbe11064b07,5fed35754bd861bb06874d539f32e3f1e095370c0bc63ea91edca9dfc75c023e,3.181081640000229,0,925,797,False,0.0626351162791252,0.0036033386035224,0.0006231621584779
dae_clahe_L1,00021926_007.png,21926,pure,0.5785483717918396,1024,1024,993e064cd1faabb8cd87e903a94eb3c47728bfae4d41f240c98433ff9b4caf54,83f1a23371071d5d78c322c5900234503da3a51d33b7b569868331cce8198836,4c2845ce297c9aa01e2f03b46f511a08b788b388c2a9234b87a89d912b57a277,3.4293224570001257,0,514,765,False,0.0192544776946306,0.0,0.0
dae_clahe_L1,00022369_013.png,22369,mixed_high_risk,0.5207272171974182,1024,1024,993e064cd1faabb8cd87e903a94eb3c47728bfae4d41f240c98433ff9b4caf54,f45b96c2310ec8d9b98e51e110ec6f70a1e091f7482e47469423f5e9dff6dbf8,4011602715c812ba8c96b9b49ff8672612349780ffcbc0fd3914872e6a6f53ab,3.312183794000248,0,610,377,False,0.1305491477251052,0.0022359559606114,3.610043140015523e-05
dae_clahe_L1,00022416_048.png,22416,mixed_high_risk,0.5728368163108826,1024,1024,993e064cd1faabb8cd87e903a94eb3c47728bfae4d41f240c98433ff9b4caf54,d9c46e60cc968a0d283ecfeabb13a1362401b1873213061972a6fede81456481,c53471fc8a1f77a84a807e94917c4dddfee6e4692d1e1285a2b240991cbc4ade,3.1803129229997467,0,706,103,False,0.3637967407703399,0.0024611564514067,0.0001938062449491
dae_clahe_L1,00022470_006.png,22470,mixed_low_risk,0.5349838137626648,1024,1024,993e064cd1faabb8cd87e903a94eb3c47728bfae4d41f240c98433ff9b4caf54,b11664a3577d95481f170a34ff9c2fd9af541cdcfea39e6b892f29fa608ca2b5,31caf9d2d44e1d249e581366372aa553216966777200bf28948a724a2201f8ce,3.2049070920002123,1,308,546,False,0.5184440016746521,0.0013121863390646,0.0002840340582657
dae_clahe_L1,00022727_000.png,22727,mixed_low_risk,0.5340845584869385,1024,1024,993e064cd1faabb8cd87e903a94eb3c47728bfae4d41f240c98433ff9b4caf54,c89b5c3936f5fdf6baf962617eae79b6b2687dc857fccb1338bc9908bb3663d5,fa6de51a7a3929415b076b8db282391ef2546efc9d03ca53d7a375c145efda69,3.397609583999838,1,486,528,False,0.3330015242099762,0.0094836561909198,0.0010121878509726
dae_clahe_L1,00022899_014.png,22899,mixed_high_risk,0.6528658270835876,1024,1024,993e064cd1faabb8cd87e903a94eb3c47728bfae4d41f240c98433ff9b4caf54,fa2de48c5b665f8d05edfceb5b02b67d53ec5734062740318d6cf3b4ed158890,1daaaa458500732d110ec6211ced7d7910d4bfbaf77ad33716f3e83870dda753,3.243553819000226,0,706,829,False,0.0471799373626709,2.0924441840513905e-05,0.0
dae_clahe_L1,00023026_008.png,23026,mixed_low_risk,0.4964298605918884,1024,1024,993e064cd1faabb8cd87e903a94eb3c47728bfae4d41f240c98433ff9b4caf54,3e4015d2dd1114c776d386d94d61eb96efa1bf438e4be9f05c93477125f5b1a0,c96f66c5527b0c04659c61ed511fb364be7c4430a96f8fd3ca6dd5ead0ad4227,3.18162798900039,1,459,651,False,0.3229801058769226,0.0085115647022883,0.001601348801281
dae_clahe_L1,00025521_003.png,25521,mixed_high_risk,0.563786506652832,1024,1024,993e064cd1faabb8cd87e903a94eb3c47728bfae4d41f240c98433ff9b4caf54,32a1d6cbf4ed4b4b8ab15d209493385da13861d4cdbde38359c0fc2d1436c328,d9069fcfec97535a35e29c892ab19160128e2cfcff776e4e28cd31055fc40702,3.2436256319997483,0,729,802,False,0.0563472472131252,0.0084969389909225,0.0005061867266591
dae_clahe_L1,00025787_027.png,25787,mixed_high_risk,0.586231529712677,1024,1024,993e064cd1faabb8cd87e903a94eb3c47728bfae4d41f240c98433ff9b4caf54,13933e70b4c641dab135b24bce9659131ce86f213900d2dcf058a4653d08592a,6a4cbb56ab4571959fa8e78670e8c4f0185fa7402cf598d414fa4e3685b5ba8e,3.481040617000417,0,642,770,False,0.0819734930992126,0.0001948539082822,0.0
dae_clahe_L1,00026098_003.png,26098,mixed_high_risk,0.6913903951644897,1024,1024,993e064cd1faabb8cd87e903a94eb3c47728bfae4d41f240c98433ff9b4caf54,51942023e26538cd1b977d84bcb97449f02e7d42aed34e91aa9f9163a7b75a0d,da7a71f4ae97730851261104db8f008f597ddd5a8c034ebca898bef995b2850c,3.26192625900012,0,619,230,False,0.0363193750381469,4.018969536210915e-05,0.0
dae_clahe_L1,00026194_010.png,26194,mixed_high_risk,0.5990896224975586,1024,1024,993e064cd1faabb8cd87e903a94eb3c47728bfae4d41f240c98433ff9b4caf54,325984b12e305f231080bb08eebb5fa2836ca3a2d1f079c12a8e71a64f9a2862,086d86447191e34e1056709651febce0be4488e59110622ebbef1b899bb201f4,3.2223966629999268,0,701,322,False,0.0127382408827543,0.0,0.0
dae_clahe_L1,00026538_012.png,26538,pure,0.6487953662872314,1024,1024,993e064cd1faabb8cd87e903a94eb3c47728bfae4d41f240c98433ff9b4caf54,9b0ae7cff01f5111c48a1032b9def9e84b7d7a6a61edb9c9e3c79d9d88db7dd4,ad23a6ec40b3b27baa0a964e5e597740c162caa4c56a278c030e4ae5962e67a4,3.1723817340002824,0,875,546,False,0.0662830844521522,0.0015225666122892,8.22684144134262e-05
dae_clahe_L1,00026538_034.png,26538,mixed_high_risk,0.6027259826660156,1024,1024,993e064cd1faabb8cd87e903a94eb3c47728bfae4d41f240c98433ff9b4caf54,2b0d83b2b8eedb37e5377b683a741bb976f5c8d21af5b846929e1771c3978be1,eccd04775872d7619c1d4e29a19da4c8aa7893158110dd5feb22eb6882986c69,3.437947599999916,0,678,322,False,0.0517538189888,0.0020767963159439,0.0001422610015174
dae_clahe_L1,00026865_003.png,26865,pure,0.4975256025791168,1024,1024,993e064cd1faabb8cd87e903a94eb3c47728bfae4d41f240c98433ff9b4caf54,ba2db947775d041204d0a482c278a09e02f2854594eec1670f9ab6173671fb94,e80a9dfdfd5dcf07440b6699d9c5ef7305c3ae91465fac355739e139a57dda51,3.298110405999978,0,824,25,False,0.0540442839264869,0.0022133558551999,0.0
dae_clahe_L1,00026911_000.png,26911,mixed_high_risk,0.5282983183860779,1024,1024,993e064cd1faabb8cd87e903a94eb3c47728bfae4d41f240c98433ff9b4caf54,60e7d8b3316054734e38a60a8685cb06ee590320e797d44803b6d6736df89975,c14ebd7d767bfddec058208b65f25fd46db5b58e8486c3aee79bb64af7e4d287,3.135058011000183,1,761,340,False,0.1242628172039985,0.0118125047024302,0.000887189292543
dae_clahe_L1,00027113_002.png,27113,mixed_low_risk,0.5417455434799194,1024,1024,993e064cd1faabb8cd87e903a94eb3c47728bfae4d41f240c98433ff9b4caf54,889a8d95a83762a8d506ee7a155348192d8b7655f466115327a4d8c419bf0394,db40acc5f456c54a0948199fbaa8972cdc000c57306667ef9abd7dfca2aa0971,3.1199960539997846,0,957,747,False,0.1121959462761879,0.0008416091567076,9.970984435293296e-06
dae_clahe_L1,00027357_014.png,27357,mixed_high_risk,0.5625337362289429,1024,1024,993e064cd1faabb8cd87e903a94eb3c47728bfae4d41f240c98433ff9b4caf54,6ea75894ef8be48911485037f3ab0388740e75b2e42affc03f8f8475958e4579,dab06a535e7e91050724d2bf12ef75a61ad427a37d30c7e5979c9598f8ec0962,3.1321613609998167,0,107,697,False,0.0390026159584522,0.0083296523001198,0.001158874443197
dae_clahe_L1,00027441_002.png,27441,mixed_high_risk,0.6173661351203918,1024,1024,993e064cd1faabb8cd87e903a94eb3c47728bfae4d41f240c98433ff9b4caf54,7405762dbed656271d43924a91a36efba0956190141a494dca1b364464553b8b,8768b94295206bcae9de8bd5445e829613d0347a313c5c39943047fed45a9534,3.635050882000087,0,619,651,False,0.0946030840277671,0.0025941053096368,0.0001485663348685
dae_clahe_L1,00027479_013.png,27479,mixed_high_risk,0.5357547998428345,1024,1024,993e064cd1faabb8cd87e903a94eb3c47728bfae4d41f240c98433ff9b4caf54,a69856f00a9456efef757538bf3eeff5930284d0dc72da802548606d1cc3e9a5,b3900127c472d298c07630dc3efcea8445ca44502206fdcbb9dd2880fbfc799b,3.1974849450002694,1,482,303,False,0.3727030754089355,0.0077557469319783,0.0008289100129369
dae_clahe_L1,00027927_008.png,27927,mixed_low_risk,0.5402889251708984,1024,1024,993e064cd1faabb8cd87e903a94eb3c47728bfae4d41f240c98433ff9b4caf54,21e613c8c2b14ab5f9ceef367c17c876a27075ab455556c2217cf34187e7680d,39b7378acb8bc6d968b3b2a6988175b049f9d2fdab7da38038c88ab7d131db81,3.1329001270000845,0,326,646,False,0.036973513662815,0.0010920629687628,2.2532164665059373e-05
dae_clahe_L1,00028208_005.png,28208,mixed_low_risk,0.5572874546051025,1024,1024,993e064cd1faabb8cd87e903a94eb3c47728bfae4d41f240c98433ff9b4caf54,fccb3f67cadb6b9faed087bb11d6c8ed3e6927b2a70690680ba361230d4e0a9e,c1701daf8a3e16d2ac53c03f52871e5bb765c2d3f2d915512a7365e7a042e59a,3.177448735000325,1,295,404,False,0.3420693874359131,0.0055632727008199,0.000895492224549
dae_clahe_L1,00028285_014.png,28285,mixed_high_risk,0.6307684779167175,1024,1024,993e064cd1faabb8cd87e903a94eb3c47728bfae4d41f240c98433ff9b4caf54,f4823b0243afd52b5f70df183125e2de44ac16f0393e014f8bb9b8bd28868d4c,b00caf0e52be88dbcc0d7bf94f313ad701271e5bd31e648d1c0cfd3cb5a06f0b,3.3725958990003164,0,249,454,False,0.1152586042881012,0.0057229713390831,0.0003292413338977
dae_clahe_L1,00028383_002.png,28383,mixed_high_risk,0.6125433444976807,1024,1024,993e064cd1faabb8cd87e903a94eb3c47728bfae4d41f240c98433ff9b4caf54,0339e78181eee0bec82fae578cf8cc83fe2dff3563195daca9e0281df79730ab,ccf15889e89187f32af4255ba152e960ea57cb58719c0552f73e9a2f0f1327af,3.1629923810000946,0,546,706,False,0.1349575668573379,0.0002163799632154,0.0
dae_clahe_L1,00028518_012.png,28518,mixed_high_risk,0.7064374685287476,1024,1024,993e064cd1faabb8cd87e903a94eb3c47728bfae4d41f240c98433ff9b4caf54,0d0ff1181eef4862a9ecb3c3cfd700542d3926333d8a0a20d7442ca737c325db,5c1e8a11cbccdb0741adc41bdf46c4dbb67b6ce0c3d504d0d4235a45cf441800,3.2290738269998656,0,413,838,False,0.2539239525794983,0.0029039910325591,0.0001414960852749
dae_clahe_L1,00028640_003.png,28640,mixed_high_risk,0.648085355758667,1024,1024,993e064cd1faabb8cd87e903a94eb3c47728bfae4d41f240c98433ff9b4caf54,7c90252853ae2a8f635541b3e7351d8f9613652d5f1ddee1bfa176ab8e2b93d9,f36454636025acf0ce554a35a9b829610f999dd0617cb70531331be417318f62,3.1753383560003385,0,473,861,False,0.0350478924810886,0.0003612835418924,0.0
dae_clahe_L1,00028640_008.png,28640,mixed_high_risk,0.6151570081710815,1024,1024,993e064cd1faabb8cd87e903a94eb3c47728bfae4d41f240c98433ff9b4caf54,399956da8872b3a0834d87ac5ddf04f151819a0d3090a74f3c151c5e2a2a5180,7ddcae20e3aa345b51962ab5afa3936ecb46c1fe72da994f79231d0bd7082452,3.3645930659999976,0,441,706,False,0.0359768308699131,0.0,0.0
dae_clahe_L1,00029039_020.png,29039,mixed_low_risk,0.5387786030769348,1024,1024,993e064cd1faabb8cd87e903a94eb3c47728bfae4d41f240c98433ff9b4caf54,e92d09e38869884e629974d3c73140b947e0a3f055102f068dc66e439a9847b5,c5b9814dfc1b13146c83fdd7ebbf23d8d5d22e1665990e825c47a8568a2be272,3.227358568999989,0,376,843,False,0.3981339633464813,3.2156494942051314e-05,0.0
dae_clahe_L1,00029404_004.png,29404,mixed_high_risk,0.644440770149231,1024,1024,993e064cd1faabb8cd87e903a94eb3c47728bfae4d41f240c98433ff9b4caf54,aef2d0aad7eaebe93de833a8fa159063460ae2b321d4b546b068d458b7ee4bc6,91fffa4c4fe5cd920d7642c273fb0de9fdb3e02b83a1773d5ae07457ac057478,3.235773598999913,0,198,189,False,0.0751315131783485,0.009646952652134,0.0005292580463762
dae_clahe_L1,00029431_000.png,29431,mixed_low_risk,0.4891956746578216,1024,1024,993e064cd1faabb8cd87e903a94eb3c47728bfae4d41f240c98433ff9b4caf54,fda7c2cce36d27b2031469ca864b5099ca9b5c763b9718abb1a1d803167b9014,7050cb80dbaf4c08d99ed7a3c4d53ecef608ee92fcdc9bf97571671a5cb6f59e,3.133809011999801,0,505,427,False,0.1012099608778953,0.0002990159656403,0.0
dae_clahe_L1,00029532_014.png,29532,mixed_low_risk,0.5157232284545898,1024,1024,993e064cd1faabb8cd87e903a94eb3c47728bfae4d41f240c98433ff9b4caf54,3dab9e205b02a56ee03735769b4f79e877ede14aaa011953d522bc0a95e2fcb5,dd86579d0434539fa175b56204510e6e981b809640918d2871c327be401c9709,3.3886943210000027,0,422,701,False,0.1170094907283783,0.0107733743747595,0.0009054875965283
dae_clahe_L1,00029617_006.png,29617,mixed_high_risk,0.5998356938362122,1024,1024,993e064cd1faabb8cd87e903a94eb3c47728bfae4d41f240c98433ff9b4caf54,50766c2dc2d8b1008d734fe02bcfbbe58af9412d18b967b290c88aaca80e064e,00a9068ddaef2ac928c7422cda242e80906cf4c0f3f7053e720ed1d164f7477c,3.2549349730002177,0,715,834,False,0.0390306562185287,7.809652730775239e-05,0.0
dae_clahe_L1,00029861_013.png,29861,mixed_low_risk,0.6035289764404297,1024,1024,993e064cd1faabb8cd87e903a94eb3c47728bfae4d41f240c98433ff9b4caf54,40c3a5a4accaae8c29acabc2f088318bbe7cd5b2e88c8c3ec912092ed603c20c,eb106a5892138e13ce2a865916e11c189be3adc6a25f117b46315c3eea8d6cd3,3.1424000759998307,1,696,399,False,0.4032586812973022,0.00327583792743,0.0004334506583235
dae_clahe_L1,00030323_028.png,30323,pure,0.6800717115402222,1024,1024,993e064cd1faabb8cd87e903a94eb3c47728bfae4d41f240c98433ff9b4caf54,5661cd73afb09fe3e8649cb7e7672e801edfca814ac1980f91f37fbecb12f4fc,7cf784f671fe456079bdd552f0378e2b700dc0b48c1efee119c40ee2e469561e,3.1786173089999465,0,331,326,False,0.0971644744277,0.0005860550574967,7.951148145792253e-06
dae_clahe_L1,00030408_013.png,30408,mixed_high_risk,0.6263114809989929,1024,1024,993e064cd1faabb8cd87e903a94eb3c47728bfae4d41f240c98433ff9b4caf54,575ea470a48599b1ecd41aea13c556f55dc245ea3c728853ecbd7d31e9f0a7f3,f9add0efcc460e93efba12ecb2f4f5c5a73af0f1e947abbfa1f9c5b519e384e3,3.368582429000071,0,592,459,False,0.0355964750051498,0.0008022692759519,0.0001185255422543
dae_clahe_L1,00030573_002.png,30573,mixed_low_risk,0.589554488658905,1024,1024,993e064cd1faabb8cd87e903a94eb3c47728bfae4d41f240c98433ff9b4caf54,a59265ddfe43342be97a9b2cea3e221ce696ba65a7227644748508c779cfa659,1b165fdd90a521d22e3eb48738dbec59d5a2a320d4ce272fdd0df0e1806acad9,3.4051835039999787,0,582,34,False,0.0423900038003921,0.00242799175148,0.0
dae_clahe_L1,00030636_004.png,30636,mixed_high_risk,0.6135157942771912,1024,1024,993e064cd1faabb8cd87e903a94eb3c47728bfae4d41f240c98433ff9b4caf54,46dafe2e251e455e8aab5b0762a477eec4fcc49cbc243e2f7306fecdb8fc28df,8599ee5ea512eb8179d2ec999e3c35344e22f94e8af7ca4ed69f1601018ac1b3,3.189196940000329,0,308,418,False,0.0326828248798847,0.0,0.0
dae_clahe_L2,00000032_037.png,32,mixed_low_risk,0.6300338506698608,1024,1024,ebfabace42146511f8ebd3699a3d4a8940efef99f51ac722429c6bbbfddca4cb,893e6c62bdf8666fd22e101a6fd957de9d5b79eb98f1ea1b3d8256cf50b6601e,415cb34274dd868a5f131a9c272e6224896e2ad2dbf47d6cba2e495c6e4dca18,3.540203382999607,0,674,363,False,0.0505353510379791,0.0,0.0
dae_clahe_L2,00000211_016.png,211,mixed_low_risk,0.5966065526008606,1024,1024,ebfabace42146511f8ebd3699a3d4a8940efef99f51ac722429c6bbbfddca4cb,c1189e93ce006b308e04eae49ed0ffc057492f8ef486e7991aff4c5712d03ac4,082fc0ee2838d8783878fc574138c89e5865fc155652127fe983c5c639de3306,3.199416573000235,0,290,326,False,0.0845392271876335,0.0010980827727221,0.0
dae_clahe_L2,00000468_041.png,468,pure,0.6571908593177795,1024,1024,ebfabace42146511f8ebd3699a3d4a8940efef99f51ac722429c6bbbfddca4cb,c3d6fd87bd5b0b7c00048583be7b587e658ef1c1a2a333a170592c158ac03bb6,5cd0613ec7111ed098014a7169d2d2a5beb1f48f9a97e9043e583931f33ec760,3.417107345999284,0,413,0,False,0.0114156808704137,0.0,0.0
dae_clahe_L2,00001039_005.png,1039,mixed_low_risk,0.5245496034622192,1024,1024,ebfabace42146511f8ebd3699a3d4a8940efef99f51ac722429c6bbbfddca4cb,687639ba3ebd05b41a45abb55931dce236a33ffe21747930594eb6281544ff3c,0cbe5166de7b0fa4bb9427ac6a85b595b3d36caad6532093d022f4862f567cd4,3.3324556419993314,0,285,271,False,0.0980739444494247,0.005460580912863,0.000506731077817
dae_clahe_L2,00001900_026.png,1900,mixed_high_risk,0.516659140586853,1024,1024,ebfabace42146511f8ebd3699a3d4a8940efef99f51ac722429c6bbbfddca4cb,3715070ab4be2054e2a6ded50d29f7179efa4c0bd5516ffc71a1cb803b1c66f4,8fda30673e86bc12a9aa4c7d3fcd880f122ff1568f3383a2e45fc8d7c6aded2c,3.245726733000083,0,340,651,False,0.0836248621344566,0.0010853206760824,0.0
dae_clahe_L2,00002224_007.png,2224,pure,0.5849127173423767,1024,1024,ebfabace42146511f8ebd3699a3d4a8940efef99f51ac722429c6bbbfddca4cb,73632b7f637ff5f00f4fbae55fd9af041a8f6bf5daffe6f711d0cad12ecb0af8,5776d4c77e48bd3028f86bea7383beead4f6e223790d7eaaf34cd3bd441da615,3.2341594270001224,0,729,482,False,0.0617869682610034,0.0028891673628515,3.708373507379664e-05
dae_clahe_L2,00003149_007.png,3149,mixed_high_risk,0.6339043974876404,1024,1024,ebfabace42146511f8ebd3699a3d4a8940efef99f51ac722429c6bbbfddca4cb,26b5987bb83d59f8a2c21cb762759046ee7dc088300a131eea77b62eaad814b4,8416000074e5ad9ceec7adb919c7664cd77dd1557a7d392b90fabfe4c2a5e2c5,3.608010154000112,0,249,715,False,0.1048246100544929,0.0004291548418356,1.3875206393695109e-05
dae_clahe_L2,00003333_002.png,3333,mixed_low_risk,0.5785151124000549,1024,1024,ebfabace42146511f8ebd3699a3d4a8940efef99f51ac722429c6bbbfddca4cb,9896dfadfb9246baa4fc3fd667000761417cc09bcc5652f2c3cbf24f728fafb2,edbae80d22576d1fe4b58c5ca71b2e4b96bec14819334c294a2939b7224070ac,3.3620440869999584,0,267,601,False,0.1460091918706894,0.0027785307671455,0.0001724271710736
dae_clahe_L2,00003973_008.png,3973,mixed_low_risk,0.5206847786903381,1024,1024,ebfabace42146511f8ebd3699a3d4a8940efef99f51ac722429c6bbbfddca4cb,c912b0d561e1fb98cb4f8fffa721ff9952c30eb97f21b961a1018c34c7051b03,c68baa9e4518c58425072009d5ee51de72c191d194e57fead4d086db10d9ad07,3.24483056400004,0,811,692,False,0.0579759180545806,0.0132515584154433,0.0018447279026343
dae_clahe_L2,00005066_030.png,5066,mixed_high_risk,0.6330918669700623,1024,1024,ebfabace42146511f8ebd3699a3d4a8940efef99f51ac722429c6bbbfddca4cb,0b30813b2cd346b1cdcd7ab74d797a6a714d85d53b3d64ebf14583ffeae38298,5ac7f403ee215b736d3c9676991dc187152624dfb9f165c3b1da6f64c5b86a6b,3.260776723999697,0,308,66,False,0.0403549894690513,0.0025515673913975,0.0002186695174692
dae_clahe_L2,00006096_010.png,6096,mixed_high_risk,0.5394314527511597,1024,1024,ebfabace42146511f8ebd3699a3d4a8940efef99f51ac722429c6bbbfddca4cb,5cb244db8132cfe499725c0f094dc10c3efd0765cb7f8d9a6bd2a6aa399f9366,0b99b2b3507908d13c9b5ae2a0a07bf1d87b912e354d303f3e374f617b54a21d,3.447083111000211,0,84,829,False,0.0484709404408931,0.0004679874311947,0.0
dae_clahe_L2,00006304_060.png,6304,mixed_high_risk,0.5939594507217407,1024,1024,ebfabace42146511f8ebd3699a3d4a8940efef99f51ac722429c6bbbfddca4cb,6f1f41459a22aadd0d3bcf0976ee9071b044cb54c9ca25ec11dbaab1243e368a,3a60f4fcb602df1840ce7f3accae2d5a86384c6cbcc8120c9ed3a8144927e984,3.270583217999956,0,162,628,False,0.0384535454213619,0.0002776828434723,0.0001108377114229
dae_clahe_L2,00006836_002.png,6836,mixed_high_risk,0.5443544983863831,1024,1024,ebfabace42146511f8ebd3699a3d4a8940efef99f51ac722429c6bbbfddca4cb,6e70c0cc8cd73a2a3486e39fa232d76f358d46cf6c6449380197068e37a9c56d,bd8da02a5fc91183efab6a1bf65abb12d3db1904f1261d46fecf0834aa30572b,3.173513787999582,0,34,706,False,0.0998302176594734,0.0008247698446311,1.123002459375386e-05
dae_clahe_L2,00007124_006.png,7124,mixed_high_risk,0.5452477931976318,1024,1024,ebfabace42146511f8ebd3699a3d4a8940efef99f51ac722429c6bbbfddca4cb,f6231d851b7605361fbb57556b4b906ddf460a26b652eb0eb5f713edf2bd9c95,faef320c9a9e6c87472a22bf7bceb0d46bf1064a3fbdde9e9dce5115e7ca2930,3.2103828420003997,0,217,285,False,0.1470747590065002,0.0067296690257236,0.000486546130655
dae_clahe_L2,00008814_010.png,8814,mixed_high_risk,0.5358005166053772,1024,1024,ebfabace42146511f8ebd3699a3d4a8940efef99f51ac722429c6bbbfddca4cb,86b0e2a4962f2aaeed921b1852906010dece69f6016c078f49fd7d89fb0d553f,05e2cdb0d0d384ba3ccc276e3580fb372ee2d8fdc21fb3671185275b8be4f516,3.42397742600042,0,733,847,False,0.0668055340647697,0.0023482903095012,0.000175497095523
dae_clahe_L2,00009431_004.png,9431,mixed_high_risk,0.5118808746337891,1024,1024,ebfabace42146511f8ebd3699a3d4a8940efef99f51ac722429c6bbbfddca4cb,122f7bbc2fffadadc8bec57db7d70ca7163b3f700d29bcb3a40fcbcb0cf4614e,afc527b58b50d96d6330df395c238c8133b0c9ea35d1af9cb9f15ba76ed3f769,3.2807711320001545,0,797,107,False,0.1157762110233306,0.0068073276783804,0.0004417286313774
dae_clahe_L2,00010092_018.png,10092,mixed_high_risk,0.6305039525032043,1024,1024,ebfabace42146511f8ebd3699a3d4a8940efef99f51ac722429c6bbbfddca4cb,6851c65fbb607afd2907216f9dee8542f1332fcabd74e8771176766394f4bc65,ce13b71e733c2219671353fcf64b1a87a06da9031da6eeaa85cf8c6a48b8b4e5,3.224519309000243,1,692,601,False,0.0426289290189743,0.0401487478197913,0.0108177031918394
dae_clahe_L2,00010120_010.png,10120,mixed_low_risk,0.4801929593086242,1024,1024,ebfabace42146511f8ebd3699a3d4a8940efef99f51ac722429c6bbbfddca4cb,9dc7e1bb5f35ae4a6776e9d2f71022fc85009344f6812ceb9d01af8bb86f28e8,e0b405f6b96278cc85be4470a55db522b1411b7ba1b0b98da281e58d206a62b5,3.163283636999949,0,670,52,False,0.301579475402832,0.0044766397852364,0.0003081060899887
dae_clahe_L2,00010230_001.png,10230,pure,0.4780344665050506,1024,1024,ebfabace42146511f8ebd3699a3d4a8940efef99f51ac722429c6bbbfddca4cb,e0c542e8888623f93a75d59c58e3e5e23ae522e67d83cc7c2f881d7cf7d62126,73859a200f93a4a21f211b1fa33806b959a2e114ad4ad84991615c10562cde3e,3.410046255000452,0,747,523,False,0.0200037416070699,0.0,0.0
dae_clahe_L2,00010277_000.png,10277,mixed_high_risk,0.5864099860191345,1024,1024,ebfabace42146511f8ebd3699a3d4a8940efef99f51ac722429c6bbbfddca4cb,bbc8b1b79c1005e784afb44b4f7f7eaefaf91175a04e23f79a31961f01a2620d,4afcaf611651c377801e76ae0f1de594e7e02c91522f741ecb1a274e6630d4f6,3.254658242000005,0,285,724,False,0.0705248415470123,0.0001789549033643,1.6410929679166326e-05
dae_clahe_L2,00010805_049.png,10805,pure,0.536440372467041,1024,1024,ebfabace42146511f8ebd3699a3d4a8940efef99f51ac722429c6bbbfddca4cb,7f65f8cfe5643390435fb344c134c54999bf7f3a03e851c71fc7b1921bcd98d0,d2f3ffac1713483cedd91b2d7f147f68e59f2e0583d8b30d647ff36106ea47b3,3.113953602000038,0,770,985,False,0.0976421162486076,0.0047882101968382,0.0005184431344687
dae_clahe_L2,00010828_039.png,10828,mixed_high_risk,0.6592581868171692,1024,1024,ebfabace42146511f8ebd3699a3d4a8940efef99f51ac722429c6bbbfddca4cb,3e37d0e804eab1dcb1f48bff48131bf650d81edfd92d122367dd90d1c3e1ae3a,d10038b33e4e0d3e372125c4e5cec412a6c7d7540df2f36eea98033b9aadf972,3.131665735999377,0,614,359,False,0.0669651105999946,0.0010724610650004,0.0
dae_clahe_L2,00011023_004.png,11023,mixed_low_risk,0.5944522619247437,1024,1024,ebfabace42146511f8ebd3699a3d4a8940efef99f51ac722429c6bbbfddca4cb,40f6c9fd247514960c47ae27783a6b1e07e0647945968843c29ad57e05799e05,46400cfd3b9c6fb6213eba95f6449adedff920fb79c7ddbffede3c21862abe5c,3.207296119999228,0,610,445,False,0.048636183142662,0.0019719198611768,0.0002437884728683
dae_clahe_L2,00011124_000.png,11124,pure,0.5435392260551453,1024,1024,ebfabace42146511f8ebd3699a3d4a8940efef99f51ac722429c6bbbfddca4cb,478ee5c0c40b4f58a1ca6d40ead2256c7ee2f36dd000b50c43e1ce2d81c5b0cd,aeaa38d5cbee8c2c0d69ad32b1876bbfeba27ec6c840b77fdbaa0dac306f9174,3.5442126500001905,0,687,656,False,0.0315871611237525,0.0152311234429423,0.0010689470871191
dae_clahe_L2,00011237_094.png,11237,mixed_high_risk,0.6621786952018738,1024,1024,ebfabace42146511f8ebd3699a3d4a8940efef99f51ac722429c6bbbfddca4cb,03ac03b769eca7f15295117f5abac6d4f1b5d12d20b59a02d134ea33e6a02dc3,bacc8022eda307c40a34a7ed176a69831eb19ef258b76bd112b3aaefaf38a0ac,3.1695354590001443,0,527,765,False,0.0456806793808937,0.0024875621890547,0.0002455393681453
dae_clahe_L2,00011269_018.png,11269,mixed_high_risk,0.584293782711029,1024,1024,ebfabace42146511f8ebd3699a3d4a8940efef99f51ac722429c6bbbfddca4cb,e7c3d92fc119c66a6134f171f277743f5e9ddcd1c391cd5bcbbec6e8092ab034,cf363ce6c74220758546fba085fca8c3daaf521a422dab939b4fbf7a370928c3,3.149959104000118,0,633,637,False,0.0781337991356849,0.007807732628186,0.0022062350119904
dae_clahe_L2,00011366_002.png,11366,mixed_low_risk,0.5742303133010864,1024,1024,ebfabace42146511f8ebd3699a3d4a8940efef99f51ac722429c6bbbfddca4cb,5487e46cd33edd33ec618df6036fd68972ecb1878a54f9d48f2b6b1bb8e68a91,7084faf0d9f17154bbc92c238a0a093b35e227cfb85d94b0266dc0cdc91f7e43,3.118757788000039,0,276,747,False,0.3085397183895111,0.0009400572494864,5.451309143741542e-05
dae_clahe_L2,00011925_072.png,11925,mixed_high_risk,0.7387106418609619,1024,1024,ebfabace42146511f8ebd3699a3d4a8940efef99f51ac722429c6bbbfddca4cb,a1affafb0ec07ffd6455004e846ba9c601e21e2668d0c67f217794f64bd4c545,abecd251f99b1accdc2c78bed4a6d7f70ed51398ba9f37de5b424e2be0407c24,3.395731013999466,0,303,354,False,0.0801189988851547,0.0041565589933466,0.0005668110339214
dae_clahe_L2,00012021_054.png,12021,mixed_low_risk,0.5599963665008545,1024,1024,ebfabace42146511f8ebd3699a3d4a8940efef99f51ac722429c6bbbfddca4cb,3527a98d3b71a362fbd7168bd2de459b4906f746488407cadbf328ff93c5766a,5c24a24ee40edc011b292679b8b3804808f25a1af29faf8687c43c5d2dbd1d3c,3.284545961999356,0,11,633,False,0.1358457505702972,0.0015581619355204,6.63060878460941e-05
dae_clahe_L2,00012021_081.png,12021,mixed_low_risk,0.6515764594078064,1024,1024,ebfabace42146511f8ebd3699a3d4a8940efef99f51ac722429c6bbbfddca4cb,2895d696cf5fa49b6f35309f7eee227496f5765bb2bf69452461f090e6947dd9,6f15808c01d276af80da6090776faaa230ea6f4351fdf8fc194bafc34fdc9726,3.1473801110005297,0,345,487,False,0.047907143831253,0.003581214247945,7.689941556444171e-05
dae_clahe_L2,00012364_045.png,12364,pure,0.5822510123252869,1024,1024,ebfabace42146511f8ebd3699a3d4a8940efef99f51ac722429c6bbbfddca4cb,d0aa2cdd426779786b8e0294cb8f2722ce385974f15a57ac3aaf6c857a6976e7,ee87de82a77d85cb225bb31b33fda5b12466d5f9502da5a17b4075adb72f9b86,3.161953017000087,0,70,614,False,0.076016642153263,0.0,0.0
dae_clahe_L2,00012376_010.png,12376,mixed_high_risk,0.5827307105064392,1024,1024,ebfabace42146511f8ebd3699a3d4a8940efef99f51ac722429c6bbbfddca4cb,13a633d6569e04a2aaeb6fd9134384bf3c0a4aef49b342ff15b77a605fa0529a,63bddae15827661b0d71ac56af81d50bf33db25b0c80545022226c035f2bb034,3.3818372120003914,0,340,651,False,0.1203838437795639,0.0051951556859966,0.0004245275008915
dae_clahe_L2,00012505_007.png,12505,mixed_high_risk,0.5772151947021484,1024,1024,ebfabace42146511f8ebd3699a3d4a8940efef99f51ac722429c6bbbfddca4cb,c226030ababcf3ef782773acb98bca5e26b37ce8cac1f1b2c353b62202535581,18dfe939e223f2a06d9a933b6e70b4ee16276256a15e12410a3f4142151c41c2,3.2403489920006905,0,784,322,False,0.062219351530075,0.0056881840903214,0.0005816554809843
dae_clahe_L2,00013106_000.png,13106,mixed_low_risk,0.4372261166572571,1024,1024,ebfabace42146511f8ebd3699a3d4a8940efef99f51ac722429c6bbbfddca4cb,509bf75384b1449fb276e999203b8cd0796e30ff5553720de0c952c059234790,62d8fbdefb4114f7f3ce9c94caa0ed068b41a5589bcb0e105e869315e7020f7c,3.1624990600003,0,381,742,False,0.0947024449706077,0.0,0.0
dae_clahe_L2,00013310_057.png,13310,mixed_low_risk,0.5675632953643799,1024,1024,ebfabace42146511f8ebd3699a3d4a8940efef99f51ac722429c6bbbfddca4cb,feff515a1ffe9dbc20425ab118ad0ee201ff3eec2cceac9b14388b84a8f27b47,da3fdce4502939e62cdfe4d561e2d2dfdd7a73b4ff0928e590d24adc4fce7c31,3.1537907390002147,1,304,363,False,0.4522254168987274,0.0044944076434573,0.0006123278970192
dae_clahe_L2,00013391_005.png,13391,mixed_low_risk,0.5514151453971863,1024,1024,ebfabace42146511f8ebd3699a3d4a8940efef99f51ac722429c6bbbfddca4cb,0a138fb06ab2e10a81afb8ccea8a73f0102c858cd2da00a74904b79b7d011398,bfad3af0618ed332efd46113be9687b3e4d6d71b467f66945d46ec3c09cb6f45,3.4678969029992004,0,678,482,False,0.121632345020771,0.0065167163648571,0.0008666924975018
dae_clahe_L2,00013471_029.png,13471,mixed_high_risk,0.5837780237197876,1024,1024,ebfabace42146511f8ebd3699a3d4a8940efef99f51ac722429c6bbbfddca4cb,1e7557987cb789fef489bd1cdd089e637d8d426e0bf0b377aeca54748915b9fc,97a9659152ef49b0a81cf45e57031698f9150a3005e5c95127f333928582d26b,3.2711992469994584,0,784,66,False,0.1043009832501411,0.0031073349156662,5.9000531004779045e-05
dae_clahe_L2,00013670_151.png,13670,mixed_low_risk,0.6112465262413025,1024,1024,ebfabace42146511f8ebd3699a3d4a8940efef99f51ac722429c6bbbfddca4cb,ec06044c4906116cf721256652e09520c88081589e5dab439ab5fc99db5d3323,b6e2548246a01110066d7f7f70095f268db3a82e1fdc95fb1bfdaa169f73d3a5,3.1572019129998807,1,331,354,False,0.3703863322734833,0.0012135143313902,0.0002629326158737
dae_clahe_L2,00013922_021.png,13922,pure,0.6857399940490723,1024,1024,ebfabace42146511f8ebd3699a3d4a8940efef99f51ac722429c6bbbfddca4cb,2722637065c4a9f8b22cd788944861784894e2406a8c0c57688551c147d8344e,5cc189863ef69aa8126b7b6fa11ea618cd323707a4b71cea1d738a3c4afc37e7,3.1349876149997726,0,541,637,False,0.0882688760757446,8.906079035089952e-05,0.0
dae_clahe_L2,00013922_022.png,13922,pure,0.6036421060562134,1024,1024,ebfabace42146511f8ebd3699a3d4a8940efef99f51ac722429c6bbbfddca4cb,0441699b92fbc30bde4a1083c09bfd235a6ef282cec61a9394306e907ebb5b79,196ea9d7238f2e60f4d3f7739df623c9a3ff2f9f3d95647691f3685acffd0d75,3.431843485999707,0,121,148,False,0.105562724173069,0.0078265899887705,0.0016354936929099
dae_clahe_L2,00013993_083.png,13993,mixed_high_risk,0.5880224108695984,1024,1024,ebfabace42146511f8ebd3699a3d4a8940efef99f51ac722429c6bbbfddca4cb,d18f84254a798997385c1135de195c5201811989dc386a92beeb8b2c7f7979de,04a614d3270fc2e15f6c675f2845b960b0cfb8a4f7ab34c89945f6cddabe3990,3.3175131890002376,1,697,358,False,0.1235704943537712,0.0048373328274684,0.0006132313685881
dae_clahe_L2,00014203_018.png,14203,mixed_high_risk,0.5286588072776794,1024,1024,ebfabace42146511f8ebd3699a3d4a8940efef99f51ac722429c6bbbfddca4cb,da644e1df0e4df61ef7835ce87fde335f95d4b50a517ce032fffe4ce0bc4b1be,7beac180284226102dc26a21bc04b920b7aefd16a703387b1776946daef38419,3.1249498089991903,0,450,432,False,0.0638048648834228,0.0081406624814984,0.0007483629560336
dae_clahe_L2,00014251_029.png,14251,pure,0.525858998298645,1024,1024,ebfabace42146511f8ebd3699a3d4a8940efef99f51ac722429c6bbbfddca4cb,bc27135e8641df02a1f2db961359a30b04f8fd372fa1521dd9958d7836d45010,29a94f1cff9134e52d299621f5312705ef81c2d7637c7d23a5c06fb0fb90d413,3.130798211000183,0,623,802,False,0.4501903057098388,0.0097733947802001,0.0008535529745356
dae_clahe_L2,00014617_003.png,14617,pure,0.4964887797832489,1024,1024,ebfabace42146511f8ebd3699a3d4a8940efef99f51ac722429c6bbbfddca4cb,318e85febcd98feb5c75e8cc2f02a298f81fe1772c57a77bc8931955660c4da6,b1ac92e4ab25183c4da5f32afe45f358ff834aa46bc56221d577aa584818cab6,3.151891360000264,1,500,596,False,0.0782202929258346,0.0245784676315559,0.0047246510200951
dae_clahe_L2,00014738_000.png,14738,mixed_high_risk,0.5313518047332764,1024,1024,ebfabace42146511f8ebd3699a3d4a8940efef99f51ac722429c6bbbfddca4cb,4bdc3de8285537a24c6c368fa811988544422fa190b819cdcdf9f38fcd4c60c4,e6aa30ec701fda9ee71262bc76709ea64f1d09910ffc55911ceff0523877d32a,3.4753508769999826,1,363,413,False,0.1681195795536041,0.0167262683829212,0.0016144419167828
dae_clahe_L2,00015069_001.png,15069,mixed_low_risk,0.5382391810417175,1024,1024,ebfabace42146511f8ebd3699a3d4a8940efef99f51ac722429c6bbbfddca4cb,efc9648f8b14e1464ff3a5719d9a3db49e83ada580e0da43ad662918dc04fbfd,fd08a4e111c3031a3f0a09a494ffdbcdce65da162c892daeaa9cfd35831078c9,3.14205610099998,0,52,999,False,0.353603720664978,0.0064540101293225,0.0004880030316165
dae_clahe_L2,00015732_020.png,15732,mixed_low_risk,0.6566839814186096,1024,1024,ebfabace42146511f8ebd3699a3d4a8940efef99f51ac722429c6bbbfddca4cb,9a6606b4389c5b97cdf55b2578f1b43a6847fa14eca6b5250caa072107f954b1,fb28709287492065b8139e9cf855d83729c859273c7a2f4bbc768ef36a7f2827,3.114759170999605,0,304,454,False,0.044893629848957,0.0055752536984961,0.0001316517022565
dae_clahe_L2,00015831_011.png,15831,mixed_high_risk,0.4681934118270874,1024,1024,ebfabace42146511f8ebd3699a3d4a8940efef99f51ac722429c6bbbfddca4cb,e839a6e39aed6486c3b445e6bb5d3e01f1db1255afbccee25d51ee7d61e7e6dc,6ab029e82cd6c45ad1b9c9ed58fe4ca47273bbafd56557c56afe208a1463834b,3.0848647419998088,1,742,711,False,0.1061202511191368,0.0063122283954012,0.0010788829412008
dae_clahe_L2,00016094_007.png,16094,mixed_low_risk,0.4868465065956116,1024,1024,ebfabace42146511f8ebd3699a3d4a8940efef99f51ac722429c6bbbfddca4cb,0274965249902111558921453a842013aa2dfa70c8306d1597b70f02969afe8d,7ec99d3e9d4c565209249f7ada695550f5ae65604b955834754b58251f4a304c,3.3857536499999696,0,102,701,False,0.0184878204017877,0.0003221822477581,0.0
dae_clahe_L2,00016191_004.png,16191,mixed_high_risk,0.483511209487915,1024,1024,ebfabace42146511f8ebd3699a3d4a8940efef99f51ac722429c6bbbfddca4cb,7a599f2be53bc5925f38a40dfb5b91084944fb0e5cf90c71d0a04b98dcd2274c,3ae28259c4c51f92a646ad117ba5b18c2e236cb3a143136fa9ea551b60613623,3.207450552000409,0,267,779,False,0.037937007844448,0.0026030710980227,0.0001168190181361
dae_clahe_L2,00016417_008.png,16417,mixed_high_risk,0.5022475123405457,1024,1024,ebfabace42146511f8ebd3699a3d4a8940efef99f51ac722429c6bbbfddca4cb,84db5a3f33a1d917b4444e22e01f50ddc2ad3f63696477df059cf20262ae0ab3,9571a7f7065d82e970912fefe1b03cbab76f16e6926078f432150ce0f53d7cfb,3.13702922199991,0,820,43,False,0.0481245629489421,0.0001498255602405,0.0
dae_clahe_L2,00016705_006.png,16705,mixed_low_risk,0.6210325360298157,1024,1024,ebfabace42146511f8ebd3699a3d4a8940efef99f51ac722429c6bbbfddca4cb,ee7947237b5bdfa94fac8e977aa6d75536b62bd5d1044590b7b46b96b1998f2b,5057a6b645b41b50cdfd7c0bea9a62d323df76c221e58fcb51e5ecf1f2a3de58,3.226184830999955,0,514,437,False,0.0517338328063488,0.0233515396184595,0.002758501788716
dae_clahe_L2,00016732_040.png,16732,mixed_high_risk,0.5566277503967285,1024,1024,ebfabace42146511f8ebd3699a3d4a8940efef99f51ac722429c6bbbfddca4cb,3c7554212a2d9ef464bea1b483e7ea0a68518ad4106cfb00aacbf15e53b0f196,f072aa22c5e1a4ef212ce86ee169db41fb999689680b145947e77e96b6a55502,3.4627527689999624,1,249,706,False,0.0550024099647998,0.0065834501189583,0.0022372858717066
dae_clahe_L2,00016786_001.png,16786,mixed_low_risk,0.4788582324981689,1024,1024,ebfabace42146511f8ebd3699a3d4a8940efef99f51ac722429c6bbbfddca4cb,3656a2c73f482414eaf3aa74cf2046a0ef3d4ceaaa6de82391029ea4636fa050,753ad3b210278551f8bb439439b78ebc4453d60684b2c8f86a82cf5b91369529,3.23690179300047,0,20,857,False,0.1247607395052909,0.001160403463358,1.8042399639152006e-05
dae_clahe_L2,00016786_009.png,16786,mixed_low_risk,0.5587798953056335,1024,1024,ebfabace42146511f8ebd3699a3d4a8940efef99f51ac722429c6bbbfddca4cb,f78fe106fe7b34921e0576d06b48bbd4e66137515c01b2285595696d8d4a688e,4030fb64e2a2db63fbf9a2fb3d2a8a4218efd923ef2a7166f23491833805625a,3.154475242999979,0,738,345,False,0.1439508944749832,0.0031611107750015,0.0004849954531676
dae_clahe_L2,00017083_002.png,17083,mixed_high_risk,0.5210281014442444,1024,1024,ebfabace42146511f8ebd3699a3d4a8940efef99f51ac722429c6bbbfddca4cb,e9cb8ebd5eb13ab080e7b702aa9710bbaa3f76bb945fcf085becc8ce737844f5,31e898bac75426c56deb266499d3fb26ea2b4511bff97d4f6e2a01d3d014a235,3.2405540620002284,0,962,683,False,0.0414594709873199,0.0011302855989504,0.0
dae_clahe_L2,00017138_037.png,17138,mixed_high_risk,0.5852004885673523,1024,1024,ebfabace42146511f8ebd3699a3d4a8940efef99f51ac722429c6bbbfddca4cb,8151c2258bf2f3e6816bf5f0c68f746c0c82990f4297c8b0065a4d8b4241c9be,428cee79c51dd3ceeaaf12018a40a5aef740391734ca534165d3a77bf5862e3d,3.3825827370001207,0,313,70,False,0.114948570728302,0.0004532452358889,0.0
dae_clahe_L2,00017544_003.png,17544,mixed_low_risk,0.5225304961204529,1024,1024,ebfabace42146511f8ebd3699a3d4a8940efef99f51ac722429c6bbbfddca4cb,eea9b01bbc21d7f42d1091e87944f0e2da6ed95e2df150e01fc5996d4e458fcb,04c48d402055e586fe6462f9aad192fdcbf2b128534733dc7064d2c9014b2955,3.30419744899973,0,230,738,False,0.1646297574043274,0.0009778357235984,3.526155256615949e-05
dae_clahe_L2,00017714_009.png,17714,pure,0.5970519185066223,1024,1024,ebfabace42146511f8ebd3699a3d4a8940efef99f51ac722429c6bbbfddca4cb,cb0117404f4656e6f0f8ab62d198879561eb909133df7fe4ef1d6b5616e1dae1,75433a68da24040a7a81cf8c873c50cef34f1152a696b52404f03d70d5035096,3.1826595700003963,0,29,916,False,0.0426868759095668,0.0070254416479094,0.0002914389799635
dae_clahe_L2,00017972_032.png,17972,mixed_low_risk,0.5317147374153137,1024,1024,ebfabace42146511f8ebd3699a3d4a8940efef99f51ac722429c6bbbfddca4cb,dde9032bd25bbe5e72e18f4aefa367cb439667b5aa91a3dc855a9ef70bcc80b3,11f91f067253d8eab7d79fde497a20b7b02b4d0ef64b27367ca77b8e5cdb9801,3.168430094000541,0,665,285,False,0.1065784022212028,0.0008248357126671,9.187123327943554e-06
dae_clahe_L2,00017981_014.png,17981,pure,0.5565832853317261,1024,1024,ebfabace42146511f8ebd3699a3d4a8940efef99f51ac722429c6bbbfddca4cb,44020a642aa810aaac9658a4d6a3781dfc979cda659a3ae80d2d182b9306cff9,bc6ee72c82a45bb9e22b1df406f81ebdade6aaa0484808efd5f7c23c31bef6e8,3.3425579999993715,0,491,697,False,0.0242733098566532,0.0,0.0
dae_clahe_L2,00018253_054.png,18253,mixed_high_risk,0.5964274406433105,1024,1024,ebfabace42146511f8ebd3699a3d4a8940efef99f51ac722429c6bbbfddca4cb,20250c3ce8313174e65f23077c37f1e7c83fa54fae50f98e73a1ec5f22b1e043,d44de7239de5b455192e7aaa7b2722bef5eea95ef6c726b922333cad206423a2,3.324848641000244,0,322,455,False,0.0628392696380615,0.017263025737602,0.0030118917796126
dae_clahe_L2,00018253_059.png,18253,mixed_high_risk,0.5594333410263062,1024,1024,ebfabace42146511f8ebd3699a3d4a8940efef99f51ac722429c6bbbfddca4cb,ee0972defeb259528441c5acd5fc2adab9ec28d49ac1782a520d3e00139412e2,17ea7529ab9b2f344e15a7af4666f6e56356c8e9b238bf1ae5105e9476965b6b,3.228521306999937,0,742,601,False,0.0862764567136764,0.0054463579382948,0.0009415900317001
dae_clahe_L2,00018393_000.png,18393,mixed_low_risk,0.5126481652259827,1024,1024,ebfabace42146511f8ebd3699a3d4a8940efef99f51ac722429c6bbbfddca4cb,8ba9f3ef6cdc11f7a36ef4003a8a49f39b5457c9f832ab3c8cee6ee131c0ea70,c3d2c911702d6adae10b4518b867c2446300f1d846b91f20c7640b8e456884f7,3.172689533999801,0,600,674,False,0.0559868738055229,0.0051975051975051,0.0001121704991587
dae_clahe_L2,00018721_010.png,18721,pure,0.4900915026664734,1024,1024,ebfabace42146511f8ebd3699a3d4a8940efef99f51ac722429c6bbbfddca4cb,8eb93fe0c2b2507fdfd08cd5842e4ac7e0d1c1e6f67c0bf1f83f677943991a51,68197d317f08df6c6c2d7e4808d93e467aeb4604eb7decc862f00435a6a97370,3.117477621999569,0,486,464,False,0.0884218513965606,0.0085449355398421,0.0010552773460734
dae_clahe_L2,00018921_038.png,18921,mixed_low_risk,0.595299243927002,1024,1024,ebfabace42146511f8ebd3699a3d4a8940efef99f51ac722429c6bbbfddca4cb,ccbca8f9e491929526e38f76bcf1d2eacbee9baa8a0f1a6862ebc7132269f01d,1ba09a0a7f59416530e90e888b913b605274b973d22ea39f85690a903f7cced1,3.5011177510004927,0,185,564,False,0.0827902480959892,0.0005695678806701,3.259204536812715e-05
dae_clahe_L2,00019018_007.png,19018,mixed_high_risk,0.5344985723495483,1024,1024,ebfabace42146511f8ebd3699a3d4a8940efef99f51ac722429c6bbbfddca4cb,d5159ed7ec5f3cc56c26d6c503dd72667ae96e0c8563ac459d8127d588842930,36ffba75448292cd3dc808afa7f65ebb43211b004aa797a58a1887018554eea1,3.2319207990003638,1,733,473,False,0.3575708270072937,0.0070523235788367,0.0006503473764077
dae_clahe_L2,00019150_002.png,19150,mixed_low_risk,0.5395071506500244,1024,1024,ebfabace42146511f8ebd3699a3d4a8940efef99f51ac722429c6bbbfddca4cb,53f7aaceffee04d3fd3e50d18492da25214f54ff343b20914312bea2796de899,5b559758071f6f3d8a1276add9d23954b8ad855dd45eaeede64125e55e8b309b,3.126440148000256,0,468,583,False,0.1481459438800811,0.0046289981586305,0.0004310381986051
dae_clahe_L2,00019363_043.png,19363,pure,0.4928429126739502,1024,1024,ebfabace42146511f8ebd3699a3d4a8940efef99f51ac722429c6bbbfddca4cb,e794fe0ffdebd7690d41713532b427851fd453395f6bc9dfacb1d93ea2c48746,b81c10ca3d85206a761dd21473092117452b7885f6639137834df396355aa1aa,3.132359784000073,0,742,509,False,0.0710772052407264,0.0059980006664445,0.0005072767982087
dae_clahe_L2,00019625_002.png,19625,mixed_high_risk,0.5569012761116028,1024,1024,ebfabace42146511f8ebd3699a3d4a8940efef99f51ac722429c6bbbfddca4cb,50ede0ece2cfec8bd863e591c155485a651ed14dfbd6ac5c4496fdc752844e38,e2369c333ebf8f6ba6bd8e7856ad93358ae4dbd0eb891bab15e442e7075fa559,3.3731158290001986,1,729,377,False,0.3400039672851562,0.0015560454217068,0.0002149852105001
dae_clahe_L2,00019634_004.png,19634,mixed_low_risk,0.5254271030426025,1024,1024,ebfabace42146511f8ebd3699a3d4a8940efef99f51ac722429c6bbbfddca4cb,1c821a2b156779fe1ec1729605b8aaa0b303a7bd15caf3c9e77e731c3e132648,b344588d77e10ff444d96292e44661b480a528315ac6209a3e6190ceb7be3c9d,3.2126304280000118,0,6,1017,False,0.0504060946404933,1.7333726231127906e-05,0.0
dae_clahe_L2,00019646_006.png,19646,mixed_high_risk,0.5271584391593933,1024,1024,ebfabace42146511f8ebd3699a3d4a8940efef99f51ac722429c6bbbfddca4cb,46fe839c959845826a93a09abb3967c4b902b81615fe962c6695420d0220b57f,06bd24f9c9a85da6930c83bf1ee7895e43f95b333261af1219e769fca153e327,3.219989377999809,0,308,628,False,0.0561027191579341,0.0006347572482415,0.0
dae_clahe_L2,00019706_012.png,19706,mixed_high_risk,0.5223904252052307,1024,1024,ebfabace42146511f8ebd3699a3d4a8940efef99f51ac722429c6bbbfddca4cb,7fa84cfe955e9dacf7e13e1cb0290d404cf14ff7ac4ed85bfb4ed3691528654c,af68741841b51e61bd4676240542013111d4995acd4e2c1158e6ae6d3f7cf03d,3.1129132869991736,0,706,747,False,0.0321877896785736,0.005528134254689,0.0009397436379355
dae_clahe_L2,00019750_012.png,19750,mixed_high_risk,0.6344837546348572,1024,1024,ebfabace42146511f8ebd3699a3d4a8940efef99f51ac722429c6bbbfddca4cb,b4ce8d12b762ceeb1412581926fb04af04d30918af29823fbd1e893239e3f609,e07cea2546a8edadb2f8738a635e99e188bb34932d129517b5d49cea49db3e46,3.401970144000188,1,295,505,False,0.3736912310123443,0.0064853242821642,0.0006279314145116
dae_clahe_L2,00019750_029.png,19750,mixed_high_risk,0.569678783416748,1024,1024,ebfabace42146511f8ebd3699a3d4a8940efef99f51ac722429c6bbbfddca4cb,4ed61a2aa6f90ab1c934f5452d531733ace890081d12b6a4ba86059490abae47,5354b214889e468bcc9fb77773435b01e335375b612dc5e52dc12f310faf844e,3.258773704000305,0,802,724,False,0.0534504577517509,0.0007356547327121,0.0
dae_clahe_L2,00019769_014.png,19769,mixed_low_risk,0.5439416766166687,1024,1024,ebfabace42146511f8ebd3699a3d4a8940efef99f51ac722429c6bbbfddca4cb,972f8de4ca075cec9b417e64ff96447421eff93f5227dbb9cab6f7ae7465c323,35ada66f97ce21e0c9670de9fa0747b996a2da67493dcc02a547cace1f4fef74,3.148021639000035,0,473,582,False,0.0385173745453357,0.0,0.0
dae_clahe_L2,00020113_030.png,20113,mixed_high_risk,0.502269983291626,1024,1024,ebfabace42146511f8ebd3699a3d4a8940efef99f51ac722429c6bbbfddca4cb,4c0c6e0794ec9a13917669b431c6d9c6bc2baa503b5a3090c837fb2c75bbd825,c8b48b30863a0e12a5e2f0ba005f8dc7297f78dda47123f6f13bba092b79e895,3.1424833829996714,1,317,454,False,0.0325294062495231,0.0196259287727389,0.0043110783368313
dae_clahe_L2,00020184_013.png,20184,mixed_high_risk,0.5149849653244019,1024,1024,ebfabace42146511f8ebd3699a3d4a8940efef99f51ac722429c6bbbfddca4cb,0332b023f837993b054b3ad6be13b763e5addb054b05a9035a7d342c9ded6354,0c8cb717c18495082f5cf2d2dd3f36efbf1637da9153351eb99431d9276fe73a,3.432927836999625,0,729,651,False,0.0809020176529884,0.0050251256281407,0.0003094165778526
dae_clahe_L2,00020259_002.png,20259,mixed_low_risk,0.5559351444244385,1024,1024,ebfabace42146511f8ebd3699a3d4a8940efef99f51ac722429c6bbbfddca4cb,eee3676808cbfeca1f7734f6af87f503e71c9fd31b360f7e84477e9e9db35654,ae0f8b6812ae6d2cc9bec2432b5efd5ee5e229d32437697c76164d47b44105b8,3.2035271880004075,0,413,724,False,0.0742242261767387,0.0078695578327577,0.0007553770921957
dae_clahe_L2,00020405_041.png,20405,mixed_high_risk,0.5170963406562805,1024,1024,ebfabace42146511f8ebd3699a3d4a8940efef99f51ac722429c6bbbfddca4cb,63765f7d1702bb0a5374485d7492abe4b47917e4ac6b338f0843258566335c39,19d4a5cbb5bc485ce59ad6eb7970fba5b040861ef4f48f307ad80a9319fafb83,3.120783507999477,1,784,784,False,0.1548730134963989,0.0067228045381384,0.0009819869861926
dae_clahe_L2,00020482_011.png,20482,mixed_low_risk,0.5605195164680481,1024,1024,ebfabace42146511f8ebd3699a3d4a8940efef99f51ac722429c6bbbfddca4cb,80281c65e17a94f89d00c318166918f0e82a3febe97ed2e44fb2b96c1dc1eb61,3972379f0c327c5f3c562531841eac231fd70af2f302d07c65837d4e837bb82d,3.1249127549999685,0,688,422,False,0.0652689188718795,0.0029913408554185,0.0002172810893025
dae_clahe_L2,00020482_032.png,20482,mixed_high_risk,0.6815381050109863,1024,1024,ebfabace42146511f8ebd3699a3d4a8940efef99f51ac722429c6bbbfddca4cb,d410b2a739aba6fbcc6efdf90070a8361459b962de10ff4d721489b9e9230a62,aaeb48cadf1db3d4f1956fa8bd086c346907213e9920e16d4c1cc37501cfa34c,3.4013532219996705,0,820,711,False,0.0947171077132225,0.019631691381703,0.0043949507633335
dae_clahe_L2,00021009_001.png,21009,mixed_high_risk,0.4881018400192261,1024,1024,ebfabace42146511f8ebd3699a3d4a8940efef99f51ac722429c6bbbfddca4cb,f6f63797fce1229c657a11343be09a9464bcccfcd2e2192e0f891b7ec7ee6d36,3282ee94be7a3c8154af96dfeb5a4ed757b25ea3de3b6aabf1767a0c306be613,3.361906361000365,1,263,66,False,0.3677079379558563,0.0036295882668003,0.0003974846939796
dae_clahe_L2,00021201_010.png,21201,mixed_high_risk,0.4883252382278442,1024,1024,ebfabace42146511f8ebd3699a3d4a8940efef99f51ac722429c6bbbfddca4cb,a9c46d5fda214e97b8337fdb54a7166fbf0eace8aac18534beeef6fec50bb83a,d734101328717dcb17580da82d3873388fe1fa256cb275d7a47539f798cf1236,3.1139479820003544,1,765,331,False,0.1128143817186355,0.0086808616558976,0.0012766500702157
dae_clahe_L2,00021703_001.png,21703,mixed_high_risk,0.5412158370018005,1024,1024,ebfabace42146511f8ebd3699a3d4a8940efef99f51ac722429c6bbbfddca4cb,6cd2447c2b91c5ee8b5be5df27f97b561ee2bd057c8c04f09a22d802cc8a1c2a,c231743d59ade908a1cd38b1c8924a64b853bd2a27bb8c79382c1e23a1f02ee4,3.1806729609998,0,688,450,False,0.0089559936895966,0.0,0.0
dae_clahe_L2,00021710_003.png,21710,pure,0.5388458371162415,1024,1024,ebfabace42146511f8ebd3699a3d4a8940efef99f51ac722429c6bbbfddca4cb,939ffc5cc6f59fe263e08929403488d12894e4ef0485d9ba86decf9013c3f639,07200eae57b599c80d845073a53937e9de6274557f334a07a8350540b743b826,3.105406277999464,0,605,386,False,0.0505368076264858,0.0050891893281241,0.0008653921800015
dae_clahe_L2,00021840_016.png,21840,mixed_high_risk,0.5029339790344238,1024,1024,ebfabace42146511f8ebd3699a3d4a8940efef99f51ac722429c6bbbfddca4cb,e0f224b288ebd2c21b568fe65d7fa0774e44c0b42290572ad2b2614b10c37bc6,a3d22dbeb413a6ad9c9f23ef83a4d7c1a7d8278689f988617f7b52e314877abc,3.492554483999811,0,825,395,False,0.0492318458855152,0.0029675674726509,0.0001735977162255
dae_clahe_L2,00021926_007.png,21926,pure,0.5123236179351807,1024,1024,ebfabace42146511f8ebd3699a3d4a8940efef99f51ac722429c6bbbfddca4cb,ec41f7c5dc89d22db8b45b08f76d6e66194717779b249639171fa257bd6f79b0,73dfad4ef370d7e6a7179d011c7aa1762381a3b7f673ec26bd340bb386da1489,3.137118335000196,0,359,628,False,0.0192960929125547,0.0,0.0
dae_clahe_L2,00022369_013.png,22369,mixed_high_risk,0.5066608190536499,1024,1024,ebfabace42146511f8ebd3699a3d4a8940efef99f51ac722429c6bbbfddca4cb,85d6edbd8bb5f8071ede1413bf640f35ccdca0df07b96d74a95b57905ff287cb,5843bbb1df49625993f01147b9f08e2ecfb1ba7e9704a3075c09b7ef29ae3162,3.162153885000407,1,733,450,False,0.1215988621115684,0.0125112913982761,0.0020814642024044
dae_clahe_L2,00022416_048.png,22416,mixed_high_risk,0.5396813750267029,1024,1024,ebfabace42146511f8ebd3699a3d4a8940efef99f51ac722429c6bbbfddca4cb,e9161df8d78f654655faedefc2328f84a0489b8227d9a8e7f82c2bb28cb93d9b,07a60b6691d6eda10c9036d3a0895691abfc59c60a29d33ae79758adbb6f2300,3.146241588000521,0,706,103,False,0.361296534538269,0.001676718453766,0.000259602552149
dae_clahe_L2,00022470_006.png,22470,mixed_low_risk,0.5362254977226257,1024,1024,ebfabace42146511f8ebd3699a3d4a8940efef99f51ac722429c6bbbfddca4cb,c7d70150a077dc5fe43dece62b5495d3cd50aa7bc6de751acec768f9164cf9a4,790f766c8b636c240b830734c109a103a582fc5f65e308d7c63b5cb97d2e8d5a,3.3969782990006934,1,271,523,False,0.5088497996330261,0.0012823464357869,0.0002130315028404
dae_clahe_L2,00022727_000.png,22727,mixed_low_risk,0.4929132759571075,1024,1024,ebfabace42146511f8ebd3699a3d4a8940efef99f51ac722429c6bbbfddca4cb,f73b8be4f914dc7b1d180aa9267032d53800defc62b59c5351626d20484f8d56,a12863094fcb35d2a1df969ce6f4d5d1e90fd29f76008e64a14da8860a48dfc2,3.209711102000256,0,326,633,False,0.3120725750923157,0.002787821910624,0.0002186596510469
dae_clahe_L2,00022899_014.png,22899,mixed_high_risk,0.6551553606987,1024,1024,ebfabace42146511f8ebd3699a3d4a8940efef99f51ac722429c6bbbfddca4cb,2bf843fd9f78ce7c0d9dc2cfc6679ac864ad5df2572a362771c956a06f80ed95,37b4315b450996338b62ffaec18420409c286a0d5c275db1b361258a68815a31,3.1249647940003342,0,528,194,False,0.0492636412382125,3.176754627472574e-05,0.0
dae_clahe_L2,00023026_008.png,23026,mixed_low_risk,0.4709510207176208,1024,1024,ebfabace42146511f8ebd3699a3d4a8940efef99f51ac722429c6bbbfddca4cb,8de6f52282c11d8070091e12e64c6114ccc5cd48f3156a03f816bd557d717baf,ecb2a76e6aa837bf2f26f22982d813226a109c401b7ab18704cf055afaf6d878,3.2512719830001515,0,834,47,False,0.2985753417015075,0.0009403958115404,6.702271011619622e-05
dae_clahe_L2,00025521_003.png,25521,mixed_high_risk,0.552574872970581,1024,1024,ebfabace42146511f8ebd3699a3d4a8940efef99f51ac722429c6bbbfddca4cb,b81b525eb981fa6bd4aa15a57b3462133ac25bd3d2b1197ac94a07062e4da215,63ebc265a5ddf8222617d5dd61a2656ae0f091c434923c6aa28b7ba347a04bcc,3.4336867399997573,0,642,911,False,0.0535457842051982,0.0056775973681417,0.0001408133378393
dae_clahe_L2,00025787_027.png,25787,mixed_high_risk,0.5976420640945435,1024,1024,ebfabace42146511f8ebd3699a3d4a8940efef99f51ac722429c6bbbfddca4cb,a0a71938d2624878c29104e438524b79fd5d03057251d1fe9da3c2c8ce704932,172632848826dd33317f50968c985d34d285fedf81ba8b26d6c4094fe21a7f74,3.225881849999496,0,582,16,False,0.0878966376185417,4.940809106899346e-05,0.0
dae_clahe_L2,00026098_003.png,26098,mixed_high_risk,0.6618818640708923,1024,1024,ebfabace42146511f8ebd3699a3d4a8940efef99f51ac722429c6bbbfddca4cb,5e75375ae35c0bb2c9ef0567750522c5a0671d30e0ba783ac0df02fca145a0b3,0983973feddeac975958a718bdc0fb771293c09c1481023efe76dc7dca542565,3.126792195000234,0,290,294,False,0.0359123758971691,0.0,0.0
dae_clahe_L2,00026194_010.png,26194,mixed_high_risk,0.5727471709251404,1024,1024,ebfabace42146511f8ebd3699a3d4a8940efef99f51ac722429c6bbbfddca4cb,266a1046ec1ede07cbe712a169993a32b0bd8c1d22404f87316e11e19f3ea58e,62983d775e22916725b87dbc82824cd866ebfd46c65c01482350e3074571640d,3.118839331000345,0,633,304,False,0.0170204415917396,0.0,0.0
dae_clahe_L2,00026538_012.png,26538,pure,0.5772492289543152,1024,1024,ebfabace42146511f8ebd3699a3d4a8940efef99f51ac722429c6bbbfddca4cb,bf0dd47b4c9c33590527384050eee0171dd7140c0a62d210e27c01642ef4ee46,0fb37242a0907c0f4f721bc97ebce753951bc9f9f7f5e39ff1b0357f09ce5db4,3.4131432560006942,0,875,546,False,0.0762316063046455,0.0183299926152547,0.002272789506832
dae_clahe_L2,00026538_034.png,26538,mixed_high_risk,0.558053731918335,1024,1024,ebfabace42146511f8ebd3699a3d4a8940efef99f51ac722429c6bbbfddca4cb,ad12247faf9352bd7b4deb976a6526291426be3e57a9307f78d18e47b6e08118,adcc75d481acc498aa01a88b58c62607483781c34561329e073e79d1b6e19d3e,3.2329363990002093,0,377,436,False,0.051408052444458,0.0024113762873819,0.0002612516328227
dae_clahe_L2,00026865_003.png,26865,pure,0.4625495374202728,1024,1024,ebfabace42146511f8ebd3699a3d4a8940efef99f51ac722429c6bbbfddca4cb,b450afb5b9a961ce9830a0abe2b27268e5055ec5170b7b1f9b8564c3fdbef0ac,444f420816f533f728715bbd69de9c199f3f9ccda6fc8e81dac2ea6fc7e2e2bf,3.1007016160001517,0,824,25,False,0.0483796596527099,0.0010310796877301,0.0
dae_clahe_L2,00026911_000.png,26911,mixed_high_risk,0.4848730862140655,1024,1024,ebfabace42146511f8ebd3699a3d4a8940efef99f51ac722429c6bbbfddca4cb,0525814f5f6e3292997dc200769e19bbe3de74d22f095584e5ad48e85f87b82e,1220430bcfda9cad3b75cb31c97acecb90caa0cb5f56a8843bc6643481485bde,3.1501287210003284,1,701,372,False,0.1119862794876098,0.023657187423273,0.0030922966776851
dae_clahe_L2,00027113_002.png,27113,mixed_low_risk,0.5337340831756592,1024,1024,ebfabace42146511f8ebd3699a3d4a8940efef99f51ac722429c6bbbfddca4cb,48d4ae54d7eeb30003cf4f84301760aa7befd008af233a276cbb2d5d4883e451,23776bcc24c00db6599a24c13472e7bba2a0b04d9a251fff87ff3a3b0c0d9e7a,3.400879193000037,0,20,669,False,0.1077776774764061,0.00188479437282,0.0001690432154008
dae_clahe_L2,00027357_014.png,27357,mixed_high_risk,0.5251569151878357,1024,1024,ebfabace42146511f8ebd3699a3d4a8940efef99f51ac722429c6bbbfddca4cb,3b2854ed426eb5ea4ad0700a26e709f3ad5e58bb7c33b1ae0fce5cd085898432,eed3fb91517d03db6a10b7abf2a947d752c10913c549d88556cfc13282862056,3.3613823770001545,0,413,637,False,0.0428818501532077,0.0079222769210706,0.0004384682841274
dae_clahe_L2,00027441_002.png,27441,mixed_high_risk,0.617507815361023,1024,1024,ebfabace42146511f8ebd3699a3d4a8940efef99f51ac722429c6bbbfddca4cb,bf3fc38772a2f788d1eeb0bca74179c245a60ec2aab4319cf2898345b8ef7de6,acc66618677af22e7fd77443e575b223552974b899a6c9b9d1ea6a9b1256b161,3.211775550000312,0,541,427,False,0.1037260890007019,0.0086059783107327,0.0009473918858671
dae_clahe_L2,00027479_013.png,27479,mixed_high_risk,0.5316007137298584,1024,1024,ebfabace42146511f8ebd3699a3d4a8940efef99f51ac722429c6bbbfddca4cb,6f28a24372f3770c0d472742763ea7e7ab055bca3fd845db6bef2192877998b9,8e70a3e142c06017794a14b312f88bd3f59b14c735fde987b632d88e817f2df0,3.189488748000258,1,665,267,False,0.3847248256206512,0.0041377071435949,0.000467780853552
dae_clahe_L2,00027927_008.png,27927,mixed_low_risk,0.53297358751297,1024,1024,ebfabace42146511f8ebd3699a3d4a8940efef99f51ac722429c6bbbfddca4cb,1f69e730b84c552e815acbcab3748e460bdd7d5ec10607b6758f66f6361fbb57,84aea955505547ef23f4f39284781c0065a21806ff08b1408358f8e63d549664,3.2024921689999246,0,322,528,False,0.0418593399226665,0.0005096049453836,0.0
dae_clahe_L2,00028208_005.png,28208,mixed_low_risk,0.5399020314216614,1024,1024,ebfabace42146511f8ebd3699a3d4a8940efef99f51ac722429c6bbbfddca4cb,93de401eca5ac61d0c42411d35679f536083fd797339091e99a3a3b9c7c1d8e0,576a1b935b5d380ddc84ef32d1d9a883fe4e0258a8ef105d2f7908aacd8228d0,3.4948516820004443,1,285,436,False,0.3181310296058655,0.0028080636494427,0.0003970548283956
dae_clahe_L2,00028285_014.png,28285,mixed_high_risk,0.5528907775878906,1024,1024,ebfabace42146511f8ebd3699a3d4a8940efef99f51ac722429c6bbbfddca4cb,d9f9c3e1dc303b0f12432a7f3c9723950a89b5e1a1f098e8b265d6da2c1ec336,70c0bc613b7542d2254629c970bd9c7e6ba19386cf8534424b392996fdf6f06c,3.162853140000152,1,747,491,False,0.1201680824160575,0.0035970385546656,0.0005182140459561
dae_clahe_L2,00028383_002.png,28383,mixed_high_risk,0.5878498554229736,1024,1024,ebfabace42146511f8ebd3699a3d4a8940efef99f51ac722429c6bbbfddca4cb,4bb9bf604d848dcee5b92019234503994ec077632a293fa5704bba2251e722a4,e5749a532a49b3ccf51fc559f53aff67f99841dd30213d52741d65f9f0e97ac6,3.195031262000157,0,546,706,False,0.1401826292276382,0.0,0.0
dae_clahe_L2,00028518_012.png,28518,mixed_high_risk,0.6506338715553284,1024,1024,ebfabace42146511f8ebd3699a3d4a8940efef99f51ac722429c6bbbfddca4cb,4ebf35ff61c66a36318c6bb3c79e7221a37b83ae67045ed90a28211815d9619c,44b6f4827c24d80c4717934d98c7d5faed8952d6ce5dd6df77592ddc62970c1b,3.165940357999716,0,450,816,False,0.2405293881893158,0.004589158567642,0.0004503773219307
dae_clahe_L2,00028640_003.png,28640,mixed_high_risk,0.6555852293968201,1024,1024,ebfabace42146511f8ebd3699a3d4a8940efef99f51ac722429c6bbbfddca4cb,2a56d1ca2e8f77c9058e279309ae0247727b968967c1312ee7181563d292236a,7e8d5198cb71e3984e6df42bc2acd9423cd121e52b112a8c4f7e9f3b9dcb1672,3.351742008999281,1,706,532,False,0.0317040458321571,0.0043519888589085,0.0008378858464322
dae_clahe_L2,00028640_008.png,28640,mixed_high_risk,0.569629430770874,1024,1024,ebfabace42146511f8ebd3699a3d4a8940efef99f51ac722429c6bbbfddca4cb,c62e86f6ac5fe8cd4687ae384a21d5f475ee88fa4f4bd38f061ee8b290f8114b,6a080b3ec5a16437197a243449b440e50b0d31760d62cce785a68a9a6df72bcd,3.224329686000601,0,514,706,False,0.0381726063787937,2.2878059940517044e-05,0.0
dae_clahe_L2,00029039_020.png,29039,mixed_low_risk,0.5015271306037903,1024,1024,ebfabace42146511f8ebd3699a3d4a8940efef99f51ac722429c6bbbfddca4cb,92350b14c02714a879ed86792d1bd476663a2e7f1eb40fba14833ad6ff15496a,0443c9abaf934460fc2756046b6ae7c46e33dcdefc8146927765cb7b4a0a76b1,3.201143168999806,0,376,843,False,0.3767833709716797,8.038972940817081e-06,0.0
dae_clahe_L2,00029404_004.png,29404,mixed_high_risk,0.606998085975647,1024,1024,ebfabace42146511f8ebd3699a3d4a8940efef99f51ac722429c6bbbfddca4cb,6cf4faa7ccb57aabde645fa7173f3602f7dd042d0570c0985ac00520bc1a4fd4,c76b326738e5e54fad8c3202c6489a907f8fe81a26bb0f018d6d458f7a87b676,3.167540383999949,1,761,473,False,0.0777982845902443,0.0069421969059486,0.0013765652209967
dae_clahe_L2,00029431_000.png,29431,mixed_low_risk,0.4702430665493011,1024,1024,ebfabace42146511f8ebd3699a3d4a8940efef99f51ac722429c6bbbfddca4cb,f26f2422623810bde29d05b224498cfdbc1823b5670975077a7b21f419b31ebc,6991c1be09b94646dd5ee7b3a47b7a687f85e497e6f479402083affff20a214c,3.457615708999583,0,505,358,False,0.0972224026918411,0.0003417696472577,5.572531136517725e-05
dae_clahe_L2,00029532_014.png,29532,mixed_low_risk,0.4859843552112579,1024,1024,ebfabace42146511f8ebd3699a3d4a8940efef99f51ac722429c6bbbfddca4cb,5d667498a069e65212b89c0c88c7033328b2fa2e19b339637c8d4ddd3e721e89,ab9818b41de406ee419eaac06a186aea2eb9b0ea008ad9b4367072ff9ec84ebd,3.228547257999708,0,253,541,False,0.0861673951148986,0.0028308086339663,0.0001026535954421
dae_clahe_L2,00029617_006.png,29617,mixed_high_risk,0.5810925364494324,1024,1024,ebfabace42146511f8ebd3699a3d4a8940efef99f51ac722429c6bbbfddca4cb,2275eb67aa1ed8d08ec38d6a3817c9051e5f2c556b00954ab20913b169993668,f149f83353445eacdfa51013f69c4474a9d0985b94aceec649301facb48d88e2,3.183170610999696,0,418,349,False,0.0418988093733787,0.000767931193365,0.0
dae_clahe_L2,00029861_013.png,29861,mixed_low_risk,0.5539242625236511,1024,1024,ebfabace42146511f8ebd3699a3d4a8940efef99f51ac722429c6bbbfddca4cb,c73dfb346baf417da57b78c0a046ed24fdb78dd511be8c562297dc43772fff85,aa8646b02346802fa6a623a37313a439b778980ce608decc1ba72d0b47a709f4,3.167374947999633,1,697,399,False,0.4162405133247375,0.0008082282853828,0.0001368836163347
dae_clahe_L2,00030323_028.png,30323,pure,0.6703959107398987,1024,1024,ebfabace42146511f8ebd3699a3d4a8940efef99f51ac722429c6bbbfddca4cb,b411fc8371602335f7216d0849c04b14aac464b525e2a23c6c7e4a3fcbcf5e6a,c315dbda9824d199d3cf26d9c4542aee60ab2dfd04b36f884cccfe7f081684d5,3.3649592750007287,0,326,331,False,0.1055765226483345,0.0028649513191198,0.0003413321479317
dae_clahe_L2,00030408_013.png,30408,mixed_high_risk,0.6676198244094849,1024,1024,ebfabace42146511f8ebd3699a3d4a8940efef99f51ac722429c6bbbfddca4cb,2cddb1b8b1263758d6d675db15fc3268cd966cc6f359c767dd6da94d5889c4ab,7813de325718f01c9da36fd488d8864e08992491affd84574b1d2e61ee3a166d,3.192019695000454,0,564,400,False,0.0312850810587406,0.0020007469455263,5.883910446882999e-05
dae_clahe_L2,00030573_002.png,30573,mixed_low_risk,0.6048316359519958,1024,1024,ebfabace42146511f8ebd3699a3d4a8940efef99f51ac722429c6bbbfddca4cb,5abe79bff42e7c18ec35df6c3b9be4e642e86e310e288e3276c6a656dbfd925e,8dd11c458af3b75faf9b37935423a739c74d08bcf84c59594962d310be6580ee,3.2070247270003165,0,345,345,False,0.0325983576476573,0.0001344176355937,0.0
dae_clahe_L2,00030636_004.png,30636,mixed_high_risk,0.5873095393180847,1024,1024,ebfabace42146511f8ebd3699a3d4a8940efef99f51ac722429c6bbbfddca4cb,741693e590d18c2a9a1f554f4cb8cbc8e34f15a31ef630f2d2e4a96f0a719744,13ae9352a37821df4d8ce3fa061b5289428e1f819fb6cb7bd2c52a300e195f52,3.1481731260000743,0,784,454,False,0.0478747300803661,0.0053592257495034,0.00055662879408
dae_clahe_L3,00000032_037.png,32,mixed_low_risk,0.7122337818145752,1024,1024,e7bedf3fb69de4974f9f3c472068c8541bc1a6bab7697ee907401d98e126eb65,81b2acaa17a9b3fa5ef10a41415ad166b785571fbc713e8775b693524d27de4c,0a28f2319ec0d35bf2ff908607d5e4b26f3c7b5ce9d04e851841ef0d3a8ee890,3.930806538999605,0,674,363,False,0.0594918727874755,0.0,0.0
dae_clahe_L3,00000211_016.png,211,mixed_low_risk,0.7475742697715759,1024,1024,e7bedf3fb69de4974f9f3c472068c8541bc1a6bab7697ee907401d98e126eb65,0a77d622fff64a3ac9c31d0271c5ad299b0d6f99bf6c6a9b1ea9c31648c6e664,2e471ef5e4dafa994aea60e8d658cd59a037374a5f511ecbec11365ba8c3c403,3.347448215999975,0,866,601,False,0.0893014371395111,0.0013548230422167,0.0
dae_clahe_L3,00000468_041.png,468,pure,0.9721369743347168,1024,1024,e7bedf3fb69de4974f9f3c472068c8541bc1a6bab7697ee907401d98e126eb65,64172db2bf89468c39d2bf423b70689ba87ae2e1a35f0ae89b426b938e8864d5,4cb4a8a9234021b16b8afd9175b09825b169d95dde30ee4ea6259faf288453a8,3.1358042510000814,0,354,413,False,0.0138669554144144,0.0009602048436999,0.0
dae_clahe_L3,00001039_005.png,1039,mixed_low_risk,0.6466667652130127,1024,1024,e7bedf3fb69de4974f9f3c472068c8541bc1a6bab7697ee907401d98e126eb65,b4fdd4dc87348e9fe2a71fd298bee78833b7453fdb45e320c40019098979a591,f8c0d9146a1b1b1a9b6a8e4dfe23661e7ad251902618eeab5fa1765b7ab998e4,3.2611771100000624,1,724,340,False,0.1407659947872162,0.013778670684748,0.0020117662969975
dae_clahe_L3,00001900_026.png,1900,mixed_high_risk,0.5288135409355164,1024,1024,e7bedf3fb69de4974f9f3c472068c8541bc1a6bab7697ee907401d98e126eb65,5d378838c2a6a1d6ff6e573db6bdfc8adf4174d86ff8a0e2e5c66b322427f927,bed755d3acdbff3d2c098d41949430a54a53aeeb451ca46a1c88a91d8b3e4167,3.442222599999696,0,340,651,False,0.0994357615709304,0.0029848176104239,0.0002619096120827
dae_clahe_L3,00002224_007.png,2224,pure,0.6378805637359619,1024,1024,e7bedf3fb69de4974f9f3c472068c8541bc1a6bab7697ee907401d98e126eb65,7a891a3c20772a60f5c891c4fa971183cad337f42e1926c56769ec1a8264d91a,c1d2281ff720b972106abe9b9e14674df8e9393cc954aeb476a34868c87472f0,3.323880943000404,0,692,285,False,0.0611729025840759,0.0004549176599035,0.0
dae_clahe_L3,00003149_007.png,3149,mixed_high_risk,0.8547157645225525,1024,1024,e7bedf3fb69de4974f9f3c472068c8541bc1a6bab7697ee907401d98e126eb65,7274d418520c85c76f806c573ad9039b0732bf12ce9b4fd43ef01f282576ab9d,cfb956522adf02d1cfa64557d9bb15d3f984fe7bac0b6645573400d3d97a9b9c,3.24552897600006,0,669,267,False,0.1252621710300445,0.0008173556466807,5.550467626897566e-05
dae_clahe_L3,00003333_002.png,3333,mixed_low_risk,0.6394748687744141,1024,1024,e7bedf3fb69de4974f9f3c472068c8541bc1a6bab7697ee907401d98e126eb65,e909d1131cd7e76b1def42bc52b26fd929bb3f85cf0186e1ae7e933d4012958a,4a0848ee45a622adb150a2cdcdc815db78dbcc5f3db73ef131cc247562890253,3.261037641999792,1,706,505,False,0.18817138671875,0.00247311457328,0.000319403320068
dae_clahe_L3,00003973_008.png,3973,mixed_low_risk,0.5243431329727173,1024,1024,e7bedf3fb69de4974f9f3c472068c8541bc1a6bab7697ee907401d98e126eb65,f8b0c3c6592ea0c00caa755af9969db149ba4eb157bc608a21b2a68909fbecbb,6087816548da47f52ad3d023bf65a03a23a53a795b7d27dab33256bc76d576e0,3.4400937339996744,0,706,527,False,0.0563557110726833,0.0054155341405156,0.0002032749858836
dae_clahe_L3,00005066_030.png,5066,mixed_high_risk,0.8335129618644714,1024,1024,e7bedf3fb69de4974f9f3c472068c8541bc1a6bab7697ee907401d98e126eb65,bebb32cdf92301e375b47858c4c3197a229869f038cf16062bdff79192ebf266,96d38cea998308f7338e8f34c5ab5270e7a33e3c545f97d1da78e784683bd0ba,3.3538283580001007,0,518,290,False,0.0595998801290988,0.0019857409445428,4.945843018942579e-05
dae_clahe_L3,00006096_010.png,6096,mixed_high_risk,0.7744295001029968,1024,1024,e7bedf3fb69de4974f9f3c472068c8541bc1a6bab7697ee907401d98e126eb65,904f0a63cb15fff46e4f65fb5f671b2d3012e6d6c94dcb17af26d7031cb8060a,35711272a5526da6e292ade7080cbcf842606fba62ecdd8e98812eb4fedd1ea8,3.1678728480001155,0,66,724,False,0.0490383058786392,0.0019131556319862,0.0002764785844296
dae_clahe_L3,00006304_060.png,6304,mixed_high_risk,0.6324709057807922,1024,1024,e7bedf3fb69de4974f9f3c472068c8541bc1a6bab7697ee907401d98e126eb65,7aef47918d1b2af57cb53fcb409c18ffe1b4cb2348f927839e45a3b26aee9a21,cc0bfc6b1134ec5634ae21119f93f10ec68e6defa7ef0f99c6e6bea959a19db2,3.195848764999937,0,162,454,False,0.0471098721027374,0.0002853881278538,6.68002672010688e-05
dae_clahe_L3,00006836_002.png,6836,mixed_high_risk,0.6195933818817139,1024,1024,e7bedf3fb69de4974f9f3c472068c8541bc1a6bab7697ee907401d98e126eb65,c5adf9cd02b348cec0ee8516bebc82007dbd0d36ede96f0b77641434b4dcd102,c57aa5dae55cd7aeef8b2885cd2bdd5754f38e43e17afed839a5f4f7d39ed7ac,3.1828114290001395,1,706,473,False,0.1167124882340431,0.0039375318884624,0.0004714227989045
dae_clahe_L3,00007124_006.png,7124,mixed_high_risk,0.5942993760108948,1024,1024,e7bedf3fb69de4974f9f3c472068c8541bc1a6bab7697ee907401d98e126eb65,b0b30d5a005ec98cad3a273a7718223a9636a5aede25d4efe0f9e8bcfd428f84,b4a857ca6c6138a2d6a2a7ae66cc9c43567501633e56762ca11b1df4cef70aa0,3.4824528959998133,1,747,605,False,0.1870747059583664,0.0199461783223884,0.0032643706102463
dae_clahe_L3,00008814_010.png,8814,mixed_high_risk,0.6134157776832581,1024,1024,e7bedf3fb69de4974f9f3c472068c8541bc1a6bab7697ee907401d98e126eb65,8ff770f390055ef4a1570b61e5d0eb5a8cd0bbd207f2cdd2ffc726b1e9b10791,bbb3c16ab0ba6e8c98fa0a029fe07a919a05e4bc7152ba21d3253738751356c7,3.189103785000043,0,614,555,False,0.0866822823882103,0.0050884089787444,0.0005965958940164
dae_clahe_L3,00009431_004.png,9431,mixed_high_risk,0.4928672313690185,1024,1024,e7bedf3fb69de4974f9f3c472068c8541bc1a6bab7697ee907401d98e126eb65,830bea47a52d05b0c1827a3554dd3294e0597c29b008c9f2ce7314b7ff4f8dec,ca23fd878fc769c7e980d02eb64f59b30ddb961e2f01cfcab2ea04af5ef8c341,3.163954259000093,0,299,728,False,0.1339150667190551,0.0031779402058327,0.0003198582781782
dae_clahe_L3,00010092_018.png,10092,mixed_high_risk,0.903474509716034,1024,1024,e7bedf3fb69de4974f9f3c472068c8541bc1a6bab7697ee907401d98e126eb65,14325dde4dc0bd63134605fe97c3bd723a9a7fa87736bfd1dd9694d3d56c8ba8,3d984fdb46e8a7b094fedd5712f94742ad6451cec6e6aa4ce68b5677a1c4cf31,3.1266559359992243,0,491,267,False,0.0408223643898963,0.0146847212485702,0.0012561761996482
dae_clahe_L3,00010120_010.png,10120,mixed_low_risk,0.3649495542049408,1024,1024,e7bedf3fb69de4974f9f3c472068c8541bc1a6bab7697ee907401d98e126eb65,714353a8b92cbae484e08cc20fd58860b0619be551e668755665e266296f43b7,5a57686637636bd903ddfed8367dcd62066d637768a0e2d80898ee8940cfe5f8,3.4200990959998308,0,669,834,False,0.3639846742153168,0.0036988559940991,0.0001886812991433
dae_clahe_L3,00010230_001.png,10230,pure,0.2991001605987549,1024,1024,e7bedf3fb69de4974f9f3c472068c8541bc1a6bab7697ee907401d98e126eb65,d97931346c9cc5ea958cf69aa23b06b5bc18497eaa4adafc40defd183bba99ad,0eae7f8d8e42d8a81aaf84f07493ba19c0d6da47f28c3b2edd622f2950221278,3.1480079660004776,0,738,504,False,0.0227744281291961,0.0,0.0
dae_clahe_L3,00010277_000.png,10277,mixed_high_risk,0.9493622183799744,1024,1024,e7bedf3fb69de4974f9f3c472068c8541bc1a6bab7697ee907401d98e126eb65,2984b5bc894d34cef6b734e9064b243e929bef24e9e13782a4ce9ab62028e2f1,5333bc492bbce923ae17cf2b041b4c87fc783fea6fa9fac20aba4be1010706a7,3.133181293999769,0,235,742,False,0.0830053389072418,0.0003089129515819,1.639962608852518e-05
dae_clahe_L3,00010805_049.png,10805,pure,0.5392814874649048,1024,1024,e7bedf3fb69de4974f9f3c472068c8541bc1a6bab7697ee907401d98e126eb65,3112a5a6f1f0efc90f09a70e88d94938b12e29760b3004b5b74d29c6196e1609,7d81405764301c196c9fe735b963af16c3115c45237742fbb8e5bb1c37512f64,3.1086326240001654,0,322,450,False,0.1182630211114883,0.0054693498393319,0.0009910039928801
dae_clahe_L3,00010828_039.png,10828,mixed_high_risk,0.8126397728919983,1024,1024,e7bedf3fb69de4974f9f3c472068c8541bc1a6bab7697ee907401d98e126eb65,22d2b5d791a076bb9d12650c35cc84e4d46ad2350a797461fcd2e0654525f59f,8855cb341fe177e580cfc1829d458d38f5b7b829c4332fa8b90a235622095a07,3.383747816000323,0,532,354,False,0.0752255097031593,0.0033681322868246,6.39877143588431e-05
dae_clahe_L3,00011023_004.png,11023,mixed_low_risk,0.7815059423446655,1024,1024,e7bedf3fb69de4974f9f3c472068c8541bc1a6bab7697ee907401d98e126eb65,d11bcbe5561159f939e12810ccf5a82a453fb8cd6ec067b2de8f650a7c856cf7,9de74efe5bea99a1ed69f7a295489e93e28182686709808daa3d02cccb728e10,3.177222120999432,0,614,321,False,0.0504513084888458,0.0007342427638443,0.0
dae_clahe_L3,00011124_000.png,11124,pure,0.7260246276855469,1024,1024,e7bedf3fb69de4974f9f3c472068c8541bc1a6bab7697ee907401d98e126eb65,22e99e6ee790e88d2fc570d7a0171bd4ec752db80bbbe9940b6cc8794d56a8b0,89ffc40abeb9d92051b9962056ae62aa72cfdb00f8558ddec4b343ce9e4c8d3c,3.107235053000295,0,692,550,False,0.0276025645434856,0.0020753870316356,6.637902422834384e-05
dae_clahe_L3,00011237_094.png,11237,mixed_high_risk,0.8723666667938232,1024,1024,e7bedf3fb69de4974f9f3c472068c8541bc1a6bab7697ee907401d98e126eb65,85b3c06d84f7d96f1d7998fd1689e2e0768e65bb2e87c20b77d1d6172067eae8,efacb3c574703299c5723084b1fd0922f977503aeeef9d742bf3311f8a2f7b7c,3.116399584999272,0,331,495,False,0.056019339710474,0.0025159475415032,0.0002874802357337
dae_clahe_L3,00011269_018.png,11269,mixed_high_risk,0.8243017196655273,1024,1024,e7bedf3fb69de4974f9f3c472068c8541bc1a6bab7697ee907401d98e126eb65,55088a3f7fb77274ba708283811c25431a17b79c2eb40aada3ad309e50d63cd7,ea054dcac7a3812b2fa3ef2d4fe7e14012f0d412d2dc50d2936aa67b446c3a1a,3.3472471139994013,0,628,651,False,0.0982700437307357,0.0039862521382947,0.0004792944785276
dae_clahe_L3,00011366_002.png,11366,mixed_low_risk,0.6634992957115173,1024,1024,e7bedf3fb69de4974f9f3c472068c8541bc1a6bab7697ee907401d98e126eb65,fb1667af06880624e8605633cb530a26f3efeb1b5a4fd3f75e3e74b3bf9acb4a,d66ddfb89329fc43099073288beffd217c869a18710090ca369a595fae515112,3.218002004000482,0,509,249,False,0.3171314895153045,1.1846713011007966e-05,0.0
dae_clahe_L3,00011925_072.png,11925,mixed_high_risk,0.9710671305656432,1024,1024,e7bedf3fb69de4974f9f3c472068c8541bc1a6bab7697ee907401d98e126eb65,a32e37be1ea8b5b675f3bc8c3f50904bd2de4be3b5d64e2d6fe87c6ef8c9f42c,8de82d1d514dedca6ffce0a51e0fe81109c36309474b27956fe272d48deee311,3.116691214999264,0,820,573,False,0.0825398564338684,0.0005632012939188,0.0
dae_clahe_L3,00012021_054.png,12021,mixed_low_risk,0.6193090677261353,1024,1024,e7bedf3fb69de4974f9f3c472068c8541bc1a6bab7697ee907401d98e126eb65,458302da8d7685158065e451d17e6b21bb05b09b13c1da69b32a048333d11f9c,d067454bd8be1d591b0ffc4d2a2dda23264ceb604d4f9250013bbe8d1d0c90c1,3.14408185100001,1,761,308,False,0.169791579246521,0.0047645554811257,0.0007105569819329
dae_clahe_L3,00012021_081.png,12021,mixed_low_risk,0.7823246717453003,1024,1024,e7bedf3fb69de4974f9f3c472068c8541bc1a6bab7697ee907401d98e126eb65,a5373b62899be383d1761f77d273593882419f2496fd8e355b54a23aeadcc153,0048f2e08c094592d2a559b9c62b926ba80f10bc4a21be51e9287e86ce1a611c,3.379912747000162,0,285,628,False,0.0660488829016685,0.0005288340468395,0.0
dae_clahe_L3,00012364_045.png,12364,pure,0.8464469909667969,1024,1024,e7bedf3fb69de4974f9f3c472068c8541bc1a6bab7697ee907401d98e126eb65,ff3310c9fc2e622b95287fb77d21159184302ec5d61dec91e5afe770a9d49897,6d27d2d45dbba537c1748fbfdc5d2eb498e3c9edeb777bf20406abd238e7f2be,3.3356907839997803,0,692,267,False,0.092506319284439,0.0007747901080895,1.285793270158024e-05
dae_clahe_L3,00012376_010.png,12376,mixed_high_risk,0.9428285956382751,1024,1024,e7bedf3fb69de4974f9f3c472068c8541bc1a6bab7697ee907401d98e126eb65,bd910b961aed2b3a3886e56a445a2561af0b78183a07ccd12d76ef51b33b187c,1ab35d77be0fc516342b0f82fb9696d91065e44890d5a59c17697dd144b1286a,3.20687970400013,0,747,729,False,0.1098199486732482,0.0096448925909688,0.000961165539686
dae_clahe_L3,00012505_007.png,12505,mixed_high_risk,0.7438691258430481,1024,1024,e7bedf3fb69de4974f9f3c472068c8541bc1a6bab7697ee907401d98e126eb65,43906deead1b5981821c0c4bc88bbbb4a20411f76f952423cf09a724ade1b9b6,8a9fbe614770afbe04d505ee91f6247525be8b8060ce4aca860f16a63f0be027,3.216297695999856,0,797,299,False,0.0625026449561119,0.0100232423009877,0.0010221995066776
dae_clahe_L3,00013106_000.png,13106,mixed_low_risk,0.2013584673404693,1024,1024,e7bedf3fb69de4974f9f3c472068c8541bc1a6bab7697ee907401d98e126eb65,63144a55c42f515142e3a005554c8f4c39f90788f8641cd3a5d3bc42446d5bd2,5bd40d368f6b2e7c87d5986cf0daf46460d767a7852e665d8dae398df56621d1,3.205373630999929,0,372,765,False,0.098651573061943,0.0,0.0
dae_clahe_L3,00013310_057.png,13310,mixed_low_risk,0.8648045063018799,1024,1024,e7bedf3fb69de4974f9f3c472068c8541bc1a6bab7697ee907401d98e126eb65,8693471aadcd3f09a21130cdced28a083cd2db79a481afc3d08cd39896ec823f,ea1e6a0edc531908663a1f99d6d2766feadf021e8398d86019d3c1c8f7a3a654,3.446194848000232,1,683,340,False,0.4739964306354522,0.0003473102874678,7.311828939761954e-05
dae_clahe_L3,00013391_005.png,13391,mixed_low_risk,0.7642813920974731,1024,1024,e7bedf3fb69de4974f9f3c472068c8541bc1a6bab7697ee907401d98e126eb65,1601778d6dfa194e0e8fc5c353397985ff3bb99dbd9b95945f513973cb9cfe71,06f6fa1bde20932f5d5c9a087212e081f119bfca8e94477a2508842bd47f046c,3.1545062590003,1,271,450,False,0.1219547167420387,0.0003278386214385,0.0001639344262295
dae_clahe_L3,00013471_029.png,13471,mixed_high_risk,0.7569406032562256,1024,1024,e7bedf3fb69de4974f9f3c472068c8541bc1a6bab7697ee907401d98e126eb65,a27ee4c323c5b3552c20fbfa4ade3e12e8f59009f48ab53b4b0c68c4e056a055,0b106b617c4045c204bf0eefd17a0d6ac443755fce42fe5b130bbbca94b30a5b,3.2073581799995736,1,765,317,False,0.1399933397769928,0.0030617411886621,0.0004614510861848
dae_clahe_L3,00013670_151.png,13670,mixed_low_risk,0.8737843632698059,1024,1024,e7bedf3fb69de4974f9f3c472068c8541bc1a6bab7697ee907401d98e126eb65,db8a70411fbec446c687d1b33e1e7602b3459ed834a71e989b74fc7e37d669ea,d65f54251e5779d5a468d46a3bda2176dc9d1eb8ad73ae444a14a0ed849d35a8,3.147794497000177,1,285,454,False,0.400150716304779,0.0069987787161596,0.0010238824399576
dae_clahe_L3,00013922_021.png,13922,pure,0.875027060508728,1024,1024,e7bedf3fb69de4974f9f3c472068c8541bc1a6bab7697ee907401d98e126eb65,15fa1d1e0a5da10856ff6f814dccf34908cc5d5026ec908904afda748a8c7717,9eb33db771b791907dead3b496c3dbb920e978561afd09b3742cfa505a4a041d,3.466165471999375,0,285,514,False,0.105256974697113,0.0057233027339102,0.0004208378499011
dae_clahe_L3,00013922_022.png,13922,pure,0.8144892454147339,1024,1024,e7bedf3fb69de4974f9f3c472068c8541bc1a6bab7697ee907401d98e126eb65,a8bb6efa147de4c8f5bf29d6429350b34397d87a5ff00a2f30577d208aa57cc9,237a16a5077ff44bad40fe6cf58df3f28142c035649a580bfd7a6f8c859ca4f5,3.2460566879999533,1,747,390,False,0.1178022027015686,0.0082583102493074,0.0018124150430448
dae_clahe_L3,00013993_083.png,13993,mixed_high_risk,0.7314988374710083,1024,1024,e7bedf3fb69de4974f9f3c472068c8541bc1a6bab7697ee907401d98e126eb65,eadf23c682e6537e8fb4a20790b13a27b2684742cb0027e8be34d13f2e60acae,acfea095b684f4efeadaf0791b45e37e02c2067c3d80514ee4c655c2a2089875,3.137032700999953,1,765,523,False,0.1603546142578125,0.0041205500455177,0.0004933636571483
dae_clahe_L3,00014203_018.png,14203,mixed_high_risk,0.5267517566680908,1024,1024,e7bedf3fb69de4974f9f3c472068c8541bc1a6bab7697ee907401d98e126eb65,1ad94f55b0283606702bcc3d0e062f176c32922a3b8ea08406f1bc5feaf5f2c7,fc12cadf7736325ff96582dab0e0d3f64eba3e672fc68e92b4a93d265015b2a0,3.2096644240000387,0,541,472,False,0.0640689581632614,0.0066508193404814,7.997227627755712e-05
dae_clahe_L3,00014251_029.png,14251,pure,0.6745843291282654,1024,1024,e7bedf3fb69de4974f9f3c472068c8541bc1a6bab7697ee907401d98e126eb65,a8a0bde8948dc35ab9c47ccd5eeaa4847d9bce7e7fb81e733dbbf00740358944,28a02efba0f9fb90f9fb87e4663a6d4a40ac7fbb05f67c8fc2c9dcde93014ae9,3.4713396170000124,0,820,779,False,0.4965445697307586,0.0016237364246962,0.0001472302608871
dae_clahe_L3,00014617_003.png,14617,pure,0.4113320112228393,1024,1024,e7bedf3fb69de4974f9f3c472068c8541bc1a6bab7697ee907401d98e126eb65,07332ec8cf493cc56c5c0fb05bb3dd75b3f856db99e50687fa46706984a9cc47,f1b7014218e28a0682ea35279040e742376807c337362478c7550269b1653def,3.2038513339994097,1,468,578,False,0.0955669581890106,0.0154326602389181,0.0017266896891958
dae_clahe_L3,00014738_000.png,14738,mixed_high_risk,0.5840712785720825,1024,1024,e7bedf3fb69de4974f9f3c472068c8541bc1a6bab7697ee907401d98e126eb65,6de782821d0924c8cb8996f33f6a069034fa66ca8e5c28cde23ddc42c36ba044,3a9282c60301e0b93b17afcc11834976d6acfbf9c91bdedfa61da2c3ab68d134,3.118970993000403,1,363,413,False,0.1592920869588852,0.0174099978805219,0.0019632824411537
dae_clahe_L3,00015069_001.png,15069,mixed_low_risk,0.6587612628936768,1024,1024,e7bedf3fb69de4974f9f3c472068c8541bc1a6bab7697ee907401d98e126eb65,0c579f9b3221091b60a90f970912ec34c1d7bf07512e37124222c656725c25e3,b756b337f314dae2ffcfdf1154a84b7a1c0046bbaaec1a10383fb788e921ed90,3.167571351999868,1,459,614,False,0.4228971302509308,0.0034797667085981,0.0004067637439736
dae_clahe_L3,00015732_020.png,15732,mixed_low_risk,0.8553210496902466,1024,1024,e7bedf3fb69de4974f9f3c472068c8541bc1a6bab7697ee907401d98e126eb65,3644c9de1936addcc6dcbf8db45ea2ccf310277eaeb8bee26273eda2cb6ed592,fcc9d36d64295b0bbe42d22055b7a98557aa6ed1ea3bd3dc314f666b08f79dd8,3.3814372199994978,0,285,418,False,0.076263390481472,0.0143462751382929,0.0023603670503368
dae_clahe_L3,00015831_011.png,15831,mixed_high_risk,0.3687658011913299,1024,1024,e7bedf3fb69de4974f9f3c472068c8541bc1a6bab7697ee907401d98e126eb65,003792eb37a217ad0fa8a2744c1420048f2cb2c0bf92ee7412fccc7efe9d65f8,3245ef36a60891b18e9e2b2baf733565c5e9007bc092a57e92f9c3cae93f38e3,3.250154837000082,0,331,770,False,0.1099204272031784,0.0057724544422213,0.000428241859951
dae_clahe_L3,00016094_007.png,16094,mixed_low_risk,0.4310691952705383,1024,1024,e7bedf3fb69de4974f9f3c472068c8541bc1a6bab7697ee907401d98e126eb65,d4b32043c540872f21673a84bf6c3dfb86e9d96e9a078ab858d1926f74c36d70,d1775b2773833122bd819d0b7b7ad142ec0a63d861a95babcdc9d4b2e1ab435e,3.12414214599994,0,573,770,False,0.016992088407278,0.0,0.0
dae_clahe_L3,00016191_004.png,16191,mixed_high_risk,0.36970916390419,1024,1024,e7bedf3fb69de4974f9f3c472068c8541bc1a6bab7697ee907401d98e126eb65,f86b61b97194d1723d570165a7525b8457d603fb88854028a4bbfdc2062c1fb9,a58dd145571cb592e44ac77cf4865728653a0106750255dddc879c2c07b008e0,3.1811911739996503,0,157,546,False,0.0376624390482902,0.0007398071021481,0.0
dae_clahe_L3,00016417_008.png,16417,mixed_high_risk,0.4940734207630157,1024,1024,e7bedf3fb69de4974f9f3c472068c8541bc1a6bab7697ee907401d98e126eb65,3ef5cc98ec55e13309de94a0fff3c4bbbbdde495635aea1e7742906cea6b0e21,2c3b2a6c4660f209c50e34110ef6957c60a9272a71149d20cf640ec7d10cac7c,3.375661077999212,0,587,765,False,0.0551545768976211,0.002134337727558,0.0001094139787299
dae_clahe_L3,00016705_006.png,16705,mixed_low_risk,0.9360310435295104,1024,1024,e7bedf3fb69de4974f9f3c472068c8541bc1a6bab7697ee907401d98e126eb65,81ae1a384ebf253c57a46b1b1fa9365022c53dab9f7b1583713f1b66e4849429,58bfb65803e53de855b1414b10f0e33dd3cabf47f97bb7bc29a19605bb9e9210,3.328699110999878,0,404,290,False,0.0649287104606628,0.0113775230710884,0.0006512112529304
dae_clahe_L3,00016732_040.png,16732,mixed_high_risk,0.5820837020874023,1024,1024,e7bedf3fb69de4974f9f3c472068c8541bc1a6bab7697ee907401d98e126eb65,d41fb7c7a80932c46fa8dbd8ea0255ee466ffac3626d2a6612723dc3464b6567,34a43572ceb8845eff880e311f7b3e572a4e2a86885006ada1cda18272039f7c,3.1494027600001573,1,308,729,False,0.0572589486837387,0.0128389353992252,0.0013254688846179
dae_clahe_L3,00016786_001.png,16786,mixed_low_risk,0.7377107739448547,1024,1024,e7bedf3fb69de4974f9f3c472068c8541bc1a6bab7697ee907401d98e126eb65,25af3b6675c0f758a75d7ba2d3300109ab58485dbc2dd2e69c03af1669bcc2f0,0b2324c05fa9968be35c503380fdabff819a10538184463911ac9b9fd81aaf6b,3.126116482000725,0,468,875,False,0.1618301123380661,0.0107235085569221,0.0011321059866842
dae_clahe_L3,00016786_009.png,16786,mixed_low_risk,0.6861645579338074,1024,1024,e7bedf3fb69de4974f9f3c472068c8541bc1a6bab7697ee907401d98e126eb65,fbaeff01c494a1209ed6ad84ce9a513e780d3a47064c5be21ba7b654136f2316,de223fb28de5bc0b0841e5360bf7ac65cc900485f823ccb6c41dc455e570f340,3.2800061699999787,1,687,491,False,0.1615272760391235,0.0081317921507913,0.0012566998758441
dae_clahe_L3,00017083_002.png,17083,mixed_high_risk,0.5606282949447632,1024,1024,e7bedf3fb69de4974f9f3c472068c8541bc1a6bab7697ee907401d98e126eb65,a1d86cb3d7871bd85f0cd7ff9b188537d27fb557d1f316f93858d1e02c646d00,f5dada4f02743324428ae34d572befa1b68eff6c2fb00b6ef597663f6f2f7209,3.357953297999302,0,651,413,False,0.0406529046595096,0.0005040101678572,0.0
dae_clahe_L3,00017138_037.png,17138,mixed_high_risk,0.676655650138855,1024,1024,e7bedf3fb69de4974f9f3c472068c8541bc1a6bab7697ee907401d98e126eb65,20053e9a373fc606b59b92e88034108a0d9646ce91049ac243025d0c0bdc44de,27f56e17f0ece4a4a777a6ded5048175a9e16fcab6327cf5663f9f595a208dc6,3.1656421049992787,0,706,509,False,0.0915261954069137,0.0008438404552813,6.120949971435567e-05
dae_clahe_L3,00017544_003.png,17544,mixed_low_risk,0.6744988560676575,1024,1024,e7bedf3fb69de4974f9f3c472068c8541bc1a6bab7697ee907401d98e126eb65,5e8a62646e81e778f736e54f0e0be319f0073bb36454bdbeff15782e0b0aef9d,e09768f1898fcaea7636210efd66cd27e1706a0df3d84287b4cca706b2ba7c27,3.159428771000421,0,340,395,False,0.2070337980985641,0.003957367825082,0.0005175313753396
dae_clahe_L3,00017714_009.png,17714,pure,0.876934289932251,1024,1024,e7bedf3fb69de4974f9f3c472068c8541bc1a6bab7697ee907401d98e126eb65,a070997138877ec5de23e813d244cef93801ee0544f16494b720205a9c22650b,62aa872e426bd830e7a234df0e43ea29209f56d737bc41faac009b9a0244abb7,3.131349625999974,0,509,578,False,0.0573279149830341,0.0031536593322941,7.33783387144115e-05
dae_clahe_L3,00017972_032.png,17972,mixed_low_risk,0.7238649725914001,1024,1024,e7bedf3fb69de4974f9f3c472068c8541bc1a6bab7697ee907401d98e126eb65,413b960c9be4c8c5330def7d824ec8355e71492a07b95990aee8ef47373a8bd7,1e7253702d932378b36f8f80257e39ae7f9b986e4f9f5516bb36810771a9f22b,3.3723839889999,0,747,436,False,0.118976704776287,0.0003918495297805,0.0
dae_clahe_L3,00017981_014.png,17981,pure,0.8452022671699524,1024,1024,e7bedf3fb69de4974f9f3c472068c8541bc1a6bab7697ee907401d98e126eb65,ae7fa73760c8b3d3ffce1e41453b66ebaf0a7698c533938b04c346f3f5902324,3e60b702231d07cd39a4aa0526637026846c36746e651b9df777e1142743c1d0,3.228573012999732,0,779,743,False,0.0272285379469394,0.0,0.0
dae_clahe_L3,00018253_054.png,18253,mixed_high_risk,0.7681077718734741,1024,1024,e7bedf3fb69de4974f9f3c472068c8541bc1a6bab7697ee907401d98e126eb65,883d3af47e5106467a08d5a4283c37e5a59d7cd9d68e7bc91de081e4c4e984d8,7b33c29ecf19604a22cdf9b311a03bb76a1103ed72ac24dd1c0ee52a4807393f,3.140934045999529,1,322,560,False,0.1047250255942344,0.0234919983586376,0.0039199289186222
dae_clahe_L3,00018253_059.png,18253,mixed_high_risk,0.5819447040557861,1024,1024,e7bedf3fb69de4974f9f3c472068c8541bc1a6bab7697ee907401d98e126eb65,f5b41094cde59d48d9398ab0301dea916380f9d36a8f70ef5373f4e11d5676d0,5abaaf49451e300d2f7caa40d799eb593e9e1312cb70c8d2146eb2db0219363e,3.127168003999941,0,669,646,False,0.0804296359419822,0.0046207220446316,0.000502654644843
dae_clahe_L3,00018393_000.png,18393,mixed_low_risk,0.7035406231880188,1024,1024,e7bedf3fb69de4974f9f3c472068c8541bc1a6bab7697ee907401d98e126eb65,ce5bbbd386578b82eda5880e5c12ad7e9b080b486a066fbe027c451a54170712,b91d99ffa2f896c444d448e5489fef54f4e32f817cd17bb8734043551985a671,3.3945007940001237,0,601,674,False,0.0706058070063591,0.0092827695415949,0.0010976639459611
dae_clahe_L3,00018721_010.png,18721,pure,0.3991167247295379,1024,1024,e7bedf3fb69de4974f9f3c472068c8541bc1a6bab7697ee907401d98e126eb65,4de92d8b34f066ff82b402c0d6f26fd6374d619005f2af87d5a4584412506f3d,9e264ad89bc2df2341a7aa948a7b0a0163b7ee1bc16041dcb317259b9952fdeb,3.2471591550001904,0,468,509,False,0.0942659080028534,0.0039113676495718,0.0001347008678584
dae_clahe_L3,00018921_038.png,18921,mixed_low_risk,0.8097793459892273,1024,1024,e7bedf3fb69de4974f9f3c472068c8541bc1a6bab7697ee907401d98e126eb65,4988317ff99c0776f602a50b2f99acfbbf163b9873f40498cdd050ef1702f6d6,134897f21ce438c6e54ab785a3061fb86542ddc9fa8912216bd4c78697d6bbb1,3.1492112400001133,0,290,450,False,0.1042212396860122,0.0022181740248606,0.0002387075073511
dae_clahe_L3,00019018_007.png,19018,mixed_high_risk,0.6670131087303162,1024,1024,e7bedf3fb69de4974f9f3c472068c8541bc1a6bab7697ee907401d98e126eb65,9e0833d33500e5fa99154dff173d818a21d017c4d133453133da382800ccadd3,ef3bccac5deaf3df27f5954987a632ddd6a2770e0a5be23d099882f4327d9606,3.1186598220001542,1,770,541,False,0.4185564219951629,0.0073941287263298,0.0008152097853164
dae_clahe_L3,00019150_002.png,19150,mixed_low_risk,0.7728195190429688,1024,1024,e7bedf3fb69de4974f9f3c472068c8541bc1a6bab7697ee907401d98e126eb65,cf1892e5af4e5528ae4c25c2c4368b69e6576815ca91a7491b3ba0925f2ccf17,a2dc43dfca186dd28b091c1a140bd207751f2ce31e0c7f80d9f0ab704dd0df92,3.354608716999792,0,619,706,False,0.1608540415763855,0.0054870383583053,0.0006977405266648
dae_clahe_L3,00019363_043.png,19363,pure,0.4762459099292755,1024,1024,e7bedf3fb69de4974f9f3c472068c8541bc1a6bab7697ee907401d98e126eb65,f68da90d3fee9b5b7a2f8a302183aae6f325544b48be0d3d7f25fd1c1617065d,dc28e05c0fbcbd1161cb14cc76e31b6b31493d057a6497d612ade03df1bde5ba,3.2741181880001022,0,706,413,False,0.073644034564495,0.0032742292967962,0.0002617207265367
dae_clahe_L3,00019625_002.png,19625,mixed_high_risk,0.7367813587188721,1024,1024,e7bedf3fb69de4974f9f3c472068c8541bc1a6bab7697ee907401d98e126eb65,267f232e72e4ae2d13262f4eeb3f1623c7d4c1b9672315d6304a60b805943bed,34b0554b913088c0567ce5d75308283474337dbe58e6a7fd471b0c67c6e7a8b2,3.12549942700025,1,711,509,False,0.4011721909046173,0.0039185765715047,0.0007228085002279
dae_clahe_L3,00019634_004.png,19634,mixed_low_risk,0.5943716168403625,1024,1024,e7bedf3fb69de4974f9f3c472068c8541bc1a6bab7697ee907401d98e126eb65,c61cfaeecfb95eae657380d7b2b9b3bd6fef1e57c62a71ea9ce26c76be9d217b,562d05e4023d5e1c483835deda6fc4acbe583df13704842ab15d6612ef0c8c08,3.1290175009999075,0,29,834,False,0.0673732757568359,0.0075730017527034,0.0007375537799631
dae_clahe_L3,00019646_006.png,19646,mixed_high_risk,0.6200599670410156,1024,1024,e7bedf3fb69de4974f9f3c472068c8541bc1a6bab7697ee907401d98e126eb65,293da019fc4e91d897e3e7facc034745ba31d845be9588110ea6a07cecdbed47,02656057c4b8afe70d8c6b220fefe3103679cfb9f88f8955ad32f2cbddcbb5e5,3.465662154999336,0,491,322,False,0.0708657056093216,0.0016383830022075,1.7817371937639198e-05
dae_clahe_L3,00019706_012.png,19706,mixed_high_risk,0.6403172612190247,1024,1024,e7bedf3fb69de4974f9f3c472068c8541bc1a6bab7697ee907401d98e126eb65,e45c35aa00d2125313a644e6bccaa7e80f0966986da4c299fd7099492346a9b8,23927aa24b4e6e115de40def3269e6ec8f286536827cb6baa9cd90b9bf69d569,3.24921865899978,0,473,747,False,0.0334069170057773,0.0001084559488087,0.0
dae_clahe_L3,00019750_012.png,19750,mixed_high_risk,0.7000128626823425,1024,1024,e7bedf3fb69de4974f9f3c472068c8541bc1a6bab7697ee907401d98e126eb65,c878e3f94955bba47dceeb11d8f705d76c15eb67b694fafc49c438b8269eddfd,0948a340702bb2301d4ce8f4df8be94f05b1a40a8f21b33f06c4542e89fca967,3.1111447379998936,1,642,409,False,0.4065465331077575,0.0063305094765905,0.0006697150987108
dae_clahe_L3,00019750_029.png,19750,mixed_high_risk,0.7508598566055298,1024,1024,e7bedf3fb69de4974f9f3c472068c8541bc1a6bab7697ee907401d98e126eb65,f95e61399e4f93e4917c84d7a790bed5fce82047b0347780cbdf10763fd7e7dc,6fda57a116515cea927c313263ca06c51f67b0f5297a1cdd1425c99b15e13aae,3.148005775000456,0,802,724,False,0.0664585530757904,0.00610569730298,0.0007000275768439
dae_clahe_L3,00019769_014.png,19769,mixed_low_risk,0.4710637927055359,1024,1024,e7bedf3fb69de4974f9f3c472068c8541bc1a6bab7697ee907401d98e126eb65,1acc7a15a3cc179ff4b00c9e9a612c538775899100b989e2c8ab42715a272644,17a7de711fca24a6b56cdb243ef8257aea0737ef42e4413f6f850064603e75cb,3.2175934499991854,0,473,582,False,0.0525075457990169,0.0,0.0
dae_clahe_L3,00020113_030.png,20113,mixed_high_risk,0.5810797214508057,1024,1024,e7bedf3fb69de4974f9f3c472068c8541bc1a6bab7697ee907401d98e126eb65,7893c140d070a7eab80ce93e999323e7d7936f767db3a85b48a0b379203afb87,d39d52863be0d66872ea86b203f9243759f453fe780e744d1292e57a691ab763,3.478782983999736,0,806,326,False,0.0318612940609455,0.0105303153666612,0.0004568556907086
dae_clahe_L3,00020184_013.png,20184,mixed_high_risk,0.4663751721382141,1024,1024,e7bedf3fb69de4974f9f3c472068c8541bc1a6bab7697ee907401d98e126eb65,f3a0a1fb2718815e9d643a5960ce97c470ccad1e9573243b3ff4155c5a29b214,19d1fc398ef52d723ec3c40e2b8a6b4a879ab5c653785d02a093b3e070f2b703,3.1275902709994625,0,779,706,False,0.084832102060318,0.0020265135523093,0.0
dae_clahe_L3,00020259_002.png,20259,mixed_low_risk,0.8018523454666138,1024,1024,e7bedf3fb69de4974f9f3c472068c8541bc1a6bab7697ee907401d98e126eb65,e3bc09e8aa04e94627ec6b16225355bb2d629df84fe8459d5a751ba6ea3a8c85,5071613a28218345d52d524791f3f62abb3923c284a1e5ea616e737d7be85c56,3.237160608000522,0,706,436,False,0.0881145447492599,0.0060755464109631,0.0002991623454327
dae_clahe_L3,00020405_041.png,20405,mixed_high_risk,0.5326138138771057,1024,1024,e7bedf3fb69de4974f9f3c472068c8541bc1a6bab7697ee907401d98e126eb65,dc7407b1d2821241ec70292962b75f279b5f38e1a171ac68d5a528f58236d59b,f622f4f64e14933cdaac92c76a0a77e5a431161707ae0978da7a72ff4e17af83,3.148730296999929,1,784,784,False,0.1972066909074783,0.0079510099264161,0.0011711577589201
dae_clahe_L3,00020482_011.png,20482,mixed_low_risk,0.5339978337287903,1024,1024,e7bedf3fb69de4974f9f3c472068c8541bc1a6bab7697ee907401d98e126eb65,8e57d579aa40b5be4ae81611ed53b41ed901156cfda6ddbe81390d4e382ef677,3765e91fcb71b22a651104b77832b9fd1a303298b4c62e2388840e9d4e779cd5,3.301332201999685,0,674,390,False,0.077440395951271,0.0038348549615634,0.0001449932034435
dae_clahe_L3,00020482_032.png,20482,mixed_high_risk,0.8730723261833191,1024,1024,e7bedf3fb69de4974f9f3c472068c8541bc1a6bab7697ee907401d98e126eb65,618084f6e7d7009d9e1d18bee34dbbe4b8b68647de55153fa178fc3165f80ab6,ebb4234480b82d79667a334dea8c1ddaa44da62cb0c56eb1c9d671e1ebcb7706,3.365177293999295,0,701,436,False,0.0975205823779106,0.0135061083712084,0.0026184517989426
dae_clahe_L3,00021009_001.png,21009,mixed_high_risk,0.5328216552734375,1024,1024,e7bedf3fb69de4974f9f3c472068c8541bc1a6bab7697ee907401d98e126eb65,ab1de77e99a18a8c7416f0b2caf4463d43a0d461deababf435b3c690a8280819,78b2cd1d3d4d7a534d20dc6eadb0ef2729b5c7856b8061010f3265655a5f54dd,3.1533996019998085,0,285,637,False,0.3993503153324127,0.0090012761518762,0.0012208755421745
dae_clahe_L3,00021201_010.png,21201,mixed_high_risk,0.4713066518306732,1024,1024,e7bedf3fb69de4974f9f3c472068c8541bc1a6bab7697ee907401d98e126eb65,2dd135e36cc16dba4c5dd17d7e772cfbc16bf76bf6b106462a7ead40b9e51748,0bd03f2871db6e1b6e03d2f9648d00c3e54f2716e0ac76636ad711c4ef105d48,3.113217635000183,1,811,454,False,0.13283771276474,0.016176683263434,0.0030223376291676
dae_clahe_L3,00021703_001.png,21703,mixed_high_risk,0.6656368374824524,1024,1024,e7bedf3fb69de4974f9f3c472068c8541bc1a6bab7697ee907401d98e126eb65,5cac5f44110958d11b528a9b89c789e1b3566f9ce3ef0162018c2a7e1509c30d,ad9a1db4676bf36d45784005cb02e883939348dca24ce8347998205ea1529332,3.4364168690008228,0,692,454,False,0.0074553522281348,0.0,0.0
dae_clahe_L3,00021710_003.png,21710,pure,0.6908251643180847,1024,1024,e7bedf3fb69de4974f9f3c472068c8541bc1a6bab7697ee907401d98e126eb65,f078924d22f9d86c41242f0d6162c7ea46491e8165d2e6c72324ffc4b7bc002e,b480b369e4e5f49d44df7b47a7315bf2c94630944607e2f95a931faa2bb28f14,3.180812632999732,0,605,386,False,0.0759683698415756,0.0024006195147134,0.0001834525775087
dae_clahe_L3,00021840_016.png,21840,mixed_high_risk,0.8837196230888367,1024,1024,e7bedf3fb69de4974f9f3c472068c8541bc1a6bab7697ee907401d98e126eb65,1eee384d82bb9cd5d118594deb7be7d37176755821748c3c4c433850b66d0616,17d5b562af54d54eb38fb37ccaf28f42de6421b23aef40fa9f646e209dca6f5c,3.119357509999645,0,701,578,False,0.0541173890233039,0.0030339919468114,0.0002920788223381
dae_clahe_L3,00021926_007.png,21926,pure,0.4271882176399231,1024,1024,e7bedf3fb69de4974f9f3c472068c8541bc1a6bab7697ee907401d98e126eb65,2a7c5f9201e12520e5bf1c45a1160a35d285dda0f1b208e53e577965b46d5777,8c267a8f549acbcb8c0dccd85f23195fba1ed8b8859975625aaf4a89b82ca615,3.147915187999388,0,514,806,False,0.0255575980991125,3.276647334447393e-05,0.0
dae_clahe_L3,00022369_013.png,22369,mixed_high_risk,0.4680856466293335,1024,1024,e7bedf3fb69de4974f9f3c472068c8541bc1a6bab7697ee907401d98e126eb65,6b9ca75578a54d540129395b1ef8aa833149b907ab15e4aa6b85cd7b8f47129e,13257ef7ce2b5a6824998d3e541ab4637676e8ce456c26c0559b4d72e4e6322c,3.4142633299998124,0,536,253,False,0.1471509933471679,0.0041084634346754,0.0002256012272706
dae_clahe_L3,00022416_048.png,22416,mixed_high_risk,0.7166889309883118,1024,1024,e7bedf3fb69de4974f9f3c472068c8541bc1a6bab7697ee907401d98e126eb65,bb261f0e7ef326ad98d8517b5da3f7448bf26a89a38d32c65aab994c0948d584,8677c4d4317f470ac860ba73a252485960f1229261b083b4e9151b5f2c809183,3.1983327660000214,0,706,102,False,0.3972504734992981,0.0039634413629854,0.0005302925020297
dae_clahe_L3,00022470_006.png,22470,mixed_low_risk,0.7921102643013,1024,1024,e7bedf3fb69de4974f9f3c472068c8541bc1a6bab7697ee907401d98e126eb65,c5d4d73b6ede46080f7e6fcc2e0bf41fc23545fdc50c2e34b0df63bf3d85b150,5cb68b52011a255380daa8dec99509494565714532f1ca3656a84814a12409d1,3.1266850969996085,1,674,308,False,0.5619749426841736,0.0018093258808899,0.0001915127571166
dae_clahe_L3,00022727_000.png,22727,mixed_low_risk,0.3148039877414703,1024,1024,e7bedf3fb69de4974f9f3c472068c8541bc1a6bab7697ee907401d98e126eb65,0170eb869460ad2fcf608ac80158b5983376e37c76e74a2137f0bebf7646b75f,2a9fdcb1e2e95cdbcf1b1cc3333e8500ecf05c7de8ae9a8de899ffcd84185a52,3.170256375000463,1,523,381,False,0.3406609296798706,0.0042913724814878,0.0004545028744704
dae_clahe_L3,00022899_014.png,22899,mixed_high_risk,0.9096556901931764,1024,1024,e7bedf3fb69de4974f9f3c472068c8541bc1a6bab7697ee907401d98e126eb65,5bf3f5746596eafa0d77dcb67063104a6a99f6ea250d9252f650e6b2a6c92949,7bb6917bdb5c5a5d65fdd5192083f42ff02b27e6ddf612d9b225def9987087c7,3.422943401000339,0,582,11,False,0.0393755212426185,0.0,0.0
dae_clahe_L3,00023026_008.png,23026,mixed_low_risk,0.5013148784637451,1024,1024,e7bedf3fb69de4974f9f3c472068c8541bc1a6bab7697ee907401d98e126eb65,ced10490d6d1c9752286aab77718ab5293e7143ef53371b83a6deec6cc95c41b,8f8c0d3fad4a2aaeba616a0a86f2560784a4a851d89ea2c359cd45171f6ccecc,3.2720990629995867,0,921,527,False,0.3457426428794861,0.0050120471771672,0.0004796788973028
dae_clahe_L3,00025521_003.png,25521,mixed_high_risk,0.7035186886787415,1024,1024,e7bedf3fb69de4974f9f3c472068c8541bc1a6bab7697ee907401d98e126eb65,24acaf4995533dfd4aa3a9c2b30f519076bedce2167f776984cf41a1a52ab1d6,e77caa4816ff92c36448e26985e1b45f9a4f47c104c9f7b6887d71db48caa99f,3.1343361630006257,0,637,495,False,0.0696584433317184,0.0093084042354572,0.001579288756028
dae_clahe_L3,00025787_027.png,25787,mixed_high_risk,0.8054086565971375,1024,1024,e7bedf3fb69de4974f9f3c472068c8541bc1a6bab7697ee907401d98e126eb65,77b0b7bd0eb96c4c49ed38f48d1eca5604f696cbae463a52db592f36b2ea20da,c208006c7d791575aa5558adf051d4f01c8b0110549349709f795e753189ecd8,3.1563884699999107,0,756,573,False,0.0970354005694389,0.000274531335791,0.0
dae_clahe_L3,00026098_003.png,26098,mixed_high_risk,0.9561686515808104,1024,1024,e7bedf3fb69de4974f9f3c472068c8541bc1a6bab7697ee907401d98e126eb65,548f5c1cd9e3b1376c0f4ab4cc8cf248f2310f406d9a5350aa0ae4824b38f457,e18bb39665d8de628bba563a96149abdb86ee1c9a69da97b65c6ae6426d31aef,3.099833721999857,0,628,267,False,0.0301541835069656,0.0,0.0
dae_clahe_L3,00026194_010.png,26194,mixed_high_risk,0.8895308971405029,1024,1024,e7bedf3fb69de4974f9f3c472068c8541bc1a6bab7697ee907401d98e126eb65,f6c09609b675ed41efd37bad2abaddb832e8bc614486a47230658dd45058086e,a93c5b298fe7d25dcdb2129092d09a8d7d877bc2b46b2200069a70c087b0e0f1,3.4807499379994624,0,633,304,False,0.0186783298850059,0.0,0.0
dae_clahe_L3,00026538_012.png,26538,pure,0.8893449306488037,1024,1024,e7bedf3fb69de4974f9f3c472068c8541bc1a6bab7697ee907401d98e126eb65,5c7858aa93b3ff21ff84f99adcbaaf725702669ccb075c06d4db45914562245b,ccdec3ee05b8a6741b2fcd96115f36993cddac0294e057273b5c589e42ad2fc4,3.154869463000068,0,555,706,False,0.0925178006291389,0.0121334145759927,0.0016120659034399
dae_clahe_L3,00026538_034.png,26538,mixed_high_risk,0.8782495260238647,1024,1024,e7bedf3fb69de4974f9f3c472068c8541bc1a6bab7697ee907401d98e126eb65,e741793ef97ddc81f5be7de05b6d47ced0a1732cc6c45c1c3ca94633673786ed,a9a8380c0c13a1352101282e7d70eca742e9983b0ea8952931fe412479f60ba9,3.1176659740003743,0,710,582,False,0.0667562559247016,0.0135328104747468,0.0019347379845692
dae_clahe_L3,00026865_003.png,26865,pure,0.4007414877414703,1024,1024,e7bedf3fb69de4974f9f3c472068c8541bc1a6bab7697ee907401d98e126eb65,6ad809241e03db080e90da2fdfbd52c13153b0e3ff874077acafa05c8b7707ec,667cd7a7acc741a4fecea2067bfd597309a557942886bb44061f65267c18e81f,3.130811744000312,0,747,413,False,0.0679232254624366,0.0084378497833137,0.0011402850712678
dae_clahe_L3,00026911_000.png,26911,mixed_high_risk,0.549755871295929,1024,1024,e7bedf3fb69de4974f9f3c472068c8541bc1a6bab7697ee907401d98e126eb65,f28a0b30ace02e0d5d87b22e31d42beb86ba39965eb2a6a884c7eb22a4bb19b9,44bff3b13d6448113df99611f5e854279e0a420f62e207563a241d657aa15ea0,3.370267442999648,1,705,372,False,0.1144022271037101,0.0254202721207353,0.0051270313572899
dae_clahe_L3,00027113_002.png,27113,mixed_low_risk,0.5314977765083313,1024,1024,e7bedf3fb69de4974f9f3c472068c8541bc1a6bab7697ee907401d98e126eb65,33c72d961334a8154d9a1d650fcf196d23b5959bcce13d56a753bf25ab924635,22c1c12a367ab5eb221bb72f63e9d4bcb99df6e81a6bd75795d18e8427c1ec36,3.20617036800013,0,619,669,False,0.126373142004013,0.0010700591504919,0.000309045050793
dae_clahe_L3,00027357_014.png,27357,mixed_high_risk,0.6992955207824707,1024,1024,e7bedf3fb69de4974f9f3c472068c8541bc1a6bab7697ee907401d98e126eb65,8a715e738abc373de94bb982537594575040705d82877173961ad453a8c145a6,4f0c112aaa543a68edee82b2626af9e56917d1f4838fd281f539ef3230d872a9,3.230678402999729,0,605,541,False,0.0624604523181915,0.0106781900646405,0.0012915605741909
dae_clahe_L3,00027441_002.png,27441,mixed_high_risk,0.9392547607421876,1024,1024,e7bedf3fb69de4974f9f3c472068c8541bc1a6bab7697ee907401d98e126eb65,589a1569515ca6477995304633b07291a859bc910a743fd6984b5668df7fe00b,d30578516df4b4ccc987aee3b0a7d59c05a69a201e229f4ccf936781ce2e23f6,3.1750680250006558,0,674,619,False,0.0782799422740936,0.0001292729320947,0.0
dae_clahe_L3,00027479_013.png,27479,mixed_high_risk,0.5471414923667908,1024,1024,e7bedf3fb69de4974f9f3c472068c8541bc1a6bab7697ee907401d98e126eb65,8705b2c0f78b1e949d8978e8c79be2f9bf5318599137e12ac64a0225890727a1,f4c7b23d316f5e25aef760fff56d04a62c1a00d5c7ecec551e72a8eaead72c77,3.3590437760003624,1,633,290,False,0.42407888174057,0.0061899452575792,0.001086666864063
dae_clahe_L3,00027927_008.png,27927,mixed_low_risk,0.504416286945343,1024,1024,e7bedf3fb69de4974f9f3c472068c8541bc1a6bab7697ee907401d98e126eb65,85cfe1c1a4a31f8f604cbf6f6bfc85302878d2991780b290e192287100e3822e,156c2c53d4b72344aa8a462b0c38d9e0cb5e2cd689d41b4885ec808fb1f2f58d,3.1973988449999524,0,322,528,False,0.0483666062355041,0.0013921113689095,0.0002730872513768
dae_clahe_L3,00028208_005.png,28208,mixed_low_risk,0.4732783436775207,1024,1024,e7bedf3fb69de4974f9f3c472068c8541bc1a6bab7697ee907401d98e126eb65,486864d14b90b7c3677b73c18968038e541a851a96b4a8a058cdd722d08c0a74,776ddbaabdb61fefd0909799e93ba63936f5dfc4816b48cc66b154045d587429,3.1142130560001533,0,934,737,False,0.3721565008163452,0.002613712095968,0.0002821749066384
dae_clahe_L3,00028285_014.png,28285,mixed_high_risk,0.8232396841049194,1024,1024,e7bedf3fb69de4974f9f3c472068c8541bc1a6bab7697ee907401d98e126eb65,8fc3b383573aad643c1d62c82b1ec562e1b2c2027ca82a6a95649a1afb9a80a6,6cfca51d7ed43b95ca07d1861132bfca85b5b580599e94482e2133fbdf4eab89,3.179744688000028,0,614,546,False,0.1130867823958396,0.002237110667789,0.0001411897590361
dae_clahe_L3,00028383_002.png,28383,mixed_high_risk,0.7680599689483643,1024,1024,e7bedf3fb69de4974f9f3c472068c8541bc1a6bab7697ee907401d98e126eb65,a5ed52f9496b6f183a78d04267cd062aed1431349d080b389c8293ec315750cb,3eeb6c937d2fdad53a527d3417308eb9884e319e83be7c987e3004fd71a3b5a3,3.382977178999681,1,299,308,False,0.1773213744163513,0.0017579671507129,0.0003999680025597
dae_clahe_L3,00028518_012.png,28518,mixed_high_risk,0.796815037727356,1024,1024,e7bedf3fb69de4974f9f3c472068c8541bc1a6bab7697ee907401d98e126eb65,0d6a722c99e3c5f490ceb21d8877e76d5ad02a59f37357901f97dad5034d1bf8,771ead518037a84423ff743f7c9e1f0234b87bf791266aa06256b5c90210a414,3.248845946000074,1,642,450,False,0.2866888046264648,0.0009067276043522,0.0001363276477713
dae_clahe_L3,00028640_003.png,28640,mixed_high_risk,0.904657244682312,1024,1024,e7bedf3fb69de4974f9f3c472068c8541bc1a6bab7697ee907401d98e126eb65,ad7c9017a87518d713240b6f1d6f8a4efb7f04f14f38c0ed9c450fe4775c232f,24df16a66f903f54768fcf1e102ac75df84176f9cdb98a1a6b18023df2d99511,3.16859828700035,1,738,582,False,0.0431241728365421,0.0050159447249534,0.001121533442088
dae_clahe_L3,00028640_008.png,28640,mixed_high_risk,0.8190239667892456,1024,1024,e7bedf3fb69de4974f9f3c472068c8541bc1a6bab7697ee907401d98e126eb65,3c9e4b74bd6f08348eaf1968ef5e46299149a1199030d824a47a95f012f58866,0bc6ee4f1bc30c2159d0aab7b4ec1af31867e704b57572ca3f499e9fb9cc8fb5,3.1378851010003928,0,481,692,False,0.0605578906834125,0.0018647696664134,0.0001648028251912
dae_clahe_L3,00029039_020.png,29039,mixed_low_risk,0.5725974440574646,1024,1024,e7bedf3fb69de4974f9f3c472068c8541bc1a6bab7697ee907401d98e126eb65,be8d823601b3ec46df434f0db3d1cc4b953737d6ff368c64e0bfcba9238b0c82,cf4fbf34457e846db108489953d3704ed7a1002b128655dad2c1204e0637321d,3.402107758999591,0,376,843,False,0.4379715323448181,0.0012589971418086,4.02003585871986e-05
dae_clahe_L3,00029404_004.png,29404,mixed_high_risk,0.8162533640861511,1024,1024,e7bedf3fb69de4974f9f3c472068c8541bc1a6bab7697ee907401d98e126eb65,09cad102f8b0421de0e7265032e88bd9a953842f64fb7d234c2552d7a92eacb4,77934ed890fc6f7a9049bb3148aeddc0de18e54f120238fe29a1237ba7370e92,3.257425624000461,0,413,413,False,0.096938781440258,0.0055825797394796,0.0008452104739807
dae_clahe_L3,00029431_000.png,29431,mixed_low_risk,0.533696174621582,1024,1024,e7bedf3fb69de4974f9f3c472068c8541bc1a6bab7697ee907401d98e126eb65,9346af4a529e8b0f8eea79fec89f19802a8b1439f473a9b64fa84bbafb39bbe2,3f094dd6fd4b277f431f6a8d419ce5b09220b056dc61d1e6d250d4a7a8dad779,3.159819139999854,0,523,500,False,0.1040004342794418,0.0001015865979571,0.0
dae_clahe_L3,00029532_014.png,29532,mixed_low_risk,0.509593665599823,1024,1024,e7bedf3fb69de4974f9f3c472068c8541bc1a6bab7697ee907401d98e126eb65,2fbbec9b0828c13e57728da1b11e12adf6bc207791be7e9b1118e10eb3ae4dc1,7d28e1062662dc5e62f0088b66b7935abd0d4dd4248be1bb84ac162171acfa03,3.113254852999489,1,491,852,False,0.104602538049221,0.0064827632778471,0.0010783793498913
dae_clahe_L3,00029617_006.png,29617,mixed_high_risk,0.5696831941604614,1024,1024,e7bedf3fb69de4974f9f3c472068c8541bc1a6bab7697ee907401d98e126eb65,4ad06f4a8a12d9860ecf669417a3766c7a15e3f465189d2fa7cb4c78f2d5bd79,4132ad5667b47a0cb5f95813adde0ee1ff763e8e9376ce4459c9e01f9fc801e2,3.193830264999633,0,427,363,False,0.0441521890461444,0.0,0.0
dae_clahe_L3,00029861_013.png,29861,mixed_low_risk,0.7336394190788269,1024,1024,e7bedf3fb69de4974f9f3c472068c8541bc1a6bab7697ee907401d98e126eb65,ef006564fb753923c6bc5690c74a65bd719c4aa6faacdfee0ade4b8ae826b234,2cc03c39e4249828250e0e1c716d32019fa6345df38db681d57ab1db9b1cec2b,3.424312733000079,1,696,399,False,0.4672402143478393,0.0011374376690675,0.0002998403024476
dae_clahe_L3,00030323_028.png,30323,pure,0.856992781162262,1024,1024,e7bedf3fb69de4974f9f3c472068c8541bc1a6bab7697ee907401d98e126eb65,72ef10ce69471a98fc4128ade06f3561525cc7263b97eaa5a14aa088b5eedfc6,213a848bb8e8ac343b9820ad019141284f864dfb99b14696fe89fef46dc99da3,3.115405219999957,0,322,381,False,0.1324196010828018,0.0006817659323149,2.385610000477122e-05
dae_clahe_L3,00030408_013.png,30408,mixed_high_risk,0.9382328987121582,1024,1024,e7bedf3fb69de4974f9f3c472068c8541bc1a6bab7697ee907401d98e126eb65,5033532fcc164a59b9b91b1e7a84cf33b6981b6cff324c478bf40c746db078be,ef97e7364e34be539625a0f3477c60edf422120c3983e69dea3393591be2ce59,3.1205627859999368,0,692,381,False,0.0198815520852804,0.0,0.0
dae_clahe_L3,00030573_002.png,30573,mixed_low_risk,0.7422589659690857,1024,1024,e7bedf3fb69de4974f9f3c472068c8541bc1a6bab7697ee907401d98e126eb65,f97e93611826748c39a713f37c51fbb8fdd2c86464b365231b41b880769132e7,2891594a83e9bf4e39027e289aecfb671ce566b2d21fcd864231d68a8f4a7df8,3.1031147510002484,0,354,295,False,0.0449461415410041,0.0020085698982324,0.0
dae_clahe_L3,00030636_004.png,30636,mixed_high_risk,0.7891918420791626,1024,1024,e7bedf3fb69de4974f9f3c472068c8541bc1a6bab7697ee907401d98e126eb65,ecc9b3a8b596d7929022112f1d5e857b1f78e259a99d4ef4aec1244ac48d79e0,18dc24866cdeeddedbdbebd527aaded9477092a348646d00cdd07aa5b7908981,3.42538577600044,0,792,432,False,0.0578661747276783,0.0017216093859593,0.0
